id,bilissel_performans_skoru
1,5.989821211857979
2,5.962589563698737
3,2.9649312871933438
4,7.135454857181166
5,3.637583104497285
6,5.559309990747591
7,3.325779406736297
8,7.4700071712705
9,3.750170341150659
10,3.7243179413897014
11,8.528690555088204
12,4.2178029285606
13,6.296501535171517
14,6.868190812200887
15,6.053720397040917
16,4.380418342906274
17,7.280487338475536
18,8.157777512939214
19,7.258832178365587
20,4.853141982079346
21,4.294717530756995
22,7.396460925644469
23,2.8311391920122926
24,5.338213190318849
25,7.355551628125415
26,6.667662202073727
27,7.132206292915901
28,8.153119894151777
29,4.056595781215406
30,7.656133260465884
31,6.877180320629812
32,6.648860351105443
33,5.399971551602732
34,5.196173582682751
35,4.355990673282209
36,5.309731914834903
37,4.856725349608682
38,5.94186916517258
39,7.451908650676597
40,8.05366204483985
41,6.518175304649187
42,6.089039457992643
43,6.743990740293135
44,5.49673074349935
45,8.979973252983777
46,1.6997967293868634
47,5.172796460841528
48,6.707375332845655
49,4.780956819112599
50,7.971336517258461
51,7.077748756712833
52,3.0288893418667433
53,7.0107081732583465
54,7.502476345164446
55,4.569024524583294
56,5.946942196504137
57,2.4156899589979424
58,3.518900291071259
59,4.645983200652515
60,4.106132448738174
61,8.752337415530087
62,8.520757862274367
63,7.588486192218461
64,5.586604528947042
65,4.5894495819008885
66,6.157337457586689
67,4.921787840262753
68,5.5053756169260115
69,7.652871464710669
70,3.077026019284636
71,4.4469519247452665
72,8.368966351194512
73,7.76621797359707
74,5.899466315707172
75,2.7588223221685992
76,7.4824678431645175
77,4.545017238352059
78,3.7315780565544503
79,8.871508988268072
80,6.069922445303517
81,4.336184956977461
82,4.932186989230262
83,6.2593803638193295
84,7.354019094793447
85,5.669208417282238
86,7.42429613060947
87,7.372581949303866
88,8.115184036135178
89,3.2118101245581157
90,8.305482207197107
91,4.423381324382143
92,2.669808568485432
93,5.940135718983981
94,7.8020671136935364
95,5.810347101130457
96,7.700683853314556
97,4.649100390927702
98,3.9227261063704133
99,6.124982309466801
100,9.018870519474278
101,5.259988089330297
102,6.0626572080473125
103,5.305742688709428
104,3.8561246042810815
105,6.212672616214229
106,5.70195227965128
107,8.054155689459472
108,8.729013002021182
109,7.967636404163772
110,8.06291119009815
111,3.912937004930696
112,2.8065476081170964
113,6.899748258004889
114,5.642040111096638
115,6.9150175828750235
116,8.392396987080172
117,8.045800605936966
118,7.5809751917276955
119,8.637895843535027
120,3.583496243850119
121,1.3641002651988918
122,6.227189551131134
123,7.240200290850413
124,3.752896555696174
125,3.298484686487564
126,7.99438451001539
127,4.316408836249784
128,7.114719886062662
129,4.607996211762339
130,8.345274871882605
131,5.5988756093181085
132,6.094749677813882
133,4.727012540864181
134,6.765964089201216
135,7.42107920199573
136,7.439131155438195
137,7.520738526388746
138,6.579084568579556
139,4.545173405264454
140,6.56115209337703
141,7.432842572014506
142,4.842732453999786
143,3.6665003448119426
144,4.683603327307964
145,5.92472308891549
146,8.382632518758502
147,6.052183614620128
148,8.082064555249536
149,3.385952579174019
150,6.93811462834601
151,7.9564100808819775
152,2.5375332646313553
153,5.057510551903524
154,7.931298336437469
155,5.902526175619201
156,8.581347729547838
157,4.455789723488593
158,4.900182468183438
159,4.849994500868284
160,4.420718514351586
161,4.236735511576838
162,6.409212102326243
163,4.57121576983586
164,4.023911347408186
165,8.742984109839208
166,5.916900792410936
167,8.195047682118966
168,4.032588814428479
169,7.890069413121054
170,7.698827091997703
171,7.076876635741838
172,7.697645732531926
173,3.2482458471646316
174,4.774568058594124
175,8.275807685341537
176,6.2073043247539665
177,6.341736684979512
178,5.8225702479931005
179,1.5291019890455626
180,6.247811305091167
181,3.068874750535765
182,3.224977039482855
183,3.843066624011222
184,4.158020588930108
185,8.97718332283367
186,6.110455882571281
187,4.620530242179573
188,9.212383080970932
189,5.957525091878868
190,5.838961216985778
191,4.09268008590106
192,2.7991385292101074
193,5.582688938319523
194,4.043404373711775
195,9.048961087495325
196,8.186164550813174
197,6.824191081392952
198,7.353242987396633
199,6.877664421343884
200,2.951463419673175
201,8.898293185880034
202,6.610969446490207
203,5.493474712480902
204,4.329649782875515
205,8.701438449014374
206,6.083058588778224
207,6.396947715294186
208,3.580016572916942
209,6.1840347539280245
210,6.371312802436874
211,4.5040656000630825
212,8.287102337092236
213,3.0837841053831383
214,5.13690707970888
215,6.481650154243264
216,9.308050076102914
217,8.355982821422126
218,4.523003851728435
219,5.555492034772469
220,5.104065933479136
221,0.7043845251670502
222,5.526562039097067
223,2.8130074992678544
224,8.207546320247648
225,5.964445465289391
226,8.050959908494185
227,7.695712292093119
228,5.275760958224719
229,3.545113676983646
230,2.8568242667061217
231,7.350681947063373
232,7.398428051974323
233,3.7426397141332677
234,1.1314788540773986
235,6.80501419325228
236,5.752707920943571
237,7.086538668104266
238,5.766900318718175
239,7.592752505893504
240,3.9568075958725473
241,9.10894093045618
242,6.52019500520726
243,4.612731338609182
244,4.713108958367459
245,4.423041515544355
246,1.793198053186842
247,7.767734116698763
248,5.9619874239304815
249,7.244838386369164
250,8.498227971424036
251,6.333975413976879
252,6.871989201164622
253,7.2940707602300074
254,5.679904457174419
255,2.191415298264867
256,8.880304227572015
257,4.675195473800652
258,4.719328142360385
259,6.537442828033979
260,6.431060946971551
261,2.0246776726428353
262,5.425748965788409
263,6.0168558856494805
264,4.928724166085308
265,4.553677034291134
266,6.217315663192152
267,4.331550621238964
268,9.087329004657969
269,7.335959380108571
270,1.9568802662102236
271,4.909801096581011
272,9.497934824919142
273,3.6580247259187426
274,5.478959751441127
275,9.19628989560903
276,6.003771533635302
277,9.328556551693552
278,5.393529010501573
279,4.15954409915462
280,2.380036592026529
281,5.2851767898214455
282,8.905118437090326
283,6.244348712873473
284,6.17507693152514
285,7.688605113203607
286,3.4072027154282063
287,3.1738049374372315
288,8.261913365344759
289,3.5741637834729785
290,4.418211826786909
291,3.1875572683943645
292,3.9106333746771087
293,5.52837209470322
294,9.012668578825846
295,7.2152483666301865
296,4.83242300998789
297,6.148267182392235
298,7.640398379286198
299,4.696953909246653
300,4.5159113020153425
301,8.847918875960007
302,3.2270145874592266
303,7.490160552234082
304,3.614444870040472
305,8.88053537341375
306,8.138723148452609
307,7.142099197599947
308,4.955690442120732
309,5.129972847445905
310,4.397149300634474
311,5.67397213854917
312,5.335255312554111
313,9.6483001735889
314,6.964782271445267
315,5.382337013748494
316,5.869768202404608
317,2.2926528123171743
318,5.469968894886602
319,5.233307343942937
320,4.306494170945567
321,5.620844160697956
322,5.429263336395746
323,3.635367188664777
324,4.86501212087956
325,7.754635660338072
326,7.635495449367276
327,6.6342491256903795
328,7.045308382714593
329,3.702777848276035
330,9.021105135777571
331,9.090756670307925
332,6.81033191876644
333,4.653537774995529
334,8.880917412298903
335,6.656762693695138
336,5.818407865886783
337,5.476268076870168
338,7.750587332289819
339,5.121197328020742
340,6.895417675235076
341,3.7764459907525882
342,2.528667205284874
343,7.092829054693517
344,4.499817130145655
345,5.84583447428858
346,6.049224652852001
347,5.807065133716552
348,5.922080584602375
349,4.476065496768106
350,4.164812286902628
351,6.490347856522875
352,4.597018064884444
353,7.354406266127403
354,6.194017387838574
355,3.5093982597301414
356,5.550577033412797
357,6.26986350397898
358,5.691863060173199
359,3.505068344733444
360,8.34425237671666
361,6.904598315906126
362,5.196325576371528
363,1.8249691633405172
364,3.1479230516451984
365,6.609755302083819
366,5.458872515637289
367,3.74649718999223
368,6.91566866208573
369,6.452108814082768
370,3.8392093383554067
371,8.515768540331287
372,6.535347716295799
373,6.884681255629069
374,4.0142583910786005
375,7.031403051021699
376,7.632409149456303
377,5.975922942192989
378,8.337584066556145
379,6.597468481389213
380,8.76610650138038
381,8.903022124843503
382,3.289600075767985
383,3.894788297062481
384,6.774459037923522
385,7.854490874707701
386,6.557323760055976
387,9.259664705639523
388,7.721949832775442
389,9.745933002575311
390,6.264691288548133
391,5.2284997582549195
392,3.637650793822653
393,4.287633045150541
394,8.787218156376511
395,5.138871229556979
396,5.561775909320682
397,6.064807777848819
398,0.31013003048784077
399,8.73176599779643
400,6.683420688479877
401,7.665600093283911
402,3.4204276670240663
403,4.193674429876019
404,7.068768380826327
405,7.873500350414716
406,3.994003138694847
407,5.714539193000458
408,5.644236946821765
409,6.197205809993088
410,5.200490149284494
411,4.679568221016072
412,6.879183509434933
413,5.640381659670389
414,6.5280162806447315
415,5.250832642788576
416,5.174845743166389
417,5.217855554918749
418,6.123761222366819
419,5.979275301747524
420,3.0352048902467708
421,4.152531184511645
422,6.446239327595137
423,4.508843909205786
424,2.918703038741693
425,6.311738717637926
426,4.9520799994400475
427,3.4576695491735316
428,4.1625922960567685
429,6.300113231322446
430,6.105819664938462
431,7.916492199256986
432,6.4849421124464595
433,7.9655374883270795
434,4.28562178624472
435,4.914204919639579
436,4.115895826204149
437,6.358236147191221
438,7.2947043880643
439,3.7429231669896126
440,7.793954144338364
441,7.7396143208324135
442,2.5213999139104377
443,6.25252542944869
444,5.135333622911361
445,1.9264057830785517
446,3.6563552707617055
447,8.1851129141221
448,2.1257909334475085
449,8.896887897799044
450,5.952140277634829
451,7.741133384192214
452,7.13407958237722
453,8.588638912516313
454,5.439124376396753
455,4.5926255253464685
456,7.610284544132399
457,5.25214436760398
458,4.778538970183121
459,6.375178933670455
460,6.579409053699752
461,4.173063810919837
462,7.373866002351228
463,9.045058948235647
464,4.946428456420092
465,5.5877257301542125
466,8.307107386949575
467,6.7561786340640015
468,5.220118517586722
469,5.142737756805516
470,6.3023485179578564
471,5.926790355354495
472,6.916907949448589
473,8.83799804248317
474,4.307491309112638
475,4.34464742171396
476,4.850156478966818
477,7.4772766909998385
478,6.607488059422482
479,8.123202606141026
480,4.324025681062943
481,6.437529294201507
482,8.401809917986355
483,4.533728391561736
484,5.93261363463347
485,7.903422473976542
486,7.240410257627228
487,2.2639094929139794
488,6.578445455735095
489,6.8553528209008405
490,5.5295904382484204
491,10.0
492,2.739685026784552
493,6.461511132962931
494,1.054124184201123
495,6.334289103553258
496,7.084242455720926
497,7.081536396810747
498,7.602704796234928
499,3.829779948637765
500,6.510737032255745
501,5.006326282029892
502,4.618653127919949
503,8.477648919523215
504,5.0612615098132725
505,3.6056585715272202
506,5.015479017075592
507,7.484738397083003
508,6.454027633674797
509,8.487240506002486
510,2.5018154900427794
511,8.48464737595706
512,6.533750891801683
513,4.172719262803179
514,7.001820480448272
515,5.026522958780427
516,9.051338453970835
517,4.876413004439023
518,6.394078530918149
519,4.157250015424756
520,3.5368652721860125
521,7.9305689261094905
522,5.728481841144859
523,1.4886666787618439
524,9.23414967439283
525,7.468141354337246
526,4.759795494639162
527,4.580814501314242
528,3.54799597286524
529,7.72782470756642
530,7.426189777646584
531,6.315135326794768
532,1.9380662346053514
533,9.15208776987015
534,8.707581075267601
535,6.879286552330181
536,6.10762018651324
537,6.962371786240796
538,8.912072016387373
539,2.7360471544504392
540,4.544183724103697
541,5.61175221084812
542,7.191276808906513
543,8.600202102636729
544,7.038142931698545
545,9.697497820607653
546,4.8062359665979075
547,4.503785245082696
548,7.447052144331942
549,5.959938128826841
550,7.082381513161932
551,4.6447874434070116
552,7.209654555960857
553,9.012740372349919
554,6.723223274582425
555,6.576508800341353
556,8.255780967561831
557,5.6199221768529455
558,5.760579948942382
559,4.412385698560448
560,2.8394923336476623
561,9.035726565720793
562,8.016890973746916
563,6.21499646674461
564,6.276074159969153
565,4.9589079116827985
566,2.8377307460814567
567,7.568964493090737
568,6.5866466073044245
569,4.490095808456581
570,8.595082486400777
571,6.212713050597435
572,8.540188281885976
573,4.788237675291592
574,9.149833393723007
575,5.801892607866916
576,4.884382652365993
577,8.238455785242934
578,4.538946051609592
579,6.7362064559104535
580,6.116035977044478
581,7.063567171799419
582,4.136707692120945
583,5.051121731000958
584,4.427851776526002
585,6.467888444802428
586,6.005318269334521
587,4.470701415081159
588,5.510324789696543
589,5.59813336726922
590,7.076277189355291
591,4.3050968679845125
592,3.162116624753512
593,7.439842720292189
594,6.033800191709719
595,6.286884111694441
596,9.823071656047283
597,5.460935752806011
598,3.057295115943171
599,6.747817449567842
600,7.906097685488653
601,7.643024952191618
602,4.247180565362215
603,5.328931330560407
604,2.443280430950925
605,1.4903411493109635
606,8.527695496280769
607,6.480432945777195
608,5.470594815457394
609,5.660985502867661
610,5.934776607946041
611,5.279080936337925
612,4.847866810074006
613,6.6803526891631755
614,3.780365319943796
615,6.52138818577144
616,8.214614026335578
617,7.120594050601984
618,8.291864306511524
619,1.5028702330533297
620,6.04293378688135
621,4.560039820982623
622,4.7025911487261025
623,2.2222253508027205
624,8.162208832362733
625,5.576647771499055
626,4.7945862702885185
627,6.405808520252095
628,4.682928538115882
629,5.416449276730905
630,5.339119103033872
631,6.718527794734985
632,3.970379062939852
633,8.505058099816928
634,5.964253846206066
635,2.803116212406239
636,4.620931236473646
637,7.74564860703267
638,5.1713522391665725
639,4.929569923640168
640,5.842335283300789
641,3.5238997360256517
642,9.044958080355618
643,3.742516254714502
644,6.132119963071422
645,5.236049337376377
646,4.4683112643482295
647,9.831586792666638
648,6.703642524582225
649,7.391605557210374
650,3.19345850309566
651,9.939186893477494
652,5.848050694911679
653,4.4841786338667715
654,5.29988429318278
655,6.837834516411304
656,5.5800898854125744
657,7.348621286611607
658,8.007590012326126
659,6.797260225704601
660,3.765588645263993
661,3.4211354747581364
662,7.120970075901249
663,7.497682160701278
664,7.550754341435803
665,5.002382672574938
666,9.202767437058796
667,4.569646133080047
668,6.133389787284614
669,6.545120775801588
670,8.398176219348395
671,5.096221525830411
672,7.127635030770408
673,5.043577725059595
674,8.144657888030608
675,7.080140945764926
676,8.215673578905403
677,5.780402532984514
678,8.583585884930319
679,3.6456945669789613
680,8.085551697225084
681,2.39915574455209
682,5.536651139504299
683,3.4715955857526772
684,8.709067008920933
685,3.396639449451129
686,6.624243234481894
687,5.412710507644128
688,6.281534591527817
689,8.819058957695367
690,6.516505657839442
691,6.796858783204041
692,5.620835924426617
693,5.2618118300429675
694,4.948724811728355
695,8.375947405435392
696,5.665360980507458
697,7.049213159970556
698,6.323436990104575
699,2.4500819092032935
700,3.9255223858967785
701,8.882308603622437
702,4.640877426068793
703,4.228037702199314
704,2.521337215985699
705,6.981354836418179
706,7.90031881628626
707,3.4014519175979445
708,7.162873041830577
709,7.808007120525639
710,3.5184269969613258
711,8.195518614732867
712,8.089891727999012
713,9.19786381986967
714,6.723806528673227
715,4.0228468917597775
716,2.2859568863984006
717,4.367906483881592
718,6.7012849420437135
719,4.787002171678754
720,6.133324612269874
721,6.110822717284053
722,5.817446938514068
723,8.293598367582211
724,9.842780943499697
725,3.429362571244182
726,6.053152184545873
727,6.936319684686803
728,6.420324859470381
729,6.159231417916564
730,4.722063668417647
731,8.243328695571309
732,9.401632958680604
733,3.788858481444146
734,2.3736179843159935
735,7.71559810612131
736,7.476198465676253
737,5.587393408387631
738,5.275969451080847
739,4.626944673468621
740,4.713828379190765
741,5.591563326730497
742,8.187384784450426
743,7.57636316942173
744,7.606086973634392
745,4.85512796816474
746,2.7741681261717197
747,8.734164046921455
748,5.373883182863763
749,8.014370447543827
750,6.354615597006804
751,3.8424047890548962
752,8.045930549690999
753,7.524981409343321
754,4.750111878991937
755,6.474637168110373
756,8.132171087159765
757,4.0201687510583355
758,3.0818510649258406
759,4.226344577308053
760,8.276354877039964
761,5.278183636441899
762,6.315199786793037
763,5.727592026731051
764,6.942463810461547
765,9.149439680691478
766,8.389599748096
767,7.785483112405486
768,3.0839676966532354
769,1.109101100609451
770,7.290808445808256
771,6.350281442096959
772,4.989768537239486
773,6.500281159698381
774,7.111244460983042
775,5.018270053676277
776,6.960770741662706
777,5.532167068927063
778,4.336597406203651
779,5.631311545647053
780,4.291532317228823
781,7.247013393257454
782,8.005340509787105
783,8.648148305273724
784,4.679657531327212
785,7.715995077205993
786,6.2667478640168035
787,5.393547383065305
788,6.876933931546057
789,4.163701363029447
790,7.261958671348493
791,5.904519421117789
792,6.0534488815259735
793,8.123226230796925
794,8.613130627259396
795,6.001546238649087
796,5.052586204876569
797,5.185316441980101
798,2.5992645100988927
799,7.26254736559934
800,6.101084440280202
801,5.104480874755687
802,6.748215278688605
803,6.704332038031722
804,6.26873833931076
805,5.806332229621934
806,4.547715351653645
807,8.226651132772187
808,3.4836876751799357
809,6.448620565715048
810,5.33600701645672
811,8.84790944439006
812,9.107481462395977
813,5.780138983010144
814,7.147602063551425
815,3.408746624016613
816,5.829800109607577
817,4.204134477150384
818,2.2323885509305557
819,5.338135789712874
820,4.916142100925261
821,7.110999473513918
822,6.019433785568605
823,5.679083115203062
824,5.521509992836589
825,2.710912014291645
826,5.492480087287967
827,4.8462298189160755
828,7.3003125390216415
829,5.9031632066693955
830,4.256356743014765
831,5.26787032068297
832,7.922975867238803
833,5.579315431295742
834,5.6157676497743525
835,9.007918101283371
836,3.4667226055787133
837,6.813273646881281
838,4.7124329107924225
839,7.1085445729413355
840,6.599969593594482
841,8.506729757765374
842,8.221638637559247
843,7.278767971560219
844,7.423113083356638
845,4.0451025342598195
846,5.139237040770483
847,5.292586181368748
848,7.265990954275434
849,3.3074223542570333
850,3.227841901559988
851,8.30089156298812
852,7.239561813325985
853,6.176049645774281
854,7.288608066692707
855,10.0
856,3.628553169359259
857,2.3586478408783114
858,3.265732171631957
859,5.388907733539517
860,8.097178305522357
861,7.037690457189099
862,6.273850993262824
863,6.05459405581305
864,6.553580071488312
865,5.094948227832158
866,9.00961950707771
867,4.034482254338356
868,4.266148450851856
869,2.9538150683307522
870,6.228317844946244
871,6.88245607946643
872,6.636347119865066
873,7.362446097880333
874,4.124769555541151
875,9.513450285301005
876,3.6539011798339214
877,7.324216431950203
878,4.5375589321970855
879,7.819075098647336
880,7.117639330615899
881,6.736923903780696
882,7.84743454828613
883,5.09076705467535
884,8.100926330683995
885,3.672402880656194
886,2.3810826327257444
887,3.3636188357715153
888,3.879837335264352
889,5.299329495337641
890,7.827487809055081
891,6.310018157509871
892,6.872647666638819
893,5.746465599732842
894,6.626889219632282
895,6.471167867270697
896,4.143144854815357
897,4.758615911175513
898,4.957800622124236
899,8.637885497014688
900,8.955755101975358
901,7.049048661724834
902,4.460557890450564
903,9.259161823706817
904,1.0439004287314162
905,5.049542993108323
906,7.80511523723031
907,7.598444986258487
908,3.9761351368072275
909,4.049251703272768
910,7.019618661889809
911,2.6271297655215085
912,9.850964547874216
913,7.484857720277411
914,5.5412088018046575
915,5.443560256741702
916,3.4604724843290646
917,5.800290892646402
918,7.251310929322691
919,4.627116910712898
920,6.4258900801242795
921,7.373022209581765
922,7.110028110195601
923,7.182114006047412
924,5.103667590363186
925,8.23937774900286
926,8.240572222296034
927,7.784109409236407
928,6.234874211348348
929,8.545578650035841
930,5.625133815667533
931,9.529335363653956
932,7.514265070047369
933,4.191294651625178
934,2.9440522386454413
935,3.0423029954422867
936,2.8589277790336753
937,7.91742214516102
938,6.927621199802795
939,7.517135246595739
940,3.4670380970007524
941,6.988177069327585
942,2.121422822014531
943,9.495941853514633
944,5.870762087803825
945,7.952583026047693
946,7.488504556927694
947,8.276117640777404
948,9.674207729051208
949,6.154683305136478
950,7.129043593161313
951,4.927301127664111
952,4.347742382394842
953,5.766883369106409
954,4.1093428895939565
955,6.106505182781972
956,6.797006424619278
957,4.335402338645838
958,2.7649685536483495
959,3.71942381455998
960,4.241974597535545
961,7.821658726203239
962,8.536327841354016
963,4.4269000600355515
964,7.846985644295632
965,3.019250843722645
966,6.252565600990129
967,4.096174728727762
968,5.176510277871301
969,5.633209508281925
970,4.430059677154569
971,5.65212088201401
972,6.431692078661934
973,7.272274176546707
974,4.259381037998835
975,6.973857310999084
976,5.237203191743289
977,4.6583921755596025
978,8.266851469361864
979,5.6926133000177455
980,5.518445560926136
981,7.705841015708401
982,9.026964787787355
983,9.21359049839391
984,6.086068127410854
985,1.8713522428511058
986,8.159566969009251
987,8.589059527194975
988,1.6091309459852068
989,4.207467441946589
990,5.002728718502732
991,5.632607947302837
992,4.513864442361963
993,6.793136586586429
994,4.373985276110715
995,7.027148128601009
996,4.540441041945892
997,7.865935648886843
998,3.9188882995313374
999,4.588255590562426
1000,6.239563717085256
1001,5.112253379070194
1002,7.570043437461904
1003,6.836760680402126
1004,7.83323148046331
1005,5.219056240358617
1006,4.500345294178225
1007,5.721478605174646
1008,7.1624800596861995
1009,5.079671703399903
1010,6.50745095440343
1011,5.546453721226021
1012,7.17367072417921
1013,6.012519502795167
1014,6.652432028063767
1015,7.503465202905092
1016,8.80631832853638
1017,8.29424311364137
1018,9.600841511609541
1019,6.013706296171193
1020,4.906391125067649
1021,3.8025737983630643
1022,4.102915527109815
1023,6.964631535086913
1024,5.18757694110183
1025,6.518797470275608
1026,7.7073872780174035
1027,6.827421080825623
1028,5.441760873979129
1029,3.4342177963207874
1030,5.666349815040146
1031,8.233646380947448
1032,7.824126083953795
1033,8.492190259279273
1034,8.049168443832329
1035,6.5100561763254365
1036,5.299520426678197
1037,7.966780213406053
1038,5.357470110604804
1039,7.949964121649346
1040,7.774247126097437
1041,6.174637579516069
1042,5.641802615829372
1043,6.492525163899922
1044,8.604825543801594
1045,5.845617428438104
1046,5.030167141061282
1047,6.6636881194982145
1048,3.388912435297251
1049,4.4367443914164655
1050,6.9219869195667645
1051,8.635116286092385
1052,6.384695761808058
1053,3.375653889830641
1054,6.149000397280007
1055,3.258034356264192
1056,4.414621693224698
1057,2.7069833238325995
1058,7.813639383871987
1059,6.536952859402582
1060,5.1481380438582445
1061,9.164835958253072
1062,7.205295868779577
1063,5.200748406237323
1064,6.136058222503652
1065,5.293948823699026
1066,5.420382943359931
1067,8.430333357903786
1068,7.840124123244456
1069,8.801149525940714
1070,6.143985960466777
1071,9.562307406653625
1072,7.325592994905144
1073,5.84098559582451
1074,9.162310526827577
1075,7.6198918100181405
1076,4.410664436462167
1077,5.731224631964911
1078,7.5396047106531325
1079,4.402371100453682
1080,4.2959618557921635
1081,9.926527217549735
1082,6.720298395599427
1083,5.156627284558284
1084,3.3301365100724225
1085,5.043156818480769
1086,4.182297235608177
1087,3.8776505801253087
1088,3.2327821421831895
1089,2.4881003300320845
1090,7.770802826881509
1091,3.6324344856558053
1092,5.431846700435267
1093,6.66383474435012
1094,6.579076198356859
1095,6.073435436785012
1096,9.262839643141621
1097,5.742527861586403
1098,5.210139988595097
1099,6.0390440789171205
1100,5.2700283807030495
1101,5.873914967415031
1102,7.343498389781159
1103,3.802107476922356
1104,5.282031859921761
1105,6.085849203411664
1106,5.349692912529949
1107,8.383445215775017
1108,5.640001948466889
1109,8.371013041148906
1110,4.600722748730593
1111,2.9995260410859323
1112,4.193235454204669
1113,6.889316799869048
1114,2.838585196913373
1115,5.025778783070126
1116,1.9452404157737402
1117,6.136854350381645
1118,5.875532406330804
1119,9.553210832680644
1120,8.53522251357891
1121,8.575945833977777
1122,6.729826974050281
1123,6.652864054656803
1124,5.368251736071394
1125,3.3695932045958013
1126,5.546425450836084
1127,2.629056791118833
1128,8.244366788828295
1129,3.140190733649957
1130,5.932862786193554
1131,3.0152425465788517
1132,6.637256077428844
1133,6.289965036014788
1134,3.060106011900093
1135,5.600182236842917
1136,7.353658359192198
1137,3.859334556384515
1138,4.011339280513501
1139,6.986251732809107
1140,7.30554194749498
1141,4.966073295288638
1142,2.2382406085337068
1143,7.863075461879631
1144,4.289072114131918
1145,2.260638059110878
1146,8.51359637859015
1147,1.2767489980411417
1148,3.4259670885356774
1149,5.682552058138322
1150,6.553976812938247
1151,7.870880422790764
1152,6.442988781838397
1153,5.213568766918128
1154,3.9237815415087542
1155,4.982330758531782
1156,5.060714026892622
1157,4.818761477630351
1158,3.6051543818241782
1159,3.1267459530158312
1160,6.45924881476594
1161,6.583157115545621
1162,7.481011895562169
1163,7.141768943191638
1164,4.754090510061014
1165,7.682643916816317
1166,6.895008306321088
1167,6.870167103637713
1168,6.039735429435447
1169,5.8446998146717934
1170,5.756035899277971
1171,5.4425239215495935
1172,6.8857021724420635
1173,3.948988371101684
1174,6.959645193679525
1175,4.011327471995705
1176,4.038371793680771
1177,4.891160303080136
1178,6.233188485399532
1179,6.9639184885708705
1180,3.332282095851385
1181,5.777390462717274
1182,9.66761885548145
1183,3.418292370023814
1184,3.9526926938240257
1185,7.355921208878451
1186,5.11034351497519
1187,4.689091283041115
1188,7.642711826270645
1189,4.745165782514061
1190,6.427470199348484
1191,3.222379551447427
1192,5.037730955853322
1193,3.590281469866424
1194,7.445796991655573
1195,4.060198815286821
1196,2.1001243490861645
1197,8.057810585480958
1198,4.482315026554909
1199,6.534204552036342
1200,3.09429258210591
1201,6.1488804720702035
1202,8.689536938083965
1203,5.358821304242793
1204,7.616177254621654
1205,5.035300541176382
1206,5.677801101644002
1207,4.104207502065977
1208,5.955736791081632
1209,8.139749167064313
1210,6.754448845527376
1211,7.710184583090441
1212,6.081597522135855
1213,8.824945257005579
1214,7.3099422292570075
1215,5.63866619298178
1216,4.595721329675601
1217,7.384676348720388
1218,3.4020284048487723
1219,4.500967160028271
1220,7.8674928732832345
1221,5.8098121461546475
1222,7.1918006962603584
1223,4.872446793287952
1224,5.15506624629136
1225,7.388640438375146
1226,8.71353634673241
1227,7.136876132538175
1228,3.570491646016897
1229,6.826034112648043
1230,7.255825181784785
1231,10.0
1232,6.4096682676586605
1233,8.115951718256326
1234,6.974029516354465
1235,6.870556368595523
1236,8.488228525953296
1237,3.56026898483196
1238,7.847476756763722
1239,3.814969115688453
1240,7.426365491731598
1241,5.844441808515654
1242,5.864034652275484
1243,2.7553887339801464
1244,6.736356904348556
1245,4.677606323281513
1246,5.417746240724766
1247,5.198173954169878
1248,4.8463882960718
1249,6.518588316497743
1250,4.900043529904831
1251,8.432191623555543
1252,5.502084201023374
1253,9.087925101571944
1254,3.7747466253044037
1255,5.434901283151621
1256,6.827823247743648
1257,5.589552811837628
1258,4.374856220742777
1259,6.508114615089233
1260,6.22666121627131
1261,8.808770600293272
1262,8.300542860579416
1263,5.903157812291424
1264,8.274534052573326
1265,6.727875354520514
1266,7.603928070278012
1267,9.159736002973162
1268,8.257257888877563
1269,7.3225993219402
1270,9.688354495772865
1271,6.248585541791936
1272,4.428434188556602
1273,5.339692730603355
1274,7.367580498538728
1275,8.113080794401888
1276,5.378677049911836
1277,1.1220266283895057
1278,5.350938895011295
1279,3.802649163442722
1280,5.672191310359192
1281,4.738101259604982
1282,6.247572482698279
1283,3.29790254464465
1284,6.336150863975521
1285,5.922623887176675
1286,2.432790066193987
1287,4.872985943791757
1288,6.359068893175012
1289,7.746489344783176
1290,2.970409391340437
1291,8.305811238612618
1292,5.554368249066093
1293,4.72504145723849
1294,3.7188431452643185
1295,7.283839842319315
1296,8.082793784150704
1297,4.586671432645629
1298,2.6891913643290675
1299,2.759426966834779
1300,7.8018099070241345
1301,7.233905065633856
1302,6.6402205583260985
1303,6.474660407078771
1304,3.901631605108693
1305,6.9439827796697084
1306,3.9097461789091263
1307,5.318002226366218
1308,6.144774329092522
1309,5.702291372699127
1310,5.173053600428218
1311,1.401673602582764
1312,7.012275500901162
1313,5.306921703795675
1314,7.883166779137414
1315,2.6013631184778188
1316,8.633467917760653
1317,1.8977656339249585
1318,2.6957135761161823
1319,1.8656328923092311
1320,7.683143613237462
1321,3.930129088097871
1322,5.237363014918877
1323,6.127545500133349
1324,5.481422465676526
1325,8.763536898565098
1326,8.80938259858177
1327,5.566839535329814
1328,2.4378674396506153
1329,6.832227905137094
1330,5.763688126671164
1331,7.195770882522422
1332,8.112524278182724
1333,7.559602248901962
1334,5.822063790402231
1335,4.891213870570854
1336,5.925052570966276
1337,3.2054558934896074
1338,4.59589965514526
1339,6.473783507745843
1340,6.331007274811824
1341,6.215991994836292
1342,7.34061336129712
1343,4.63647977582397
1344,6.466143429747397
1345,3.366303853056851
1346,5.604040433949309
1347,7.194139260973611
1348,3.867280747521578
1349,7.325950396072271
1350,6.9825951517151985
1351,4.097096718986776
1352,7.45453414189492
1353,4.685908711913266
1354,6.895824702717938
1355,7.045723508965046
1356,4.578428604729729
1357,5.744468949342512
1358,7.799649125178181
1359,5.804483258847162
1360,4.85708683282984
1361,8.585766886000446
1362,8.445957673860573
1363,4.181915231159123
1364,7.182061169703102
1365,4.4410330149827155
1366,5.23481874156058
1367,9.649826112884146
1368,5.990522494511178
1369,7.786057555370165
1370,4.910549224303997
1371,7.6864938424900915
1372,4.685636828370349
1373,7.3423268238374675
1374,4.591900194358567
1375,6.940604163019796
1376,7.3132372127255465
1377,5.560304733450933
1378,5.896497114454654
1379,5.859484432217142
1380,5.378412635762803
1381,1.831723281783015
1382,9.283789736326494
1383,3.218196496781373
1384,7.440262422662359
1385,7.902170342820842
1386,5.4100609264312824
1387,5.312641157628923
1388,6.643661817838545
1389,6.485144051411995
1390,4.63519903673227
1391,4.551317915865694
1392,4.003615919027178
1393,6.191486622363829
1394,5.191975867070315
1395,5.143485964731099
1396,7.162492914834381
1397,7.3495100188690685
1398,7.4170202983673095
1399,4.9033256016965625
1400,3.830743028959018
1401,4.7201768805259325
1402,7.459240623608999
1403,7.829100845173944
1404,4.807778974345287
1405,6.157993710941968
1406,5.102512082204159
1407,3.0591820894526967
1408,5.137336282984662
1409,6.46378675016247
1410,5.703315791566124
1411,8.357200593548674
1412,5.144892297730255
1413,6.448981757489162
1414,8.83537951236657
1415,9.210498106241598
1416,4.434999043974254
1417,1.3310371689578604
1418,6.373439691551001
1419,6.359077440634481
1420,2.807677985151512
1421,7.885922121422807
1422,9.03515850337125
1423,7.190416156836157
1424,7.486031957535285
1425,9.190745492046817
1426,8.127932740051712
1427,1.6016844804064658
1428,3.005463718072693
1429,5.371861541743532
1430,2.8602899005549625
1431,7.002899429636624
1432,4.7750598611010036
1433,8.008806442043335
1434,5.1989805653203955
1435,7.839685311777258
1436,8.558682595376633
1437,7.816080051298602
1438,8.100010690668485
1439,7.281614844112794
1440,7.897283561462057
1441,4.929955141116309
1442,7.898917470833208
1443,7.325996564285168
1444,1.7339353056740516
1445,8.944992044123854
1446,6.529047778301979
1447,6.531437273885798
1448,9.071086927576713
1449,5.808566314009173
1450,8.307726382449482
1451,7.431483494450502
1452,7.2582706549668705
1453,5.9918128256190935
1454,7.345563526642653
1455,7.34539689658374
1456,7.665936601066399
1457,6.402619483275991
1458,4.60749766958023
1459,8.424435049308688
1460,2.2661577872861223
1461,6.305121158876587
1462,4.309297024348039
1463,3.3485006893306024
1464,4.588009585499531
1465,3.5219300543628473
1466,7.146761762247442
1467,6.6471120305458715
1468,6.937578906286832
1469,9.026926877719204
1470,2.4529907393000094
1471,6.110031788074457
1472,3.9446355043898946
1473,8.380249462481357
1474,5.16590860512499
1475,4.529525809187317
1476,8.009136857712818
1477,6.541432505539701
1478,7.248832813679774
1479,3.7699497806529036
1480,7.122422456508081
1481,7.111937471508636
1482,7.15584614258593
1483,4.827715917222259
1484,4.833224586096127
1485,8.496511551333755
1486,1.7447138568405283
1487,2.9590956558539725
1488,2.2857751383158376
1489,4.045067812045647
1490,4.399631181123482
1491,6.797025347950393
1492,6.3880133230727045
1493,8.98369556422674
1494,3.7261072389245475
1495,8.04199929651336
1496,4.986382608236757
1497,5.2233903420039445
1498,6.573489903952099
1499,4.587344601853443
1500,8.46860156304505
1501,6.193983452913674
1502,7.663812917696419
1503,5.908994011073801
1504,5.2624301666109154
1505,4.3886712665362495
1506,7.478756889678441
1507,6.9533942878636354
1508,6.357564904105342
1509,3.135570507461088
1510,4.816751786156079
1511,7.946156389560951
1512,2.613625842557857
1513,3.234257275291778
1514,8.55976050583281
1515,5.812966280661404
1516,5.5637873886040135
1517,7.695698487489469
1518,8.249704182134632
1519,6.277774251737416
1520,5.091444195105635
1521,4.966960475112325
1522,8.071657683484286
1523,5.889305992142406
1524,3.0281288154672485
1525,3.7766457676438705
1526,8.983255320263297
1527,4.205677577034948
1528,5.792885923523094
1529,7.11587717769082
1530,8.200153270499975
1531,5.003574976163504
1532,4.098077180575866
1533,6.170529354243511
1534,4.5094445957111144
1535,5.265135905304349
1536,8.769680567812687
1537,5.162581936951196
1538,6.97073519985482
1539,4.694166395395502
1540,6.888845686989155
1541,6.345479912812227
1542,7.002877297152373
1543,8.815779437778161
1544,6.85980164407958
1545,3.55334784789196
1546,7.678769280492244
1547,4.87248008242186
1548,7.659370104850707
1549,6.04731453097786
1550,6.217409347200825
1551,3.150908838679106
1552,5.608209625551619
1553,4.475349435434708
1554,5.8126666457131915
1555,5.642634171647385
1556,7.979823001983752
1557,7.4414896396109595
1558,4.493883084588719
1559,5.361801458429481
1560,8.06058534895102
1561,5.256079731760253
1562,7.83421711289121
1563,5.536549908641527
1564,4.627661664268551
1565,5.076872544077018
1566,7.728917334933327
1567,6.564284640841346
1568,5.894158998765458
1569,3.4040058901215433
1570,5.159443128991731
1571,5.312269019625255
1572,8.766270397144135
1573,2.72752940955563
1574,6.601855920007203
1575,3.8930232110399374
1576,7.354175498329912
1577,5.07346583234118
1578,7.585978818849446
1579,4.06676028299664
1580,7.524872021273257
1581,7.0171984154997205
1582,2.4033182520562617
1583,3.1507269663018063
1584,4.708075049532142
1585,7.1840081120530535
1586,5.110583262000341
1587,6.95998476563723
1588,8.236950936833548
1589,5.454050132888083
1590,5.038051707193389
1591,8.4185084339126
1592,7.669469153465635
1593,3.570513768734668
1594,4.4448456642127825
1595,1.6380750273174358
1596,2.790180075694526
1597,5.471554516686841
1598,7.166418262559909
1599,6.346452740236557
1600,2.6007187472735374
1601,6.382476861754135
1602,7.60972966074714
1603,5.5782699733505074
1604,7.651725103040343
1605,6.131050829682913
1606,9.521615783967686
1607,9.208739837124723
1608,5.359214024255735
1609,5.396697382190128
1610,8.177581233936133
1611,7.678889459619362
1612,7.660122982887209
1613,6.825580044489598
1614,5.291371311670347
1615,3.0640807011527054
1616,5.6161805766366255
1617,5.909650006854337
1618,5.723724250279159
1619,7.5152821321392755
1620,6.0046784172370575
1621,4.4414075224955045
1622,5.2478678527177856
1623,7.664048796525519
1624,6.441596213017283
1625,7.282119212674548
1626,7.899084364108205
1627,7.724402354246765
1628,5.619216771908932
1629,6.821679354375445
1630,3.994285191557564
1631,9.851067165487283
1632,8.250246811005072
1633,8.985456165937125
1634,7.428925868452827
1635,8.799527070804816
1636,6.238549160795689
1637,7.721592303019573
1638,7.858990021977938
1639,8.200192866871298
1640,5.183441757691255
1641,5.565455161646737
1642,4.703476474028922
1643,4.87328794031458
1644,7.335790020707658
1645,7.999227966936956
1646,6.023512413081285
1647,6.3584137369953115
1648,9.145290691142684
1649,4.740723318690244
1650,4.7670907820933275
1651,4.198749364380215
1652,8.107751519027826
1653,2.9711273524877373
1654,5.854835046721547
1655,6.993245541975863
1656,3.377625459906337
1657,7.430320162530582
1658,3.6535533853565845
1659,6.261153021664696
1660,8.823398638307527
1661,7.501082735892988
1662,7.090342359029866
1663,4.517533861234906
1664,6.499097476636364
1665,6.321163667779868
1666,4.956282179144627
1667,4.219489287437638
1668,6.603222965309248
1669,6.939367056894754
1670,6.804122080244772
1671,3.6115192617768423
1672,3.800687399243594
1673,9.742315690945073
1674,6.426025429981712
1675,2.61435286470884
1676,7.815784911259817
1677,6.162463429856836
1678,2.9031859140573357
1679,6.108374704724358
1680,3.463964589106212
1681,5.944645828700994
1682,1.7245576199237749
1683,7.45759754810787
1684,7.437945430525185
1685,7.851089767926592
1686,4.651788843486945
1687,2.0792650372712744
1688,7.520726338725172
1689,7.216151257793765
1690,3.4964919980712468
1691,7.379053239982907
1692,9.358504941130922
1693,7.012023933266563
1694,2.8454234613662486
1695,2.2837899889639823
1696,6.225609506247411
1697,6.197941854065365
1698,6.770327719027755
1699,5.131865733152979
1700,5.1943939809051685
1701,4.601955359297304
1702,4.024470519102025
1703,7.492975783861186
1704,6.7448833177620315
1705,5.628359704489057
1706,5.433566845576268
1707,5.173905933298336
1708,7.721356870766898
1709,8.447292083259235
1710,6.376559101734461
1711,7.507476513992862
1712,5.709840837818482
1713,5.5883957171706555
1714,7.830807455933133
1715,8.96326692358367
1716,6.14516245424651
1717,3.457889053670671
1718,4.798889415494114
1719,7.0938151021152835
1720,8.578264543204492
1721,6.741247737191498
1722,2.356801811721958
1723,7.204933203482675
1724,3.2307340123566144
1725,7.796978530450506
1726,6.096119575956147
1727,3.838475009519817
1728,6.531502034485532
1729,3.867867302697568
1730,4.8526146738406375
1731,7.362541726376484
1732,8.092746551836328
1733,6.111250325934549
1734,5.094773753381927
1735,2.319258816190948
1736,8.530193103654264
1737,7.786756698284116
1738,8.688530644758771
1739,6.54399385491922
1740,7.221658148272771
1741,3.301637905081332
1742,6.9100179890512115
1743,6.962130307972664
1744,6.510332872656864
1745,6.63577099994345
1746,7.100062447121466
1747,5.662966202602264
1748,7.482654953957244
1749,2.2328605906326713
1750,6.40777789821098
1751,7.032343549531994
1752,8.432552535802756
1753,7.1363140719521585
1754,6.811189628908392
1755,5.516298610113747
1756,6.7070407885015655
1757,9.579891590362621
1758,4.9381364561826455
1759,5.452445810638425
1760,5.264293548579639
1761,3.2523148093760508
1762,5.133792318386928
1763,3.567696188164361
1764,4.345607214596517
1765,5.4409763918437175
1766,6.177224445514531
1767,3.9200539553204794
1768,8.296335985488238
1769,6.384495629569818
1770,6.0468688179194015
1771,4.424858507146489
1772,5.351645691890573
1773,4.3081609123192095
1774,6.942078904673762
1775,6.824198801352722
1776,5.154066050991181
1777,8.492783119943983
1778,6.223806030972584
1779,8.079459279519229
1780,8.224001552278349
1781,7.447728216569103
1782,7.158675657663094
1783,6.1865835548587915
1784,7.011011989084824
1785,3.7519002035200155
1786,4.856356964210006
1787,2.686833347386375
1788,5.843006034990822
1789,8.46801870244583
1790,9.18267048660405
1791,8.142340299226841
1792,5.531636727427804
1793,5.0785105289839985
1794,6.444633298694493
1795,5.268851642827113
1796,6.91997796461633
1797,7.985424533202826
1798,5.187020010841646
1799,3.643659515566898
1800,6.1369377855464435
1801,3.3347014333847094
1802,5.397107080402895
1803,9.342484394871342
1804,7.308172784106621
1805,8.80335620445529
1806,4.456997670710026
1807,1.4639273253891192
1808,5.455725406520249
1809,6.2723805202126215
1810,9.143142184315344
1811,5.082509197647909
1812,7.042893862500947
1813,6.065505612456203
1814,4.691789757613808
1815,7.387851121728238
1816,6.451785085896379
1817,2.1402203032027645
1818,6.860854170197721
1819,7.490503039286669
1820,7.124365538336921
1821,8.047358628959413
1822,7.481121894052059
1823,4.752506027042974
1824,8.256044393571674
1825,5.993467103185462
1826,6.008708418035863
1827,9.456018260047179
1828,5.592347658712246
1829,3.4652957716694393
1830,4.30287921589427
1831,5.818432347410984
1832,5.55442140123645
1833,5.730974620889119
1834,4.002837594529604
1835,6.621388562157302
1836,6.923138469342653
1837,3.0525227995579822
1838,5.057630825953089
1839,7.484355203676545
1840,7.410515940696301
1841,4.795277653318615
1842,6.326806554876356
1843,7.515348257341687
1844,3.458767506985394
1845,7.6894568135100805
1846,6.464061965083104
1847,8.212927216639471
1848,8.484160822320735
1849,5.492206497473
1850,5.32370567568193
1851,5.651957846356275
1852,2.131895056171377
1853,4.77486513102416
1854,5.148885651084587
1855,6.4672928208162315
1856,3.011009603710826
1857,3.772532412368524
1858,3.234355028813711
1859,4.451568921227715
1860,4.675943017510873
1861,4.037066014065076
1862,8.281167770132743
1863,5.347019535723344
1864,5.770171297864277
1865,6.192384643023233
1866,8.886230435439545
1867,7.468708672936765
1868,7.2938446882043095
1869,6.8363126632764
1870,5.193314484208793
1871,3.896763913016384
1872,5.903330460402298
1873,7.265780285024655
1874,0.8168311276997798
1875,6.022388950506587
1876,5.836313005385801
1877,6.868979771844178
1878,5.312755421958039
1879,2.9784637735903567
1880,5.6788177375816575
1881,3.609187707044893
1882,7.7247022952101245
1883,5.402761208423577
1884,9.529664702966345
1885,7.690726802965289
1886,3.857955971943597
1887,6.783234502356647
1888,4.312887320241941
1889,8.366849416137647
1890,5.394232885444714
1891,6.510385359961065
1892,8.529860711039712
1893,7.875632936719719
1894,7.070109668746273
1895,7.295142759420576
1896,6.552784677801872
1897,6.555594411529189
1898,6.313605472667859
1899,9.095753951355949
1900,7.540671912649101
1901,6.510534101621536
1902,5.470516536240936
1903,4.211092008714573
1904,5.864962732946724
1905,3.6773584225821137
1906,4.916693756541296
1907,4.753476375691674
1908,7.619045040339747
1909,6.273802804313859
1910,5.958711061189021
1911,6.575229253592468
1912,7.222733358703765
1913,6.965872619704509
1914,7.453401628004429
1915,2.4648133331464352
1916,3.6016539596698904
1917,4.140483271659173
1918,6.990660901607324
1919,4.731623318483707
1920,7.436724560280494
1921,5.826232382477826
1922,6.1317660742708755
1923,4.903268339015289
1924,8.197828582583414
1925,8.339282005276948
1926,6.864544969812594
1927,5.402919815510855
1928,6.628919725784154
1929,5.336568415113272
1930,7.81859193969853
1931,3.1644222286850505
1932,7.877561808181884
1933,3.756891911638686
1934,6.37463455165354
1935,5.986639725180778
1936,2.68432722079112
1937,7.624825889176752
1938,1.9220891188315394
1939,5.226262180115173
1940,3.4823790941191786
1941,4.843602581425267
1942,3.9574726912317377
1943,8.748029975468716
1944,2.022699286043353
1945,4.46198686603753
1946,8.015094887187152
1947,8.74611993465522
1948,8.471494851678418
1949,6.678623176946486
1950,1.532529441031711
1951,6.993351057903027
1952,8.56395339589511
1953,4.5009983370970215
1954,3.983693119126229
1955,4.980503380854232
1956,6.708373468172542
1957,3.5802318368949595
1958,8.036430578460427
1959,2.3120489485664764
1960,8.939631611125264
1961,5.852950905626965
1962,4.302051336689401
1963,8.3289733581651
1964,5.454915567863332
1965,5.220383815325449
1966,7.974206822940813
1967,3.92398542695545
1968,6.659833400348892
1969,6.820833398972113
1970,5.455115196467919
1971,5.6538193735732225
1972,8.551808704892677
1973,7.24881157844301
1974,4.6800745544146976
1975,6.2624694017779685
1976,5.626082021357737
1977,5.894452953399011
1978,7.885045048556652
1979,7.339982750649172
1980,5.724119489915871
1981,2.301709993505056
1982,6.097474789591076
1983,7.078918073439937
1984,9.154812161409579
1985,3.8949701846623963
1986,3.159909257691461
1987,4.089638358779454
1988,7.34257057097737
1989,4.047658157098863
1990,7.736843931467353
1991,5.77858247555485
1992,9.162492536791184
1993,4.13586671280999
1994,5.763419584432764
1995,6.164747122810073
1996,6.364182380976413
1997,8.79954670744313
1998,4.691107953867691
1999,3.7009870046704543
2000,8.758240914174646
2001,4.064991223552518
2002,8.689447973079245
2003,5.595627964566633
2004,6.22172102349913
2005,7.547822098216459
2006,7.0814310986416995
2007,5.170734968906968
2008,3.544570402578479
2009,3.0848042755316554
2010,6.673417321596856
2011,6.458858714878854
2012,6.537549536283686
2013,8.767752878353512
2014,5.61041968917161
2015,4.088504972941094
2016,4.173789256317937
2017,4.7483580766902715
2018,6.6858003982271565
2019,7.593751837730227
2020,6.894408032957877
2021,3.403596555893641
2022,7.129236764889992
2023,5.4644470118447614
2024,6.412594060397433
2025,7.733778379787899
2026,8.27790807490726
2027,7.365740405075745
2028,2.9775094746704216
2029,1.964823431361253
2030,8.158896432106916
2031,3.875864051594899
2032,8.609145488049723
2033,6.81915918914512
2034,4.256895836144339
2035,4.810745015433139
2036,7.579779804714318
2037,5.752332053744846
2038,3.9006720772942867
2039,7.277812950310315
2040,7.5547676154973455
2041,4.460009329971445
2042,4.926468307736514
2043,5.833666420025923
2044,5.97668270318678
2045,5.791285654159036
2046,6.70137966662656
2047,6.911774440221645
2048,2.7020147941677246
2049,5.647591068882413
2050,2.148167380780639
2051,4.9410110642511595
2052,0.6774597530263358
2053,5.22936437330952
2054,6.792793597958147
2055,6.704591766528127
2056,3.818596201657491
2057,6.933118741860643
2058,5.509791195600964
2059,7.297887190347147
2060,4.5448523308612705
2061,2.7828865624073766
2062,4.65595898200369
2063,6.681583943203417
2064,4.749153890789401
2065,4.563242852944358
2066,9.197256750540058
2067,9.88866995371711
2068,8.41157258640377
2069,5.288654806196692
2070,6.351323414095108
2071,6.545880133567624
2072,4.288245156927234
2073,4.717877179049847
2074,4.21656782159975
2075,3.953749345368158
2076,3.6880815897244155
2077,5.546926715725133
2078,5.048789071544077
2079,6.700909519599214
2080,7.579939034809408
2081,8.83610877174256
2082,6.111966501057756
2083,6.246454387459587
2084,6.671432823460242
2085,8.368435874322802
2086,8.259143763086772
2087,4.292549586587361
2088,8.143530700337088
2089,8.976574021326726
2090,8.987783016939586
2091,5.615444860383411
2092,2.4877604097210924
2093,6.710445398541802
2094,5.346696375614673
2095,3.702221409516288
2096,4.2931961780414465
2097,6.313212186832532
2098,7.173870199127653
2099,1.5439379555771455
2100,7.406398327612744
2101,3.344077453326765
2102,7.200348530656646
2103,8.623664268599198
2104,5.913750299929957
2105,4.998620532710152
2106,7.9987055925915795
2107,2.821713099530796
2108,2.6324305474476715
2109,4.476797609092171
2110,6.594390097642675
2111,5.198386724544397
2112,3.86343368195884
2113,6.380382331124869
2114,7.460827259900528
2115,3.410673111322671
2116,5.13387885007556
2117,8.632562931229383
2118,5.756363698352642
2119,6.520837877959776
2120,7.867100482604195
2121,4.960832030120211
2122,3.1836514650938152
2123,3.2825790252101967
2124,6.642726504027328
2125,6.614831978865878
2126,5.205466011623262
2127,6.237693679720372
2128,7.89275287284244
2129,4.18726692954989
2130,5.588074258578011
2131,5.359674974874396
2132,6.356202712174483
2133,5.412975951380528
2134,5.572950059562132
2135,3.1804823156426645
2136,2.4491224403154024
2137,7.099815872878846
2138,3.299920857081289
2139,6.075165711919329
2140,3.37448481122797
2141,7.336505444054609
2142,2.7955583244879367
2143,6.645364198033688
2144,6.664233970400007
2145,9.943114435492824
2146,7.43182370483623
2147,7.3554160944299385
2148,5.651733059467457
2149,8.409062886670919
2150,6.445860248424968
2151,5.066603065146526
2152,4.973568240632263
2153,6.623274400480381
2154,6.696705326982232
2155,6.262266369069383
2156,7.350534513670453
2157,5.7493658296638674
2158,7.976501108453274
2159,8.786547134232297
2160,5.094385706565202
2161,2.4128983746193398
2162,8.21247278037548
2163,6.184214804746397
2164,5.375641219623309
2165,5.958386252785311
2166,6.6368397331723
2167,7.516448543492199
2168,6.307206021332307
2169,7.471547643806625
2170,7.115326014617466
2171,6.264652767943279
2172,8.563751733028491
2173,2.575949968663163
2174,4.295279269747177
2175,5.371664206940971
2176,8.553919536522386
2177,6.506414265694098
2178,6.929451823047058
2179,4.648815850067017
2180,5.5853067885176655
2181,2.473136041149548
2182,5.168351736352964
2183,5.402822414138582
2184,9.0767762481657
2185,8.478700105636214
2186,7.699889972108389
2187,3.610809911681708
2188,5.023607591159912
2189,6.204487325399227
2190,3.64720829165343
2191,6.068348401537191
2192,8.692280540890318
2193,4.064205425730623
2194,6.306666505639733
2195,7.881295920905049
2196,9.13432278101858
2197,7.510653639348004
2198,4.081991976254423
2199,5.760020920832631
2200,7.567857407831644
2201,8.211287974624293
2202,7.7108121256260755
2203,4.661538447926866
2204,8.671632560192611
2205,8.809109500952474
2206,5.187091685398138
2207,7.660815262564777
2208,7.2765493134483155
2209,8.319747428685664
2210,1.3213759027935523
2211,6.317377076532479
2212,9.064391346837423
2213,6.974749965499828
2214,7.635174953632495
2215,8.328143164813618
2216,3.205524277161416
2217,7.783347834031721
2218,3.922880071430749
2219,3.0312195678759197
2220,8.4274950407811
2221,7.991883085337465
2222,6.793574983012281
2223,4.2160270353597324
2224,5.618386754474915
2225,7.224426396916698
2226,6.838279023363623
2227,6.698849215151169
2228,4.967820622155405
2229,8.242687994062262
2230,7.391223058516611
2231,6.335289809675011
2232,6.427739895118944
2233,5.895126378051206
2234,7.678540830801272
2235,6.835802155043692
2236,4.529127371007777
2237,4.73157079575945
2238,4.601605535335301
2239,7.344037156505353
2240,6.0974524447115765
2241,4.954401463765455
2242,5.221056609555642
2243,9.217125443775364
2244,6.677711647935274
2245,7.162696941156437
2246,7.403920575782001
2247,9.372263541799667
2248,7.954565562379788
2249,4.776147647092936
2250,5.272737175899497
2251,7.092944471200765
2252,7.830536462228491
2253,5.375395372647443
2254,8.542687414868725
2255,3.3959015374128185
2256,6.661256188433017
2257,5.340797102681721
2258,6.362064250796278
2259,4.115936672467621
2260,4.768937338438378
2261,8.115063910006619
2262,7.7300486696869
2263,3.5536379570093533
2264,8.724667176137604
2265,6.191397867882861
2266,6.778854218686112
2267,5.140812609697247
2268,1.580266998181249
2269,8.115732430168595
2270,7.397435235067785
2271,6.750884756948704
2272,2.9612411041391242
2273,5.0490582053020905
2274,5.409810054873379
2275,8.582765006835475
2276,9.699187331315128
2277,6.218650819206934
2278,5.284095188867905
2279,9.587231468262218
2280,3.5580863649790944
2281,5.729721593715192
2282,4.066240453116544
2283,5.661127912733356
2284,6.657661217247907
2285,4.386662870065918
2286,5.411199768619666
2287,4.118515894993834
2288,3.8766331048109657
2289,5.753966819163996
2290,7.763050060392466
2291,8.426577987900737
2292,8.798425408168915
2293,8.331381589152661
2294,3.050182646940029
2295,7.364102528081457
2296,8.045826246054117
2297,5.588234108994917
2298,8.188343067975564
2299,7.891217594986809
2300,4.634949401478461
2301,5.704758798156266
2302,8.171035522520416
2303,6.316222250889485
2304,5.525096042039301
2305,4.952110779292349
2306,6.463956535979378
2307,5.756538298165288
2308,7.873158685494908
2309,4.299982434404083
2310,3.624489754054712
2311,6.7129430853400995
2312,5.263949012026988
2313,8.718601120200534
2314,6.884790002213506
2315,3.1486120336623085
2316,9.141471248257288
2317,6.749011520488484
2318,6.901398266290778
2319,7.389769999777499
2320,6.233411292858824
2321,6.312478491374014
2322,3.067036497831103
2323,7.451451904041075
2324,7.286211373298501
2325,7.837061728282624
2326,4.734939566212377
2327,5.968544269482316
2328,4.852035924840974
2329,4.934135510969515
2330,4.944536416869036
2331,3.844609156889277
2332,5.562180965697859
2333,6.967545985529096
2334,6.070401253115679
2335,7.140290192002098
2336,5.101219042702814
2337,4.219859217790762
2338,9.125879080298914
2339,4.6389282049532365
2340,3.0736929891749933
2341,1.9266930836640523
2342,3.919989494108513
2343,4.688994812589623
2344,7.025389913437167
2345,5.849493423651132
2346,2.9779115322213023
2347,9.50055700132084
2348,7.641960179605993
2349,4.082321628490122
2350,4.0494879901364955
2351,5.518834310888074
2352,3.583512888036734
2353,6.190148391176227
2354,6.162343862788559
2355,8.602860303957806
2356,6.945373718097539
2357,5.305859634157828
2358,5.4671927727589305
2359,7.674633998231686
2360,6.337552521109507
2361,4.954810290780465
2362,3.3858946531615426
2363,8.809924916264457
2364,7.583895694287086
2365,4.550674123233012
2366,7.9639727707004635
2367,6.662571419058194
2368,6.02227084180707
2369,1.8828644847984202
2370,3.0262940686786584
2371,6.425888673597601
2372,6.202213872662789
2373,6.983518469817007
2374,3.1669767671088493
2375,3.1935949990097177
2376,7.031319649386787
2377,6.471121751489321
2378,8.454946783017311
2379,4.514823664055631
2380,5.432476214255025
2381,9.1374646960336
2382,8.116439860646036
2383,3.2295545208801775
2384,8.002550545785988
2385,6.026470437983846
2386,5.519775621243511
2387,6.031111998566156
2388,4.378656267390259
2389,5.896859379007959
2390,7.506868402176725
2391,8.92329524577107
2392,6.097721268398777
2393,7.664540287972351
2394,5.613951262831998
2395,3.1815906265452165
2396,8.38724892334443
2397,7.559128052620208
2398,4.151688023072733
2399,8.812673414204475
2400,9.415690370492726
2401,4.884210118576795
2402,9.078189512714449
2403,2.3766100108655173
2404,6.958851781015503
2405,8.249107108270309
2406,7.465476450103523
2407,2.2433531201309145
2408,8.412412504655196
2409,5.488802135604774
2410,5.61390594505987
2411,8.359276046718863
2412,4.606576405895569
2413,5.9508883817321845
2414,4.458577581913759
2415,5.858988151948271
2416,6.436577211751301
2417,8.207233852788969
2418,6.541058991830857
2419,4.657395585460291
2420,6.132066527744641
2421,5.098260003240952
2422,8.128660416325756
2423,2.4988517163067256
2424,5.93494246142547
2425,0.1815392424808049
2426,8.599942925657924
2427,5.094468546991385
2428,1.2746866814846338
2429,7.1880288097725
2430,4.677479345502899
2431,4.221025123358986
2432,8.050145974525783
2433,4.634260776744048
2434,6.482997679384322
2435,6.351071455637419
2436,5.535918612264586
2437,6.68897562541423
2438,7.028401269720909
2439,6.185585338862578
2440,8.149209271633968
2441,4.479028689821177
2442,4.946848734948213
2443,6.219337030150758
2444,8.692644338952835
2445,8.42617406399112
2446,6.660637901395161
2447,7.344788421403807
2448,9.535386609287524
2449,4.48020522382901
2450,4.999079407366411
2451,6.439271963565784
2452,7.6095726774384875
2453,4.88449528414457
2454,6.094572503824926
2455,6.62204598652348
2456,3.526817570358281
2457,8.709940974551063
2458,8.211921209092836
2459,6.881972706805874
2460,4.393845720351488
2461,6.1449770497591985
2462,3.439993053144908
2463,5.471589175629296
2464,7.688679214412738
2465,8.757671411920747
2466,5.545679906191813
2467,7.484111589421526
2468,7.461575583105148
2469,8.855109874060542
2470,5.328212327421458
2471,4.419863184092072
2472,5.301897078689814
2473,4.89462590832979
2474,5.855217663987512
2475,4.974700049790045
2476,5.578063134722745
2477,6.24161432909429
2478,8.355850871079705
2479,6.112051110945286
2480,8.615380953456754
2481,4.947797805848521
2482,7.296275290929618
2483,3.2386136691381653
2484,7.503566181524741
2485,3.3676749006874918
2486,6.637401740137048
2487,5.083985815655232
2488,3.8969993420212834
2489,3.6629372124218635
2490,4.313287570448898
2491,3.745824673879134
2492,4.11833341321246
2493,7.009912599064398
2494,8.565971061649138
2495,6.115466952379027
2496,5.922811798512611
2497,7.2120958292282555
2498,5.166772739074913
2499,4.488135774561116
2500,4.5864412928524905
2501,6.750699486705088
2502,6.58502856785949
2503,6.441973985941958
2504,3.8970262821839983
2505,7.379704432252469
2506,7.556332753980014
2507,3.9270718778733027
2508,4.854672118325854
2509,4.214708024158702
2510,7.32047757140419
2511,9.487574388119366
2512,4.831722830970073
2513,4.5093957832296665
2514,6.905854145870425
2515,6.077161776859451
2516,2.1974121338044843
2517,7.425890091214484
2518,5.578503953091948
2519,5.253967441252746
2520,3.2284314036049317
2521,5.7872348374058165
2522,9.717381831595645
2523,6.294316697572139
2524,3.907721877454862
2525,9.666005095448666
2526,7.271158326429678
2527,8.27646620433867
2528,5.480499381045472
2529,2.330508376336686
2530,8.944927096037622
2531,8.858099622416706
2532,8.874149571542993
2533,4.784998446505989
2534,7.046161947850042
2535,6.159349068697592
2536,6.717814655193624
2537,7.2486543974169635
2538,6.966664845339669
2539,7.8250832103655625
2540,9.457345814251472
2541,5.478537188975855
2542,8.10917929873874
2543,9.311773343621576
2544,3.427821562140063
2545,5.877189555619552
2546,5.371935039730449
2547,5.347321596639376
2548,5.197682434921538
2549,7.396959211448839
2550,8.107818203823992
2551,3.392646190805
2552,5.409002046553753
2553,7.828719710083137
2554,4.949901998992875
2555,5.414359455189807
2556,3.102380766400925
2557,7.224456100085753
2558,7.987127906189724
2559,8.057484177218825
2560,6.979527625592724
2561,6.1303022512805985
2562,4.170957560948874
2563,5.628357155310175
2564,5.6548982545084865
2565,4.717014113675901
2566,6.6344577155968505
2567,8.644689098836126
2568,4.2814946847533095
2569,3.1137998549086596
2570,5.508133015477479
2571,8.87946609221626
2572,5.705844553634277
2573,4.302207615550823
2574,9.098258160943644
2575,9.39384253326244
2576,6.609588002603122
2577,5.0099687581917145
2578,5.118991741098906
2579,3.622984266068131
2580,5.437390038962846
2581,10.0
2582,6.756581208015413
2583,7.563624161253724
2584,4.809067097555628
2585,6.291189363305315
2586,4.099590608922023
2587,2.8295459769734084
2588,7.297464498281448
2589,6.119095483195334
2590,7.995348284251519
2591,8.512381486167527
2592,7.961633713871425
2593,3.309531799067388
2594,7.434276243227428
2595,3.4451106148238844
2596,3.535768686075235
2597,8.257035068030802
2598,8.73873629630237
2599,3.3301516261934947
2600,4.33595237606613
2601,4.1388571928898195
2602,7.664694867552891
2603,5.548369361877394
2604,4.981445073824473
2605,3.8013603445342024
2606,4.697149557599501
2607,7.196133305003151
2608,8.110821849852215
2609,7.257352371317818
2610,5.440179665960752
2611,6.634274570850122
2612,4.961068185272524
2613,9.040846064096051
2614,1.5922050907334802
2615,3.2225799786416296
2616,7.348434230304283
2617,5.245589018626677
2618,7.5221747198761655
2619,9.08524460309684
2620,0.875161990712872
2621,3.9901494315178603
2622,8.338259429527966
2623,7.136316300949906
2624,8.399024252539812
2625,7.110471986766186
2626,8.418818827105872
2627,5.7355329484697
2628,1.8136220091877284
2629,8.550628227016196
2630,5.867288771451379
2631,3.5963386335950016
2632,8.704322431384925
2633,7.540466021391345
2634,7.41595630540488
2635,2.8149199118939334
2636,4.904550821917655
2637,7.069360766153308
2638,6.060659686595216
2639,6.094269417989115
2640,6.602096045169498
2641,6.295958946955425
2642,5.476651635657733
2643,8.244182616848779
2644,7.0780280362513475
2645,8.244470561513113
2646,5.0312448376066445
2647,5.726598333177315
2648,9.062371833168966
2649,7.951454525153312
2650,4.572788024856058
2651,7.376766509132711
2652,6.6899308314162464
2653,5.421977091265759
2654,6.03287097146916
2655,7.109112148655694
2656,9.483423122949281
2657,6.232595322089415
2658,5.688969625761499
2659,4.161354531996784
2660,5.750297439608682
2661,6.666483826398082
2662,5.2356699409050425
2663,6.635757406346336
2664,8.005826082198157
2665,5.57878981847886
2666,2.7609648467366066
2667,8.091248982966835
2668,5.850477622538552
2669,4.88067313566999
2670,5.658437072902268
2671,6.566728785141049
2672,2.2973249251858694
2673,6.647018879265916
2674,6.08160005052442
2675,7.906057548857593
2676,8.08067151387395
2677,5.039663591954964
2678,7.341452073799173
2679,7.096799382628558
2680,3.8612843540644866
2681,3.4003355404917386
2682,8.212118955280262
2683,5.941206772544653
2684,5.2749811737718115
2685,4.404883209280072
2686,4.19422285488703
2687,7.293062864995879
2688,2.573679703837718
2689,7.378212061280662
2690,2.6256366217983027
2691,5.988541334985121
2692,9.998662181992989
2693,3.4044694782832727
2694,4.763024283408694
2695,5.881012755208991
2696,2.1592370930849016
2697,4.155560552859932
2698,4.659397102394447
2699,8.538642161449513
2700,1.27678983698452
2701,4.687765027902841
2702,5.516222968147423
2703,7.8800642428884515
2704,8.414575712308125
2705,5.705150005354902
2706,6.632570001422856
2707,5.555586450432692
2708,4.569347604320767
2709,1.074519904929031
2710,6.758288376049864
2711,6.916718885240704
2712,4.522738714728381
2713,9.336741865713506
2714,3.3268657091872544
2715,3.646383395494315
2716,3.5497431775615147
2717,2.256018029830583
2718,4.62255685180787
2719,4.792839641563415
2720,4.971955501293862
2721,6.025559624084311
2722,7.456040600582126
2723,6.617799886306251
2724,3.35217212691224
2725,7.41491623493401
2726,8.219200401129562
2727,7.922952826907667
2728,7.655861292258779
2729,2.5471836866867434
2730,7.1553999660410135
2731,6.909502935166637
2732,6.179622499329267
2733,5.7827446920015815
2734,8.349832853534124
2735,8.907044723633883
2736,5.005716860175159
2737,5.175688954303487
2738,5.1871299142276275
2739,7.2917684674204235
2740,5.358037890862175
2741,5.633277588142728
2742,5.632440416533621
2743,3.1672929850543126
2744,2.223045536999049
2745,9.201297765874635
2746,6.705062103125142
2747,1.8885425050318212
2748,6.554062278522826
2749,6.558150811501006
2750,6.499917645264954
2751,6.522668229865412
2752,7.366735692527593
2753,7.151012475454548
2754,6.340931847678963
2755,7.167967701632015
2756,4.296858036535737
2757,5.903426954591604
2758,6.135590163438783
2759,3.8888654423629148
2760,7.132010888332452
2761,7.0127186971427795
2762,3.206551907785143
2763,5.896522016321299
2764,5.977505353511902
2765,7.130889504919894
2766,5.7542957076527195
2767,8.457157068062164
2768,3.9773130709329325
2769,4.650628122066885
2770,2.405977292482298
2771,4.7996352721350934
2772,4.570370631814916
2773,7.772770613722587
2774,7.892141841578595
2775,9.19748765661417
2776,8.712967163874943
2777,6.810690364285275
2778,6.549581021921138
2779,7.598367604254102
2780,6.135110776007669
2781,4.163102470814276
2782,9.207289029038973
2783,7.093989097200065
2784,7.754708798733638
2785,4.725832418950893
2786,5.220894601359607
2787,7.162629653503454
2788,6.602217063655091
2789,6.035469738693322
2790,2.798357760121304
2791,8.661433566183593
2792,2.4556972364879193
2793,2.417647114392985
2794,2.7560984307172225
2795,2.8679057580958496
2796,8.004294802273655
2797,7.195713531286007
2798,6.7648231911779595
2799,3.6155965903719047
2800,3.6298337553108038
2801,3.6465144694036242
2802,8.513311475474111
2803,5.60107229313606
2804,4.071916640512754
2805,6.877113161731103
2806,4.804500829263403
2807,8.141341830012871
2808,8.057758337610693
2809,6.669677195821166
2810,7.50269683172938
2811,2.762499794223041
2812,7.170620593006824
2813,2.9853866757854473
2814,5.285489940999597
2815,9.130624471824877
2816,6.432492841320331
2817,5.858583634027839
2818,2.518835711909562
2819,6.8945482692912075
2820,7.827129029834387
2821,6.8655489486237125
2822,3.3624134747005074
2823,4.759577899281958
2824,6.095273326149533
2825,4.173479838154574
2826,9.884697474716612
2827,7.4295586852037125
2828,6.546354244215278
2829,7.823342311298671
2830,5.493620744729666
2831,6.071120199991431
2832,7.957327693909477
2833,1.648757516935071
2834,5.59508065819897
2835,6.665935973583911
2836,4.145821816473008
2837,5.8529366817157715
2838,8.761361281889759
2839,5.615786106714992
2840,6.118268960403355
2841,2.59726512166719
2842,8.108319518263949
2843,6.451809604278989
2844,7.020500446551599
2845,4.374204956541047
2846,7.791018486560623
2847,6.569712149853601
2848,6.069771019969425
2849,5.497540359302457
2850,3.38658962448866
2851,1.8327312649417142
2852,7.426174402688754
2853,5.13200432770863
2854,5.300958399254389
2855,8.847026292194696
2856,3.4283329512330036
2857,9.354446696400453
2858,7.425432532246051
2859,6.406592767822486
2860,7.039744045935141
2861,7.37226960585999
2862,8.574640599212756
2863,7.328488611986545
2864,7.630842070104147
2865,4.87441863588508
2866,8.238304769289075
2867,6.726337646620684
2868,8.568944596657698
2869,9.731301550501803
2870,6.005133105369385
2871,6.792886696121005
2872,6.345158017933656
2873,7.595633744337722
2874,5.148386660881174
2875,7.07030487988871
2876,4.2632930987729685
2877,3.6268392882677647
2878,5.7763639758978975
2879,5.6914842980372
2880,3.734245254848063
2881,9.783921703127744
2882,5.385192334451549
2883,5.685105217778252
2884,6.635019741589778
2885,6.413154088435179
2886,0.4561658326617918
2887,6.9219183306694365
2888,8.539456392585109
2889,7.04078152378818
2890,7.675534004351366
2891,7.944977304604801
2892,8.490081536163196
2893,5.304979647192316
2894,9.380982782289697
2895,3.0358678190455786
2896,8.267176386033062
2897,4.968643040336433
2898,3.3331445997297138
2899,3.2746289892793308
2900,5.597070833590106
2901,3.45321093375658
2902,9.143956579293395
2903,8.018579275288367
2904,4.422066075582763
2905,7.707294072010228
2906,7.875712612754182
2907,6.856090902823171
2908,6.155883565346525
2909,1.5181060566640094
2910,6.052354465086636
2911,8.959114504526712
2912,3.845024024218978
2913,6.847023694838351
2914,3.615095691850911
2915,5.6725977689491724
2916,8.58912670747371
2917,3.4907701916308076
2918,8.227008281443453
2919,4.1267286520861575
2920,7.077953961906316
2921,7.730560393548604
2922,3.5179032901600618
2923,7.677232614184656
2924,7.322455600729721
2925,6.547702583407608
2926,7.37303353914579
2927,1.7487282202556678
2928,4.138307943768803
2929,7.761258283352684
2930,5.113269107076875
2931,4.175173723924642
2932,6.250924380206516
2933,3.2929609803104034
2934,2.471853106498026
2935,6.542020772802294
2936,9.61500132745531
2937,4.515726616820678
2938,4.565196077795441
2939,5.917694859436496
2940,5.685385395850353
2941,9.212388903662804
2942,5.18909610707901
2943,5.941393620938394
2944,4.854102418553663
2945,7.484486634654289
2946,8.16291707551391
2947,6.9137867693667205
2948,1.7325328522675514
2949,6.133478345681304
2950,7.360367370756919
2951,5.232262690667688
2952,5.382118321110087
2953,5.7896259484455666
2954,6.189839254281239
2955,3.5700278686159663
2956,4.929716663471714
2957,6.620931107005497
2958,7.574858904717868
2959,5.9391095550879545
2960,6.399571558033474
2961,3.9616617901569096
2962,8.314729347362318
2963,7.859823165517151
2964,2.51254746771754
2965,3.1368948082004042
2966,4.9691748538316265
2967,6.260981180847486
2968,6.235560547797537
2969,5.48709763816179
2970,3.3892553879643095
2971,8.646281117501715
2972,10.0
2973,6.2044020738192245
2974,4.906742510308551
2975,5.443054007060322
2976,6.9250068166858725
2977,4.8365750362368525
2978,7.9946180978296635
2979,6.960422953289052
2980,3.7812007413099185
2981,9.546297978528713
2982,4.79092219561993
2983,4.779474558628711
2984,8.534989425892542
2985,6.770910501446425
2986,6.37840384841656
2987,8.97815481457951
2988,6.852421789974467
2989,9.593808693807302
2990,6.399615694864876
2991,4.958101989574734
2992,6.567795982984195
2993,6.315637772016984
2994,6.170319115552889
2995,6.541129555543278
2996,7.077433072596714
2997,9.748050262739572
2998,6.179459525280939
2999,5.004111120210698
3000,9.002302299161821
3001,8.16479998999051
3002,6.8937511725556355
3003,5.403186248007278
3004,7.689900950981463
3005,6.3398882446972085
3006,6.477426837218674
3007,6.8108697812696635
3008,9.14123694904845
3009,7.3787320709115924
3010,4.5980769154410535
3011,4.323223743700242
3012,8.112026740284552
3013,7.42417614586937
3014,4.950386746989148
3015,1.2572461122684528
3016,8.374445455084077
3017,5.650149058499412
3018,8.671064522141299
3019,4.274571900064861
3020,3.8253020420096275
3021,6.314399189982381
3022,4.357363331657843
3023,6.170943353295032
3024,7.717498532227073
3025,2.665332351436434
3026,3.794477292849194
3027,5.926159009127522
3028,7.68467185357513
3029,4.563063493628366
3030,7.110688085373425
3031,4.31229103613704
3032,7.107583971736547
3033,5.210349806734565
3034,7.368917644274812
3035,8.040445114526815
3036,7.1968120766357035
3037,6.329229340271559
3038,5.928674269575472
3039,8.714056279308748
3040,6.495007881069516
3041,6.763070827125482
3042,2.4022237152617603
3043,4.74266793943588
3044,5.7465406184080425
3045,7.822625619423628
3046,9.526811613925775
3047,6.475639687406
3048,4.919456894127561
3049,8.056348877067354
3050,6.038369120620589
3051,8.39268673516787
3052,2.9661810392020502
3053,6.542237476686622
3054,7.504993871211456
3055,6.647343284934549
3056,7.0140536166070415
3057,7.465459149411908
3058,8.95857482469099
3059,8.131741069276776
3060,4.2710270307442455
3061,5.620060052776018
3062,3.9704766933134623
3063,4.6143504036947665
3064,4.257756982841951
3065,4.356940418975331
3066,7.520718865977483
3067,7.3257325181405735
3068,3.2296172880258753
3069,3.6059490758087716
3070,5.766669473271973
3071,7.215199282207422
3072,4.910651164351074
3073,6.992801071750524
3074,4.599029159281675
3075,7.180929136179278
3076,3.28544601824707
3077,6.743315246886058
3078,8.516659722603595
3079,8.166574084752355
3080,8.690522623772432
3081,6.037649979328609
3082,7.847963113492682
3083,7.228608348366822
3084,6.502410495436192
3085,8.66145889953258
3086,6.060920381277737
3087,6.08161824928375
3088,3.7128669663887814
3089,5.304544764083974
3090,9.264666434555481
3091,4.643370016702045
3092,2.757637630298545
3093,4.141959099159424
3094,3.942471884506277
3095,3.652553422114914
3096,3.9892908974018852
3097,5.809104256284687
3098,8.147227168808167
3099,3.6671042061454298
3100,3.0014260620427367
3101,3.835265967866122
3102,8.030559533737001
3103,8.294037398270591
3104,5.030692658953587
3105,5.659335844465328
3106,7.1128280651391
3107,6.643213538470627
3108,6.860473188002523
3109,8.689342870438551
3110,6.721225618046122
3111,4.674257819300623
3112,6.9648680532068425
3113,5.273945731918139
3114,5.304962151610656
3115,6.229800060004951
3116,6.082721712397531
3117,7.31189020664649
3118,4.158508386085251
3119,8.609976822312833
3120,6.205968079915541
3121,6.0358191947923165
3122,6.646592907970258
3123,5.953931032621993
3124,4.198274980234495
3125,6.199289739573179
3126,7.127534383432506
3127,4.646474514336673
3128,2.8043052920734386
3129,5.4544055128455495
3130,5.288290459378565
3131,4.8044081451998215
3132,4.773761455111775
3133,6.672913367043354
3134,7.161768770967064
3135,5.195179308802041
3136,3.7136557758302793
3137,2.3447169726261228
3138,3.863933677445611
3139,6.800354227330493
3140,9.753351202282696
3141,7.033906478655228
3142,5.379874368481468
3143,6.308225504640283
3144,6.242719561051485
3145,3.2414599002008564
3146,5.5702960317688435
3147,6.007266145743488
3148,3.0955319457012553
3149,8.084064698832684
3150,6.7588540814772475
3151,4.617707737794184
3152,5.552671387071268
3153,3.957222035346298
3154,4.159738600109081
3155,2.9455253703702144
3156,7.186216945097871
3157,7.829911255294744
3158,6.532394625148406
3159,6.2027068510169725
3160,3.073020516096249
3161,8.10814940665029
3162,6.475799858830653
3163,7.390338562137555
3164,8.289328784580785
3165,6.86385968549729
3166,4.750461498698871
3167,3.5573029301488783
3168,8.991831935150726
3169,4.569403033359777
3170,6.617767710952316
3171,5.34976559780581
3172,6.474555804298245
3173,3.729751040189063
3174,6.9035180604198665
3175,2.0617669550322653
3176,5.569922270409263
3177,7.108937441106436
3178,4.935980908539676
3179,3.168138298920386
3180,7.138792162535033
3181,5.084094481018216
3182,5.786256833653258
3183,7.1843274905041
3184,8.108740744548196
3185,4.753962515245605
3186,4.76898402148721
3187,5.467955322045922
3188,5.421985968017034
3189,3.415507927229023
3190,2.2800908259487347
3191,8.134376028163329
3192,5.393847925527161
3193,5.831969609519174
3194,7.562011513608981
3195,2.8351255606957366
3196,8.373500373400923
3197,6.546392178009604
3198,7.244283384811563
3199,3.9181483555321988
3200,5.508905373961493
3201,8.63604111754934
3202,7.417889191945527
3203,6.117332432004883
3204,7.732824466915824
3205,6.809122925607676
3206,5.404854129442366
3207,7.488178673795353
3208,5.487280952258274
3209,3.257555370712419
3210,6.009152239638316
3211,3.4588206572159743
3212,1.4093866637211219
3213,8.910560997502236
3214,5.281172110642508
3215,5.134797166650278
3216,5.417939153994837
3217,4.784975167416286
3218,2.6484069337111458
3219,6.089129734964445
3220,7.19685812393668
3221,7.536446635120013
3222,6.922850297228242
3223,7.455489239534097
3224,3.885674980388364
3225,3.7471241215423134
3226,4.948309030723853
3227,8.992227068294836
3228,4.229132181808196
3229,8.46620509733047
3230,8.688785861097937
3231,7.567537923262895
3232,5.789694319833163
3233,4.888274241180237
3234,4.55704179502425
3235,8.048548866615585
3236,5.779571228859579
3237,7.392052315491776
3238,3.726527082329672
3239,6.862621278474242
3240,5.0068723705066365
3241,7.998798624446472
3242,5.0702370302211275
3243,3.926500728371094
3244,7.466415258345203
3245,6.189110348424653
3246,2.101818629332054
3247,6.563723440850509
3248,9.061222102116158
3249,2.0078474566354156
3250,5.454094376644748
3251,5.917291018100322
3252,6.209101615476628
3253,5.704080627491241
3254,4.67492141785045
3255,4.746119574946874
3256,7.927014443188855
3257,6.579864132066724
3258,8.561730743098284
3259,6.9287634221487675
3260,7.023168836095108
3261,8.152240809143088
3262,8.412605287038144
3263,9.205070815368416
3264,5.451817440889916
3265,8.312509913427212
3266,7.327175319245597
3267,8.434236175984053
3268,7.179026131736659
3269,5.694419531338508
3270,6.385401209065675
3271,5.65510640783296
3272,6.878502790557226
3273,7.828400194414289
3274,1.683662138254944
3275,7.057581711911394
3276,6.405469679404238
3277,2.0914793121936146
3278,4.319245385678048
3279,9.542323339752707
3280,6.830403689147252
3281,5.237745903587833
3282,6.885982880821926
3283,7.633345555120776
3284,6.874728272345941
3285,7.398890968697418
3286,4.299859229921235
3287,9.282983224724116
3288,5.749838068278484
3289,6.429599766532741
3290,5.559557109937666
3291,4.7312418441646
3292,3.8418521845910734
3293,5.599817140002706
3294,6.503067797984834
3295,4.9464158782502246
3296,7.005302653420123
3297,7.241935631124082
3298,6.578701489348232
3299,5.215277445568756
3300,5.482645647193344
3301,5.645260812263894
3302,5.602965425854822
3303,5.003915853654158
3304,5.3306574804699
3305,6.158600024000963
3306,5.889607508404607
3307,6.485360959994359
3308,2.1838607906440273
3309,7.480474416451915
3310,6.767215806303104
3311,8.257556811893538
3312,4.948975806454988
3313,6.13181658783052
3314,6.157427011436093
3315,4.651279447142308
3316,7.074278711601936
3317,7.934093882702055
3318,1.4942733902146064
3319,8.62444258690885
3320,6.9196369138356815
3321,4.323645372747437
3322,1.9139296353792288
3323,8.427523597293352
3324,6.587002771090882
3325,6.284834597994553
3326,9.954992840291517
3327,7.4175002691370615
3328,6.347196430433939
3329,4.598587908107684
3330,7.139428728888017
3331,7.195008340192574
3332,5.655302315415102
3333,5.399691269805482
3334,4.972334097922701
3335,6.263904009697679
3336,3.9314999825332544
3337,2.7539105612591523
3338,6.4178201593918125
3339,4.457884621985033
3340,7.9594420728310045
3341,8.273109313334366
3342,7.065591432259087
3343,6.110550783243095
3344,4.869657862846196
3345,6.802912287097103
3346,6.84317306567238
3347,9.235080487031153
3348,8.532683353899053
3349,7.496491352358345
3350,8.35772870464418
3351,5.242098234728182
3352,5.320589562786184
3353,6.915886025982315
3354,7.411341926717007
3355,6.487442654695369
3356,6.923382942171399
3357,8.088514304627909
3358,8.86478463045888
3359,6.083803017679193
3360,6.42368366139016
3361,8.027551959812238
3362,7.489113437455389
3363,6.290834245901187
3364,7.161011019415129
3365,2.07348977103951
3366,5.103106200853506
3367,5.3618469170242955
3368,7.572251007137658
3369,5.987879547697672
3370,4.327447534845049
3371,6.5368414794421925
3372,6.935920712169684
3373,7.616065409897823
3374,6.042349992212099
3375,5.469970620401096
3376,8.83475351636981
3377,4.318766864935896
3378,6.994747887202883
3379,5.927999126504671
3380,6.408126730148842
3381,8.081646520998364
3382,3.223138258392458
3383,6.502143023755315
3384,6.870027719907969
3385,8.046097662968359
3386,4.374097549406258
3387,7.705240500488626
3388,8.790383749484276
3389,7.633330463134776
3390,7.999954377153806
3391,8.011166658517748
3392,3.539826675889354
3393,6.994746697162304
3394,6.1668235563897005
3395,5.581066251403108
3396,4.15386479351322
3397,9.577115600004847
3398,9.863310785066703
3399,2.3319522899991134
3400,9.561193304927755
3401,6.082198046883832
3402,6.563943176610844
3403,5.421777207363925
3404,5.912751006707206
3405,6.103642458252764
3406,7.798657766804271
3407,7.6509812214478385
3408,6.276570635132565
3409,4.7183749980281595
3410,4.962901860835503
3411,4.961650127745018
3412,4.180029631031488
3413,6.717685806262368
3414,5.666814849337871
3415,6.672316053062865
3416,5.648498352629502
3417,5.9573363617165604
3418,4.679348462035223
3419,6.4937577809929214
3420,4.750484305677017
3421,5.731428457968799
3422,7.3854057734488245
3423,4.536740929208997
3424,7.347106939066736
3425,5.103027731932323
3426,9.306306126781212
3427,4.611770831785029
3428,5.6584148201852225
3429,7.187946370072876
3430,6.487867808628495
3431,5.752499438794736
3432,1.9737622251627436
3433,7.164070206602455
3434,6.431214055461796
3435,6.514550710525333
3436,5.174132784332967
3437,4.573551454505725
3438,8.691309297474474
3439,5.3696137196151685
3440,5.8572213306735215
3441,3.0233921097928764
3442,7.558348020324699
3443,2.6190079730084705
3444,5.758564624059206
3445,6.997880548849049
3446,9.107470251608346
3447,8.100032175324062
3448,5.315911570035745
3449,5.2210538727615265
3450,5.184889542063784
3451,9.04805770474846
3452,9.53312033839945
3453,8.84005736631297
3454,2.120420320192625
3455,3.81861259203421
3456,4.7395951292662275
3457,6.3535034175814395
3458,4.502591823405192
3459,8.543165401926435
3460,1.5892183607223123
3461,5.850977822874646
3462,6.2246743254738
3463,4.413045345900183
3464,7.294286960670767
3465,5.5993207673497025
3466,7.089395799927492
3467,4.702096615334636
3468,4.828521756468111
3469,4.192902117902086
3470,5.618055704669267
3471,4.702584394404019
3472,3.9981593002767974
3473,5.30299557527585
3474,9.089964532979081
3475,4.559952201023926
3476,2.2359493762258666
3477,4.0156013117335885
3478,5.481248983257306
3479,7.242046361577971
3480,6.874962422063155
3481,3.48023251432976
3482,6.669783126947653
3483,9.095393667053047
3484,5.338932589795899
3485,5.614810000353621
3486,6.162365454683377
3487,5.1220331735564555
3488,5.969725069843594
3489,4.0084704364550285
3490,3.9788567299013
3491,8.084936368587735
3492,8.66607149118588
3493,7.479525894835913
3494,9.309323235421356
3495,6.30587476656353
3496,8.104832004631298
3497,2.0155577563343456
3498,6.052490541196265
3499,6.692885113636821
3500,8.444312103037193
3501,4.2853777412659255
3502,2.4534837581688658
3503,4.239198495139989
3504,3.730539180260755
3505,1.499737582055503
3506,5.994008339833188
3507,7.818373698456977
3508,7.11310794244419
3509,7.15345843467996
3510,4.642046429387138
3511,6.625340993326612
3512,6.260634270398819
3513,6.444291063927604
3514,6.674289757088651
3515,5.510404488818529
3516,5.119301545244198
3517,9.307285617475525
3518,1.123694986997874
3519,6.54015764639543
3520,5.548046568422192
3521,6.331755176074424
3522,9.004649009655147
3523,5.189849939909754
3524,7.536497663387161
3525,8.909718240426585
3526,2.948994744211798
3527,5.671618995429003
3528,7.899892562578805
3529,9.695072519930463
3530,8.198231429355298
3531,4.3312017628058905
3532,6.157740155315396
3533,7.417325921180879
3534,6.83108848923374
3535,9.41142538357578
3536,6.440819173066746
3537,4.036883212985066
3538,7.403467316776471
3539,7.490351969654723
3540,5.634827460256816
3541,6.794471166023357
3542,7.346656349023684
3543,6.391431669219189
3544,8.322922171604633
3545,7.6237258512140045
3546,7.817867253497139
3547,6.5356045805437075
3548,5.756821210270691
3549,5.301473082082567
3550,6.15502829433748
3551,8.956868728688296
3552,8.291688773246204
3553,8.069196753198668
3554,5.334628172427715
3555,7.783083144245163
3556,5.860320996107724
3557,2.8906580981710484
3558,3.2519732403892445
3559,5.444842577410622
3560,4.25041345728533
3561,6.318489362117052
3562,5.351133542236008
3563,7.854333230312228
3564,8.506044351463256
3565,5.814728537655623
3566,5.437567025919099
3567,4.7427596490239985
3568,6.63945262671078
3569,7.201830319295526
3570,5.976516280981572
3571,6.084112196746553
3572,2.1881315431826387
3573,8.551612931122449
3574,5.302134038222922
3575,4.97307863729133
3576,7.962498739788652
3577,4.202628005615428
3578,8.564963347988085
3579,5.4264380276464665
3580,4.876146524063872
3581,1.9602496270626317
3582,6.105330573600197
3583,5.779737928972158
3584,3.021578766310328
3585,8.226326580715384
3586,6.447510440921752
3587,5.61778103417396
3588,4.896162797463977
3589,4.928886394581115
3590,2.8184039490054844
3591,7.546529290955478
3592,5.791267228396938
3593,8.142883946109194
3594,6.518218547896945
3595,4.820939026832085
3596,7.956616498213467
3597,6.406564441823189
3598,5.673294597450274
3599,6.803504296168386
3600,4.89567788467753
3601,6.631487329217725
3602,3.408496939451843
3603,8.726822877993207
3604,5.184423290668907
3605,5.608391366467893
3606,1.0120241743778917
3607,4.431512506754405
3608,6.614693920444768
3609,5.386575513800223
3610,5.64755024433207
3611,8.91736668982904
3612,6.219992445264791
3613,5.129803792440034
3614,3.4957678596098427
3615,1.514625388358717
3616,7.881784570879462
3617,5.94699409338341
3618,7.399162094999157
3619,6.669218369361895
3620,5.52278773078956
3621,4.057334428652492
3622,6.298949962525295
3623,4.651123258998892
3624,8.769738143206414
3625,6.405964347565247
3626,8.931176405459533
3627,6.87936852036719
3628,6.684221164822219
3629,3.8662546994577442
3630,6.070249493838251
3631,1.615719954268751
3632,9.465353749812705
3633,6.284203931604019
3634,5.893724794789197
3635,6.0392282854242545
3636,6.277326604287957
3637,2.137390606159859
3638,5.657038694332217
3639,3.3732723129485076
3640,4.842244302102568
3641,3.7512072795639186
3642,3.5039497115146228
3643,7.57991843742707
3644,6.955749888430367
3645,7.235660342406716
3646,3.2157211380529755
3647,6.439226175269009
3648,7.508099455278407
3649,9.683345292715227
3650,8.24551077494101
3651,7.7688789391729465
3652,8.61174400841949
3653,6.602204657410571
3654,5.639356228070632
3655,8.856406290288135
3656,3.0930092811519234
3657,9.09935243699114
3658,5.549511430687094
3659,4.494799972854228
3660,7.900721013210443
3661,7.104609832244572
3662,6.084080291301789
3663,5.538655536825761
3664,8.484903530941574
3665,4.214927364983288
3666,8.007603209576622
3667,6.843693350893215
3668,7.547200892528989
3669,4.7871485484424765
3670,3.4264879875237257
3671,6.772996484963345
3672,3.0946409032184508
3673,6.520824629200434
3674,2.636189504696933
3675,2.061414443476613
3676,5.654094385981567
3677,5.487363942002337
3678,5.441716841955632
3679,6.301693263428911
3680,10.0
3681,5.528749038331476
3682,9.142439339215278
3683,8.931163921904085
3684,1.2305441515357611
3685,5.43286277757376
3686,7.055868691571904
3687,6.393887997065406
3688,3.2375041540987173
3689,7.061449673194316
3690,5.910065252488414
3691,7.077606880771741
3692,8.079181068696279
3693,8.971177684061033
3694,6.504445192385154
3695,7.632922086252783
3696,6.44510571679195
3697,8.321024143548167
3698,5.192118838808158
3699,4.704789901856211
3700,2.8757996534928894
3701,3.7146190857696566
3702,9.103088221496314
3703,3.5602637592162143
3704,7.613386217068189
3705,7.144513819278342
3706,3.139208391408216
3707,4.664234826707613
3708,2.4476178486841045
3709,5.959299458047722
3710,6.144077241804
3711,8.488269142054987
3712,5.709043989712813
3713,4.021996530426253
3714,5.0868138614827885
3715,8.01857185850794
3716,5.489329482377128
3717,6.369278372067475
3718,6.895470950862461
3719,6.7912977084153
3720,7.853424610414265
3721,7.981634659049778
3722,7.2201376359477685
3723,4.025225784538438
3724,8.358652732949917
3725,6.164955757186597
3726,2.6095689468397394
3727,6.44332905243361
3728,7.392988851247956
3729,7.061230117720133
3730,0.29048591316602124
3731,6.449069511155873
3732,5.02575319146627
3733,7.417643178372243
3734,6.815339747328921
3735,1.8602574059026966
3736,6.543056877573859
3737,7.492913894881862
3738,5.8572960149833335
3739,8.699037544659344
3740,6.698347588360361
3741,3.644874686019672
3742,8.859796724362033
3743,4.70840593160647
3744,5.765028529895916
3745,4.857727140265262
3746,9.615764415434947
3747,7.834567353954342
3748,6.828403395911971
3749,7.505628241629147
3750,2.510990315886274
3751,3.8376982596685325
3752,6.432655319193488
3753,3.797329511386844
3754,4.1415167776408754
3755,6.358463215111594
3756,3.270279709734227
3757,7.760646106823529
3758,7.905173336971211
3759,7.011324093512616
3760,8.929047165664771
3761,7.124592399317239
3762,4.32455201844054
3763,8.431932341054129
3764,4.608571597013107
3765,8.969782550609356
3766,3.350411701707455
3767,5.940237959584646
3768,6.075318336435846
3769,6.259635203061354
3770,3.597815065465803
3771,6.212614692672449
3772,3.1870154175180923
3773,4.979231589935558
3774,6.066732039860986
3775,6.676642606212382
3776,7.475800838417442
3777,0.8050990442944533
3778,5.935818333005989
3779,3.381452101767966
3780,2.86897372907098
3781,4.247239518514384
3782,5.4695631894329
3783,3.9011785602617817
3784,4.051204264611583
3785,8.15409356145604
3786,1.8616111055664326
3787,8.183585188141148
3788,4.948276948729293
3789,7.438095556419399
3790,7.69591571184463
3791,5.123685307670458
3792,8.538934862136566
3793,4.345430733271759
3794,4.953483676216844
3795,4.521123806205764
3796,4.090344678971035
3797,6.391484276310221
3798,3.7279906796563846
3799,6.300186204093345
3800,5.169379814772568
3801,8.667849724555674
3802,3.902544163602077
3803,1.3514154841818682
3804,9.194478360009532
3805,1.6858252356278767
3806,8.120163978730762
3807,3.026095656719517
3808,4.107822987868538
3809,9.237491036814534
3810,4.872432637163676
3811,7.283564721957992
3812,6.461997776121196
3813,7.019925035983464
3814,4.9258801616846775
3815,6.953024393808195
3816,5.40198047953271
3817,6.418619671141643
3818,4.667934745209251
3819,6.09156261279275
3820,8.449621137010581
3821,4.246807129646194
3822,8.036401032704406
3823,7.210015463563703
3824,8.44016753036279
3825,7.853171671520414
3826,4.651851333250408
3827,9.373871419851376
3828,6.287037108804434
3829,5.955709757453864
3830,6.501381062307536
3831,9.21317140818713
3832,7.5700550908235495
3833,5.337913912641952
3834,5.9082625430434454
3835,8.705531485574298
3836,5.8087823747428615
3837,3.7032258882406093
3838,6.715645586361065
3839,3.8015149027252897
3840,8.77030333435575
3841,7.155657237764688
3842,5.913720146035732
3843,5.496233530643112
3844,4.756075489498718
3845,8.901905721702054
3846,3.002207815503075
3847,5.8109111801283495
3848,6.637406795363052
3849,3.7150255262172975
3850,9.187970433727859
3851,3.2582392067972563
3852,4.785848126517066
3853,6.095737754926944
3854,3.219890476746153
3855,4.050487630109275
3856,5.353233180419606
3857,7.211424929749132
3858,9.599241593141647
3859,3.567623094955888
3860,5.617134425539909
3861,6.937297951846636
3862,2.3973343291168066
3863,4.6034281373049275
3864,7.8808132772719635
3865,6.251266328932983
3866,5.456514781480721
3867,6.455724274981156
3868,4.45211866914037
3869,6.221780347707902
3870,7.0106539982107
3871,6.224802318496112
3872,6.166822040511444
3873,5.55339685834468
3874,7.065635463213931
3875,6.205332363068248
3876,8.093955177661938
3877,6.781591907356997
3878,6.813493300274314
3879,1.9098365878768573
3880,7.450040550319697
3881,5.233905426552213
3882,7.3169501168806015
3883,8.166470527701213
3884,8.105412502808264
3885,4.082567077017311
3886,2.091892610194556
3887,2.404960554569053
3888,7.8879674714929395
3889,6.674452433390655
3890,9.391493274517376
3891,6.967086735773283
3892,3.086115606867028
3893,3.4359616592120403
3894,7.419246883636761
3895,5.813148673811359
3896,5.415290731235663
3897,3.259093071296252
3898,6.512108586064279
3899,2.067487193102744
3900,5.080138307126997
3901,7.3000142061805136
3902,8.516318123944716
3903,8.455272593554668
3904,6.364516654949693
3905,7.325708993300216
3906,1.2761141868064518
3907,8.735787038506734
3908,3.8169940210922557
3909,1.000079358140709
3910,7.424582285955159
3911,6.8772375557463405
3912,4.108159206890364
3913,5.091938972381829
3914,5.1628388992692775
3915,6.37753650344126
3916,9.355236588260992
3917,1.8107589881592898
3918,6.362898562100016
3919,6.322738937946156
3920,0.0008148496421893185
3921,6.384602319919882
3922,3.3589564996503465
3923,6.874224834341679
3924,5.736075011216371
3925,7.960678279854404
3926,6.631697489258642
3927,2.8742412799946644
3928,6.860595920947199
3929,2.119698165765058
3930,6.361956605304528
3931,4.338572009730167
3932,3.395571818845517
3933,5.687575614218462
3934,1.3773544931141428
3935,4.615208121665174
3936,7.662032838815472
3937,5.247992143088524
3938,4.502469277650518
3939,4.745970153608782
3940,7.387108591960568
3941,3.2242070057405057
3942,3.496450598717739
3943,6.38452908888421
3944,5.129240423277472
3945,4.353223872113939
3946,5.673221036833034
3947,8.220728581294503
3948,8.60597098357957
3949,3.683804423277895
3950,2.1168453161625944
3951,6.071691414754355
3952,3.4129253491132268
3953,6.694136510284382
3954,6.18926527387948
3955,7.426294033423958
3956,5.5774853592670555
3957,5.665035130060833
3958,4.758697001349908
3959,8.134057467398511
3960,7.459454586534379
3961,3.7722005966712686
3962,7.73126922573715
3963,4.293297365598269
3964,3.83396207056729
3965,6.557370209370927
3966,5.520868969980022
3967,4.65750385097343
3968,6.975333714727425
3969,1.2852561633142638
3970,9.25013829093101
3971,8.627905832281918
3972,6.3728236308946675
3973,3.8374791095163183
3974,9.264000784386054
3975,4.964735392153446
3976,8.848583525590584
3977,6.539981535557965
3978,3.1103863603217743
3979,7.0977408942452325
3980,5.287221060317401
3981,7.610715357771137
3982,9.858412854743818
3983,6.858843314292173
3984,3.3612136691347367
3985,9.61070935070062
3986,5.363945038226636
3987,5.298834152302252
3988,6.99789422863512
3989,7.472652020885093
3990,5.858049687007329
3991,2.0083103892894507
3992,5.826413708224717
3993,7.906998098765812
3994,4.014616321875249
3995,3.883753115230853
3996,8.824152351479183
3997,8.145875379888368
3998,5.709339342381872
3999,5.525172209970757
4000,4.733375553222131
4001,5.833095653056983
4002,3.871229850445397
4003,4.867744802869314
4004,5.283053257169714
4005,5.411384078985818
4006,7.043312484141261
4007,5.024334207165481
4008,8.75027940767964
4009,7.225299924276137
4010,5.644620355964366
4011,6.842796170408242
4012,2.2840450196609416
4013,2.99962128077264
4014,3.473704816614491
4015,4.989322878551431
4016,4.094254146216524
4017,3.471923944127723
4018,6.525464515384831
4019,5.55923135979494
4020,9.09004475993655
4021,2.185485859208002
4022,8.44238414332885
4023,5.669183603964488
4024,6.385836563319816
4025,2.0124467065635114
4026,7.3665173998174005
4027,8.353130983570855
4028,5.423405863958838
4029,7.4453706297198305
4030,6.1557913798261215
4031,7.80099551361983
4032,5.277134685906443
4033,9.115132753467847
4034,6.6258674893676925
4035,6.35488716155645
4036,9.8151359535995
4037,6.550663991327247
4038,5.52818714588205
4039,4.749883153509516
4040,3.214663503962834
4041,8.283828245782031
4042,7.1382678364796375
4043,8.126981016502178
4044,6.38383801590961
4045,7.951524289063565
4046,5.001192338775363
4047,3.055063703367745
4048,7.371598328371933
4049,4.077524730692403
4050,5.009190878465728
4051,2.2151853851991157
4052,3.926099933259363
4053,6.088531672275556
4054,7.926995449484181
4055,4.508491127231725
4056,6.652917949672303
4057,7.672358751997134
4058,8.420897887415444
4059,6.718482096943934
4060,8.224066300802534
4061,6.652499476886199
4062,3.012777980172798
4063,7.579011665804973
4064,6.150818035360696
4065,2.5340121267549556
4066,6.457160491941984
4067,5.565203096293848
4068,4.897807683039638
4069,7.675075187168421
4070,7.025746676219677
4071,2.9874992716704716
4072,7.572309236098328
4073,7.9657502837209515
4074,6.037611522903177
4075,6.562795413854612
4076,4.038540077583814
4077,5.743696837429335
4078,6.647384250005325
4079,6.493973864122901
4080,2.3576914371178344
4081,5.479923186994984
4082,5.2511628201843745
4083,1.7548969537971932
4084,7.234918792794631
4085,6.3370945703321455
4086,7.860842283728338
4087,5.56359776776052
4088,5.982202927839628
4089,3.788329485003408
4090,5.136395659730974
4091,7.777874058742581
4092,8.141951487902892
4093,4.535986443683943
4094,8.517041567989354
4095,7.273380761075646
4096,7.395490554709682
4097,4.603489430175468
4098,7.648788403003451
4099,5.013840571091722
4100,1.2223157628512298
4101,7.257518415914986
4102,6.878578585233593
4103,5.395755457671933
4104,3.289726480265562
4105,5.94046098024795
4106,7.559994216597611
4107,4.999526374455938
4108,5.956913936416467
4109,5.768436925571274
4110,5.528358492491853
4111,5.108640243520268
4112,9.168665065878093
4113,4.308029300042949
4114,6.972272739518159
4115,6.047451509953649
4116,8.909177945375282
4117,6.31866990255647
4118,1.409520345887302
4119,6.354946968365814
4120,5.56082593376302
4121,5.235364213112575
4122,7.924517477292483
4123,5.631072896574123
4124,8.5403576195623
4125,5.061571203957913
4126,5.169086586392654
4127,4.162472386728331
4128,3.9536912040624372
4129,4.320691614108374
4130,3.714886446536404
4131,6.366743811546758
4132,7.814516596177477
4133,4.635599142897307
4134,2.5830112074284393
4135,6.122767406737081
4136,6.085872844144049
4137,5.026058881915886
4138,1.7781164259669677
4139,7.279117120846369
4140,3.943679888803515
4141,7.845372937247056
4142,3.7498680373971736
4143,7.7942292789433045
4144,4.450184157598017
4145,5.343324844935324
4146,5.918165569730585
4147,4.694214374358757
4148,5.536837282115043
4149,7.151607482501165
4150,3.4466527223659127
4151,8.894400671228311
4152,2.4692070568445597
4153,7.514638198724306
4154,7.509774035225617
4155,8.260078525704854
4156,2.7061717973188553
4157,6.062356242308998
4158,4.530124887655466
4159,4.554899185575548
4160,5.8653067341813205
4161,6.971949547174174
4162,5.07580744960296
4163,5.63125974457842
4164,6.254444309447987
4165,3.0161335163303393
4166,0.9917251368387692
4167,6.5588180705543735
4168,5.174493608396418
4169,5.181140355025181
4170,3.12142215395827
4171,2.860659390279306
4172,5.211804366443888
4173,8.025236183957217
4174,6.734638457114004
4175,7.418739450109418
4176,5.084703623200366
4177,6.674357224530567
4178,3.3962612388041347
4179,7.60129544347827
4180,6.9386660435306196
4181,3.692796976668868
4182,7.724572934607483
4183,5.120428932046597
4184,5.660815913492435
4185,5.226413166080625
4186,6.590212030894648
4187,8.5620162726599
4188,6.963587768671768
4189,7.868314969855145
4190,4.529166582847071
4191,7.001240814071144
4192,7.073695258147778
4193,5.47976777068137
4194,3.143731520856527
4195,8.494246066268056
4196,7.025587665780567
4197,2.778416562577604
4198,3.914837758626977
4199,9.62186888307747
4200,5.389889920234225
4201,8.672356880022004
4202,7.12169593154443
4203,5.849754267817621
4204,7.6559799850256205
4205,3.3987425901692676
4206,5.558540241654441
4207,7.536499942541677
4208,2.652506645979664
4209,5.8077967168881806
4210,5.136951714671214
4211,4.659689358180587
4212,7.607115722581275
4213,4.5625331428127005
4214,6.3964885219041605
4215,5.695491292310199
4216,6.256985111520357
4217,6.714840173947332
4218,5.333952922247038
4219,5.845398848407064
4220,5.862041045185553
4221,6.564217223663725
4222,5.197798120605597
4223,7.503783489197298
4224,4.546502686718446
4225,4.509413408736757
4226,7.313716945056541
4227,4.224675180891606
4228,1.2375367718023367
4229,3.4139067557517726
4230,5.512360678315469
4231,4.927203774526117
4232,6.431444687959932
4233,3.5458270402104834
4234,7.125508412648831
4235,6.125820394562725
4236,7.618893494562909
4237,6.7995145556701
4238,5.831038001229771
4239,7.930760528678004
4240,8.244884621213643
4241,7.283043188959981
4242,7.621344895753068
4243,6.5470457808438836
4244,6.5298431294542105
4245,6.713584177489553
4246,5.60257407402489
4247,7.920812328456002
4248,3.6957910190625793
4249,8.015587835114564
4250,3.3639448526709526
4251,1.931456736389272
4252,7.807522234116641
4253,3.8984353036516035
4254,5.412089806512279
4255,4.614707034879816
4256,5.988583293067529
4257,5.17431979666594
4258,8.287771689206856
4259,9.248986513806823
4260,7.229814896885937
4261,1.7789491251533367
4262,5.08331820108415
4263,5.503998431600843
4264,3.3148058316677043
4265,4.487589868155866
4266,6.9765436687599856
4267,4.708077961165326
4268,7.1530568962347605
4269,5.119790971452659
4270,3.4641335652239507
4271,8.851726340392025
4272,6.960518263287077
4273,4.229283604191769
4274,3.92901359218889
4275,6.262625945638037
4276,5.563688884497758
4277,6.874789228970307
4278,6.74584726405654
4279,2.842345502617372
4280,8.355244701277792
4281,8.564027533792185
4282,5.306910580666224
4283,4.84956798708886
4284,6.9299116827557405
4285,6.434120752470687
4286,5.255849347954728
4287,4.435718106392422
4288,5.983779753340828
4289,6.462914520436682
4290,9.244568748939596
4291,5.824958360858718
4292,9.168704449394278
4293,5.491794354121888
4294,7.416541303500535
4295,4.580156284580724
4296,5.405122053502491
4297,2.8039560487588884
4298,1.940990902131312
4299,3.6055995534613734
4300,7.532077869029511
4301,5.486967776570576
4302,8.410057020089743
4303,6.22464763589219
4304,4.6035610696574345
4305,7.096477358140766
4306,8.256580223511735
4307,7.024024904860264
4308,6.592038703327118
4309,4.973171654820988
4310,8.287673009435322
4311,6.755562471482032
4312,8.047057585943756
4313,6.383539055522167
4314,7.905135269828335
4315,4.785812555912815
4316,6.325007379835899
4317,7.042029377813161
4318,6.129712978874935
4319,4.470824344873959
4320,6.223941525805213
4321,3.549091709166622
4322,8.16467750686392
4323,6.428702662399964
4324,3.932926690070042
4325,8.623889354638356
4326,4.66152337751466
4327,5.991352768374881
4328,6.535696001698625
4329,5.0257699745029285
4330,4.650025559762739
4331,2.2320652204637086
4332,3.6557806982593535
4333,3.9750856428442267
4334,6.918865493349529
4335,5.2280979598657265
4336,5.2165309429247415
4337,4.866586094717052
4338,6.683232734774819
4339,3.978983112074701
4340,6.125355667091329
4341,3.350877318249598
4342,2.8738488441221017
4343,3.2767505358808258
4344,5.391164611905771
4345,3.5350335232001564
4346,3.988127115060519
4347,5.816021797746126
4348,6.560176095832174
4349,6.840641358296172
4350,8.402839325339276
4351,8.72027135804078
4352,7.700764012066754
4353,5.906272603319384
4354,4.511057995513498
4355,5.81222768175108
4356,5.523543767011287
4357,6.7563594853112185
4358,6.217667357297513
4359,6.5016805277356955
4360,6.201955063580312
4361,6.495929152503739
4362,8.42823984265603
4363,3.02063367741746
4364,7.578734975660221
4365,8.671218891172616
4366,8.17260308665412
4367,4.305894646126142
4368,9.768803802103314
4369,3.2613247527523703
4370,5.020879002110259
4371,3.179110813773949
4372,2.6301363127363326
4373,8.982043810270946
4374,5.174661498575052
4375,6.562920932637075
4376,3.0410307900641835
4377,7.031728154520222
4378,6.752464803384631
4379,6.232547177443111
4380,5.597141015483588
4381,6.261244323844835
4382,6.076966696740038
4383,5.319275230243578
4384,7.984806953477581
4385,6.678994047373825
4386,9.772498748784598
4387,6.037909677283316
4388,7.127591465537397
4389,9.217763220667024
4390,3.9977078829900794
4391,5.503229075234701
4392,9.31341107749081
4393,5.695351075319575
4394,9.452143802428004
4395,7.084838763047489
4396,4.891035257691897
4397,2.180840089333556
4398,9.433711838197185
4399,6.638034132992004
4400,5.490020012984939
4401,3.7068525481416343
4402,7.118675580308283
4403,4.544737965614234
4404,9.36840085566765
4405,8.34788667704146
4406,2.293311896925579
4407,7.67592443570383
4408,3.5694647086151634
4409,7.013333066361811
4410,4.780508531240078
4411,3.284704319794966
4412,4.36454615855029
4413,1.488860830985466
4414,5.151385841256397
4415,4.025677887726777
4416,5.180438416198232
4417,5.570587333429032
4418,5.1912448352761125
4419,4.409959957369614
4420,4.677326283753383
4421,7.379706767114243
4422,6.698624160154539
4423,7.084973577953054
4424,4.699162665184746
4425,5.454965423343495
4426,8.580324861551325
4427,4.2054508202036995
4428,5.155729122657818
4429,6.473063470699866
4430,5.414881294283534
4431,3.9256136065033083
4432,3.3272378888122596
4433,8.431907705222475
4434,4.67386518996093
4435,6.2444587025127385
4436,5.842581522477575
4437,2.08889514490177
4438,6.459761133814958
4439,6.323723020627747
4440,8.182899324648462
4441,9.363164259913027
4442,6.206461002608126
4443,9.044353160753328
4444,7.2481497411786675
4445,4.207595711714562
4446,4.828921982841276
4447,5.946084918910543
4448,5.91405428534682
4449,5.064945771553546
4450,3.6768079616070324
4451,7.118951457570604
4452,5.501404826136649
4453,6.127319441638417
4454,4.172631350733389
4455,6.378257217426939
4456,8.314716947274498
4457,6.983953385202732
4458,4.788454059257452
4459,9.268972089349054
4460,7.9059199288239945
4461,7.190050463785569
4462,3.57431314440505
4463,2.613763919961408
4464,5.929810250590382
4465,4.5971435589559
4466,8.150150208456466
4467,4.305668225669112
4468,6.973291729063508
4469,8.77783533089016
4470,6.203765400755864
4471,7.909471486254857
4472,3.7802747601061277
4473,1.455341237172921
4474,4.7789433958776995
4475,4.7600045755958
4476,5.680895415552698
4477,4.031769330453198
4478,3.9783056462537516
4479,7.2660989283504875
4480,4.561061589099222
4481,6.535845593347048
4482,5.821485701218941
4483,5.447026709140895
4484,7.7755145003702895
4485,6.847518700075632
4486,4.516441672555482
4487,9.782027522973733
4488,5.556952212893481
4489,6.314465993999797
4490,5.628506596776264
4491,5.47255716949727
4492,9.504855134633583
4493,5.228278655443712
4494,8.373241020244711
4495,2.3982070220256317
4496,4.597576704325161
4497,4.604133213969887
4498,3.279215570685813
4499,3.8798218236115325
4500,5.943519678545552
4501,6.121544001437043
4502,2.120261532426129
4503,1.7627888741889541
4504,4.494731098379659
4505,7.545713176773832
4506,3.5692572560058333
4507,8.692306593200483
4508,9.142377532113494
4509,6.349146542748008
4510,4.544059782382031
4511,7.3018309472936735
4512,7.264777747269782
4513,7.317397649858549
4514,8.841140869479352
4515,8.049965570503018
4516,4.355245009855278
4517,6.86614095627481
4518,6.69520175690666
4519,0.8874020815264125
4520,6.954860914650151
4521,5.34908379835068
4522,4.8557131038640255
4523,6.896593164037238
4524,4.5258644226643066
4525,6.941897321362591
4526,6.662995989175796
4527,8.08866095591103
4528,7.585850448241924
4529,6.867843182727277
4530,7.226782347377868
4531,5.158430011075252
4532,2.883076052238999
4533,9.608195299816188
4534,9.592775271233252
4535,5.653778716742027
4536,7.505781908667046
4537,8.37393008060933
4538,5.910776666878082
4539,7.171542871024057
4540,3.3856014343327896
4541,4.600383666305013
4542,4.125639001969322
4543,4.085790753867437
4544,6.344260628068777
4545,6.1012133612240795
4546,5.496922405733402
4547,5.40149211043979
4548,3.7629771972263653
4549,8.86737220872431
4550,7.123863150457141
4551,5.165458546519881
4552,4.378330209957303
4553,7.95685200529884
4554,4.3400613375662385
4555,9.859365500339392
4556,5.465837965721182
4557,8.632626276291147
4558,3.130675028357741
4559,8.10260020940876
4560,6.659436232007401
4561,7.441231620309944
4562,3.713908422029539
4563,3.78653507260801
4564,7.567591633207129
4565,1.6916767350263329
4566,8.126381215902844
4567,5.492490204228234
4568,5.309658241218097
4569,5.9324392824094065
4570,6.089080390172635
4571,3.863838104861493
4572,6.699479724582906
4573,7.001899685937994
4574,6.212295767222762
4575,3.9584882718541357
4576,6.104260291966629
4577,4.620889476293409
4578,6.259773103660337
4579,7.534549977545872
4580,8.60719522511848
4581,8.697233689406866
4582,8.052882904765008
4583,8.893730693199839
4584,3.5960153870646967
4585,7.0270259484837005
4586,7.667699518930969
4587,7.575913536314344
4588,8.108221923400158
4589,8.08551448211467
4590,6.233175254050866
4591,8.17230554506802
4592,7.226161189905458
4593,6.779577079637823
4594,6.185232769871593
4595,2.6661701512817966
4596,3.9589255687051113
4597,7.053555808711711
4598,7.56099140156843
4599,3.736784282908614
4600,7.086049403406996
4601,6.180241362420814
4602,5.684548835422621
4603,8.394309630407117
4604,5.370492875141961
4605,9.209164743281457
4606,6.415376334350269
4607,8.309573544587035
4608,6.951516492109754
4609,7.156476034261553
4610,4.189307015989774
4611,5.387794343370433
4612,3.5021643809935377
4613,4.112829706405259
4614,7.672933503649957
4615,6.724775247151122
4616,7.6415196811148896
4617,7.913842948740235
4618,5.771566960643243
4619,6.442754411600882
4620,9.247229655448816
4621,6.827666031983396
4622,6.547983291101714
4623,3.8467464494387547
4624,6.236211758674461
4625,1.4296603544912276
4626,6.8904655099996965
4627,8.972053947692055
4628,4.679736546332071
4629,4.572821870016828
4630,6.1471845914518894
4631,5.023587331152938
4632,5.411071466256373
4633,8.52958923265539
4634,7.2001277975832885
4635,5.383664901150218
4636,5.931032061488121
4637,6.231462648572696
4638,7.25196050499824
4639,5.369333065316084
4640,9.392636955443486
4641,6.643886596513146
4642,5.700933526529007
4643,7.218159004729204
4644,4.751122827850768
4645,8.939756235044417
4646,6.438038777125435
4647,3.461960053083637
4648,5.975985222452314
4649,7.596361306341638
4650,5.753410087517619
4651,9.048567971069863
4652,5.839219908566479
4653,9.46000564788966
4654,6.706901481747137
4655,8.028767200806609
4656,6.92573947746458
4657,5.419840537897869
4658,3.752480617259291
4659,8.400857843255752
4660,6.767838632416009
4661,5.903434587544962
4662,1.4051532834019977
4663,8.350794185421675
4664,6.272161075083402
4665,4.127895233260094
4666,7.169471692189971
4667,4.7218518683210595
4668,8.541362838321762
4669,5.094973887583436
4670,4.855001314909908
4671,8.241407887390679
4672,4.3300466034213425
4673,8.645326055997511
4674,8.762763801560927
4675,3.033818881148383
4676,8.060525928769144
4677,3.3370526465802186
4678,6.3510519899662246
4679,6.015802326892515
4680,6.465041476445784
4681,7.086949393321097
4682,1.8612618051605008
4683,7.9272966086967
4684,8.708728388451501
4685,5.866540598481379
4686,8.033050121142015
4687,4.050363720490709
4688,6.776484717060091
4689,9.822762239726941
4690,4.14039839813251
4691,7.228663515540934
4692,7.218913266520275
4693,7.920771515448743
4694,5.856014257390504
4695,5.375326849010464
4696,7.391399832047507
4697,4.097827425161068
4698,7.856101607562502
4699,7.074175809262081
4700,3.76545845381729
4701,4.956929901365105
4702,7.135633295106947
4703,5.015296250724652
4704,4.995592409444017
4705,3.633768062909125
4706,3.2611815044828916
4707,5.224304233670098
4708,6.2159908490796285
4709,4.388245665324195
4710,7.453889302646196
4711,5.233437975144257
4712,6.5947772990492375
4713,5.091738421007796
4714,5.346027777635985
4715,3.6901426517102074
4716,5.975744380060737
4717,4.547752537900143
4718,5.787941923566008
4719,3.972001534800002
4720,7.569190368401496
4721,2.09145512680424
4722,4.9284164234646015
4723,7.773207318673438
4724,5.772457802565992
4725,4.2602046500069
4726,5.4269854468158325
4727,4.302448784160102
4728,8.329967770747823
4729,2.454000969297755
4730,6.67999176752289
4731,5.7182615623645825
4732,5.686522475705299
4733,8.16754334479179
4734,7.319207645862613
4735,8.277947246032237
4736,6.846491636712704
4737,5.922919311437806
4738,9.29860675006007
4739,8.569108432505631
4740,5.794419371496744
4741,7.319804839346972
4742,6.159032362837932
4743,6.0527777513222825
4744,6.105682083424423
4745,5.784647434013304
4746,3.4502299187750176
4747,9.253601242785617
4748,4.869284241187876
4749,4.6986614010503
4750,7.765453178257365
4751,6.363856814057549
4752,7.087996028923765
4753,0.5893868880786599
4754,7.187960706639188
4755,6.722514086938565
4756,5.437041425372632
4757,8.349121496352874
4758,8.632372853218227
4759,4.701121642262809
4760,3.7817239394175743
4761,5.765128897088405
4762,6.47141430319091
4763,6.542233676561688
4764,5.028144861184798
4765,6.781935342386088
4766,6.571027603525876
4767,5.870339319234402
4768,4.991900593765879
4769,2.8265573155872907
4770,3.099675835973394
4771,5.616453132490863
4772,6.8873447542101385
4773,5.926430194814976
4774,4.620194487549596
4775,7.070406115199244
4776,6.5692732034066434
4777,6.795479328517954
4778,5.968806595502819
4779,9.169047226509345
4780,6.277712723102802
4781,4.661642830826135
4782,7.18379617892177
4783,1.532056552512466
4784,5.118794331738284
4785,5.453091203149951
4786,7.628110748286537
4787,6.307296460757969
4788,8.96702674671313
4789,6.303577809204659
4790,6.244138779230168
4791,7.8360834016311545
4792,5.44047825413698
4793,6.48590298878346
4794,6.237586565972167
4795,6.405181825257706
4796,6.3492536409422815
4797,2.9209196248199127
4798,3.3573079229199267
4799,6.1429320819712565
4800,4.872084051831333
4801,9.463387064989295
4802,7.461210280787713
4803,4.930863372760479
4804,6.417296925442517
4805,6.0912861133727
4806,6.367814408685863
4807,4.561055627183744
4808,6.1468699166675265
4809,6.075262899961848
4810,7.145708291854474
4811,2.6749491123308307
4812,3.8528787547328047
4813,7.3394483290004775
4814,2.6980959951059957
4815,6.384002977360005
4816,5.517768119075857
4817,6.438633262015997
4818,5.932243404533494
4819,5.215074935779489
4820,7.904410759465716
4821,5.668377206529756
4822,4.625741026453639
4823,6.584916766457123
4824,3.611198069388884
4825,7.964963297357778
4826,7.413990583531724
4827,4.841498801284011
4828,7.645402093826383
4829,7.123358361029762
4830,4.299856081660011
4831,4.792307568748186
4832,6.768619392939887
4833,5.958679923205706
4834,3.4675537053076173
4835,4.725760614717046
4836,8.472025101527002
4837,5.783083659197306
4838,5.673933512517202
4839,7.700865004855867
4840,5.918022302993528
4841,1.802794469668933
4842,6.7393197295487
4843,7.805112395549703
4844,7.040360516737663
4845,7.934370580210821
4846,6.692366940507473
4847,5.298626382710365
4848,5.679981249644346
4849,3.3325544931705706
4850,1.5646372627197596
4851,7.769605569188568
4852,5.946574774031448
4853,4.3745418706420836
4854,7.063002555047959
4855,5.289856871587585
4856,2.8364317747494057
4857,6.672400264872788
4858,6.072548393206986
4859,6.539124073059694
4860,8.777365085334715
4861,5.882956837468598
4862,5.649070606313536
4863,4.722627072181109
4864,6.501669276707075
4865,7.162160044860293
4866,2.072946738077062
4867,3.3789868921159796
4868,6.124636778405338
4869,5.4505039518806235
4870,7.574725746328022
4871,6.902717271641558
4872,5.632719993970445
4873,4.548566170358564
4874,5.407403251216193
4875,6.972976001854997
4876,9.077984732884127
4877,5.832101873959414
4878,4.779537852376829
4879,5.824134906606741
4880,6.9635719362779485
4881,8.85861758294045
4882,2.3065223726776973
4883,5.178382111344322
4884,5.681432045874348
4885,6.954592672260354
4886,4.223715977513212
4887,9.682212129545999
4888,8.593807850554704
4889,3.7379754265102934
4890,3.8135707669996775
4891,5.603531942531421
4892,5.549161303898385
4893,4.915934119001938
4894,5.012910169718726
4895,3.8477950146435127
4896,5.776132077954305
4897,8.149243569544202
4898,7.63788783902742
4899,7.349460052175093
4900,6.606671839324834
4901,5.247027407299262
4902,6.201417372795326
4903,5.275636854262381
4904,5.609458549404966
4905,5.880051255584352
4906,5.410486748898851
4907,8.554314549812354
4908,1.7341841643366938
4909,7.9911479689035705
4910,8.276202991707152
4911,6.221061686109291
4912,5.593543879470785
4913,7.039435788499088
4914,7.382022451090447
4915,5.076662804691414
4916,3.801474164916413
4917,5.821327345204041
4918,4.2326135821032125
4919,7.540664545020352
4920,5.930946351491541
4921,6.835360454834184
4922,5.327139712441513
4923,5.599877661437187
4924,7.899993034250894
4925,2.972310399387098
4926,3.171267059531121
4927,6.397516513937727
4928,5.627780058073823
4929,4.659650014938417
4930,8.492230294386482
4931,5.385635728243381
4932,6.385830014302618
4933,8.227044858041122
4934,4.619636385446945
4935,7.91419406972849
4936,5.0176044754156415
4937,6.779840087305574
4938,2.4840422109555518
4939,2.4331663559820336
4940,6.021009046798412
4941,5.211683946421153
4942,4.473723125815076
4943,6.208709742469079
4944,9.03390634182201
4945,6.45482317264419
4946,5.493683742983476
4947,8.051010572301411
4948,1.1644701158100206
4949,5.687559197640373
4950,2.6701704128945902
4951,7.6756342972651845
4952,5.319556590157353
4953,6.380587107801026
4954,4.912848970444063
4955,5.3383156640583
4956,6.693853292298064
4957,7.651027401796294
4958,7.123093427996484
4959,3.2398879292553002
4960,5.922633086049101
4961,2.812225982039445
4962,7.85757200425454
4963,6.047081113788984
4964,4.501794087969761
4965,7.355793627678212
4966,7.4371900212450335
4967,7.542577559028871
4968,2.5556324801553782
4969,6.199948520561859
4970,7.270599234247692
4971,5.219117283236175
4972,4.889892313180593
4973,1.1817763861863555
4974,3.162883091524975
4975,8.424809371899986
4976,3.2157517636499113
4977,8.056603439665924
4978,5.838947805469869
4979,3.213728020412314
4980,5.8541139378025955
4981,6.118406126592246
4982,6.862181630264677
4983,3.8484680388150125
4984,7.980690646528051
4985,5.335403518052384
4986,7.471364618316361
4987,4.020654555325087
4988,3.3110079478340455
4989,7.233530390256994
4990,8.293520292582276
4991,6.127701415995246
4992,5.754375111354115
4993,8.234745009161466
4994,6.247881670281596
4995,7.091947238765638
4996,7.523597844828091
4997,4.745172928341331
4998,6.172913121637482
4999,7.497020060787753
5000,5.003367420468937
5001,3.5562054097169455
5002,5.085748559418923
5003,5.5980556119696185
5004,6.020289313314121
5005,6.5908169795113745
5006,4.916801669743049
5007,8.048883050581354
5008,3.664511067107491
5009,6.385835590230418
5010,4.389570041226199
5011,7.30988906422508
5012,8.303828305652742
5013,3.341364974564412
5014,4.5389555019852645
5015,6.247597475191368
5016,6.611720596667505
5017,4.65235397128666
5018,6.196393261081636
5019,7.682230335001231
5020,7.758669322338491
5021,8.692688004885067
5022,5.5786018959635655
5023,4.792846625567408
5024,7.045534677726119
5025,3.6862884719721514
5026,7.815824254929076
5027,6.341394975993448
5028,5.198008860958888
5029,4.097864594508413
5030,3.8952958085778846
5031,7.333784774935017
5032,8.946008958041343
5033,6.439194186389898
5034,9.095427828977389
5035,3.4090349511531635
5036,5.601118749525394
5037,7.292862480919684
5038,10.0
5039,6.479967118302234
5040,6.194360316588162
5041,4.669395039728874
5042,7.722375476915349
5043,8.271842463712819
5044,5.408980169974393
5045,6.401896829838805
5046,3.93604067720026
5047,4.239921755011696
5048,4.490967955721636
5049,8.64279548510406
5050,4.091328984090564
5051,4.195079756313408
5052,5.109467265101497
5053,7.35199186917384
5054,3.1312666882417632
5055,1.8521874539652114
5056,7.174168745007319
5057,5.903296508237801
5058,5.704462209115752
5059,4.740552337477431
5060,5.611782302971864
5061,6.372183395564962
5062,7.1977534999423805
5063,1.988686531916002
5064,8.860426487913667
5065,7.67582950602366
5066,5.844122725929705
5067,6.143350437282482
5068,8.858268612505874
5069,4.516208315398388
5070,8.634443400629063
5071,7.773716950798584
5072,7.029943804067607
5073,7.6953790127360415
5074,5.088470186098903
5075,4.727129373540977
5076,5.828660151644644
5077,4.303319767661618
5078,6.146415174812833
5079,4.158241163085082
5080,7.463563762397646
5081,7.6061771617684535
5082,4.102297571683318
5083,7.0036420989138515
5084,4.23186381869543
5085,2.3158145023637666
5086,5.584647759735986
5087,3.737003484055326
5088,7.772848517045357
5089,6.067545860384884
5090,5.856548871599119
5091,5.993262782120237
5092,3.719874690806317
5093,8.307785648261598
5094,4.752567842899864
5095,5.104607058445295
5096,0.4235726719210343
5097,4.623284650204207
5098,5.560263043608945
5099,8.606474396872448
5100,4.513190428587205
5101,6.422747341144397
5102,7.9731261103574464
5103,5.606670197874955
5104,8.773575821709
5105,2.469266097590615
5106,6.141421576987
5107,5.710203525128908
5108,4.724664845970272
5109,5.535751994526562
5110,6.309648789520675
5111,4.6869546822684045
5112,6.809426622098482
5113,6.375477618428698
5114,4.749497926765165
5115,1.3364053474891424
5116,9.005008774183286
5117,6.353339682401302
5118,4.714410602055761
5119,4.063958729885014
5120,6.566004460002758
5121,5.8948556318040755
5122,7.393928800674802
5123,8.160475885129141
5124,6.70240814068476
5125,4.309685447414765
5126,4.207650440692758
5127,5.417900749578088
5128,5.657633521363018
5129,7.76673989260852
5130,6.249376556200426
5131,8.856917130080884
5132,4.3109149912948075
5133,7.810675410495906
5134,4.53907140893183
5135,3.005588018719505
5136,7.455293443970319
5137,6.396800623128376
5138,9.25096525277028
5139,6.186662894012951
5140,5.058736963595106
5141,0.0
5142,5.848254894686379
5143,4.284892125846634
5144,4.892149256419464
5145,6.936736305128918
5146,5.385656175341296
5147,5.236509322811138
5148,5.896751692734275
5149,3.253815319236563
5150,5.388211523127374
5151,6.954562521926988
5152,8.717537733014236
5153,7.078950672570095
5154,6.032423953973451
5155,5.826293104235397
5156,5.095844949925807
5157,7.0720705721258605
5158,4.212010924609254
5159,5.300095548355913
5160,4.0735228078029015
5161,3.948298404887936
5162,7.668307429497154
5163,4.6257067595319254
5164,7.705955107066604
5165,8.021924276533973
5166,7.5441796718046765
5167,3.3072744612783533
5168,9.78110067558116
5169,0.6473455642977368
5170,6.073835464732127
5171,4.52841523662288
5172,5.676548352335416
5173,5.253488955865528
5174,5.888165365596649
5175,4.711792142630386
5176,9.313962401209267
5177,8.830964694510257
5178,8.206795038975798
5179,0.7712261594517917
5180,5.749726100806715
5181,0.8262844454428675
5182,6.513282971483403
5183,6.436211091562435
5184,7.430048676987139
5185,5.244010925022566
5186,5.124805098075785
5187,6.0570709408723875
5188,5.417272731072379
5189,2.7040727747332096
5190,5.92382840604121
5191,5.6697741478027925
5192,6.151243816494914
5193,7.694390076863606
5194,5.361583070561679
5195,3.4693957451840323
5196,4.512851413872841
5197,4.380436602542833
5198,3.6464344022708466
5199,5.6673322005044575
5200,5.531949817140675
5201,6.027198970169011
5202,7.403940416041255
5203,3.060378504309867
5204,5.309923109036618
5205,9.007042354205161
5206,2.7333241373696264
5207,6.826326929528437
5208,4.181928999927981
5209,3.4694432954856476
5210,7.261582053942158
5211,4.819936438605618
5212,7.484231613536771
5213,4.584658538818696
5214,7.041793865418933
5215,9.105840634045041
5216,8.51667620311147
5217,3.260532163028948
5218,7.183103590186904
5219,6.513607225117791
5220,5.882131511472167
5221,6.639657962128602
5222,2.777374348733098
5223,6.507248214729363
5224,7.199686096702472
5225,6.934182630303022
5226,3.725491969410439
5227,5.0585513269283915
5228,6.990547526117326
5229,6.264548234352633
5230,5.708109202822847
5231,6.1415035934169975
5232,6.557523631719451
5233,3.9117449191799407
5234,3.6183226946077154
5235,7.8005999437011475
5236,5.432617931796101
5237,7.3538251231465
5238,6.898611818985866
5239,6.866420505908803
5240,4.784224939143914
5241,7.4618253362404126
5242,8.74331132930668
5243,3.64473758861142
5244,5.799467228336332
5245,5.294138227683631
5246,8.340157362819216
5247,8.098890184017545
5248,4.610420113076042
5249,8.607659091182482
5250,7.052035248451691
5251,6.6600503266280615
5252,6.32222534509774
5253,6.981098577730505
5254,3.3521578152981877
5255,5.567636070600173
5256,7.370441578417552
5257,3.0634064395122014
5258,7.420360353255338
5259,4.057408090896779
5260,4.1150933922728665
5261,8.045954235416428
5262,3.8232097502524334
5263,6.36652513603594
5264,6.585111595376034
5265,7.6413583071100035
5266,6.117848342539758
5267,6.906285799478329
5268,6.510202393448283
5269,6.033929355017543
5270,10.0
5271,6.291721633394409
5272,6.758837208887847
5273,4.624820607273125
5274,4.797985502415189
5275,3.01440597523381
5276,5.070369010200929
5277,6.054731117864986
5278,7.564849134440919
5279,7.634899923028927
5280,5.02293635709893
5281,6.147395779122226
5282,7.905531947369546
5283,2.3614796450599864
5284,4.491422575906048
5285,6.107348139845645
5286,9.335508321843106
5287,8.651724005131491
5288,5.637676784414211
5289,5.729358641138101
5290,6.408691715642394
5291,5.5010540388472915
5292,7.193183711538186
5293,5.6663820893567785
5294,5.395944562635718
5295,5.2360900339058025
5296,5.671935223300538
5297,5.746580961941321
5298,6.386254496105609
5299,9.256806621256285
5300,1.995309274951432
5301,7.228724857379024
5302,4.391029872276396
5303,3.149982587174612
5304,3.6105615453350244
5305,8.025988091066631
5306,4.380101397307524
5307,1.7234460903085813
5308,7.953993173975184
5309,6.152132407393007
5310,5.246719393122023
5311,6.319616548370444
5312,6.6440386595512555
5313,2.2749108382601464
5314,7.311575336493455
5315,5.292568212440253
5316,5.739953306879226
5317,3.9210707480099187
5318,5.2104634790514375
5319,3.932380584703849
5320,8.543747908434401
5321,3.316893171205349
5322,6.204991087822371
5323,4.8300374550799505
5324,6.593647812812472
5325,5.549283011380881
5326,6.486717191565407
5327,6.166021923597718
5328,5.4751473015157535
5329,7.512220760663006
5330,1.5209589381314375
5331,7.847089265876094
5332,1.9404682081638327
5333,4.311483353096021
5334,4.732869904487308
5335,3.194375152337941
5336,5.938670395659263
5337,4.569875052620915
5338,6.586299374089597
5339,6.421799403271422
5340,7.537431399300299
5341,7.69814492485537
5342,2.4721450074620024
5343,7.532894137381881
5344,5.519753853580254
5345,5.936086498123276
5346,5.328696661105227
5347,3.4724381909624573
5348,6.327109129015616
5349,6.925453200977957
5350,3.5329333410564105
5351,3.8752400582580053
5352,6.373881416342725
5353,6.967718967006492
5354,6.74719283106603
5355,6.065243229808797
5356,4.79340122817303
5357,2.7408699271416985
5358,9.165485440744577
5359,6.642791140361022
5360,7.164350585237924
5361,6.615200332295043
5362,7.142312177069659
5363,6.871543948635871
5364,8.852120692202043
5365,1.093101203896465
5366,7.060483244689512
5367,6.084232116555612
5368,5.268885099158647
5369,1.8987427425611652
5370,7.877396622359063
5371,8.309720331080001
5372,8.457161613997538
5373,2.085323988468273
5374,4.960233091524979
5375,6.246226302838458
5376,8.258877188197522
5377,4.499011121572421
5378,6.222618546223403
5379,7.526391693465461
5380,5.143017591244064
5381,5.483501954174454
5382,5.587198916533099
5383,6.442960360590889
5384,4.531393976999519
5385,7.3911821106366755
5386,4.353214634153256
5387,8.100345739818119
5388,3.65081973477185
5389,7.311429140001396
5390,7.189800949836064
5391,7.727708224050247
5392,6.060921320755561
5393,8.9976301888477
5394,6.321500058803345
5395,8.926168518004701
5396,3.436122068765208
5397,1.5451361968556185
5398,6.938921277959464
5399,3.9639781223897717
5400,3.3784450928470315
5401,6.650603981647219
5402,8.2531099005357
5403,3.0103423370235083
5404,4.186279950966037
5405,7.770490639737361
5406,6.6822962780585815
5407,5.822202950141687
5408,5.395880166716223
5409,6.75888816718291
5410,3.9385759596211596
5411,10.0
5412,3.634240165226135
5413,7.39380056932624
5414,8.399497346893565
5415,6.718042215193381
5416,6.739984345632989
5417,8.094838649686556
5418,4.333658095987389
5419,5.20107009800684
5420,7.378299030439784
5421,6.610485268463702
5422,3.8401375800562647
5423,5.113934224947985
5424,5.048620544069933
5425,4.605948982287192
5426,5.672639642693831
5427,2.5823313232950884
5428,5.950281804135912
5429,8.891118803573125
5430,2.5651485851249545
5431,6.277419994516123
5432,9.055024628182043
5433,3.081796072501808
5434,6.224209474680263
5435,6.54974973559734
5436,4.13627659814668
5437,4.710271379991136
5438,4.164643694259145
5439,5.965297992709143
5440,4.050071762354409
5441,9.27658490983258
5442,7.704612310402577
5443,7.55937912269153
5444,8.561153278726518
5445,5.596187655327516
5446,8.099564878361013
5447,3.8775116716630142
5448,7.563963999700513
5449,7.1123507746248995
5450,3.226216177593841
5451,6.874914451813147
5452,9.972085680912826
5453,4.5237242337945585
5454,4.8927736871679315
5455,2.7841142890180754
5456,4.548519774027589
5457,5.323359446281402
5458,6.936601950882848
5459,5.565834589720274
5460,4.123107958297076
5461,4.659684261766921
5462,7.151568512843898
5463,6.413787144902498
5464,6.795448513738345
5465,5.78186611882799
5466,5.012235242698694
5467,2.3580016135535655
5468,4.728471260395697
5469,6.443181356130346
5470,2.841778471505033
5471,8.944634296323047
5472,3.3708526520584563
5473,7.723765111667733
5474,5.843802006162299
5475,4.912565685571416
5476,6.095403394068825
5477,7.812559786800206
5478,5.68099069846281
5479,3.496484631461355
5480,5.2087462956755335
5481,8.733935958626228
5482,6.336762675171951
5483,4.932105065104361
5484,7.298141161818712
5485,7.489328959651516
5486,5.943058786563203
5487,7.493304001416766
5488,4.465312077844578
5489,5.322976218760045
5490,1.9634221525086888
5491,8.631698008256986
5492,2.2820915602310343
5493,3.6854140203028045
5494,8.056421616834811
5495,4.267343049714254
5496,4.607039112812777
5497,8.38521130930986
5498,7.169238502395308
5499,7.536177908532473
5500,4.971025289519689
5501,6.529943266845782
5502,3.843172204708179
5503,7.856375585967388
5504,4.377994898106797
5505,7.301093301583295
5506,5.528572675077536
5507,6.512487616580405
5508,6.395867573148536
5509,4.377461268096242
5510,9.083094120361258
5511,7.411899386114782
5512,7.0291431190025015
5513,8.946427062448002
5514,5.624316422175555
5515,8.61922238275064
5516,4.7088280772604625
5517,6.769275073764293
5518,4.365960546178968
5519,8.715549510251188
5520,4.451122265731307
5521,7.682795729265215
5522,3.9967186124936376
5523,7.013421209566795
5524,2.920470725527183
5525,6.070953523145503
5526,6.6868052468564985
5527,6.592577926323747
5528,6.3910515476416965
5529,6.9259271079194455
5530,3.86241209119362
5531,6.097107904983308
5532,5.553183007074637
5533,6.681041927102637
5534,6.684327061271347
5535,7.272726706219197
5536,8.931716264131282
5537,7.407193598835001
5538,3.550881859496607
5539,4.042690803771339
5540,3.02105224884927
5541,4.762098700720413
5542,5.015205882819852
5543,7.020372299755538
5544,5.535366461807158
5545,7.5621341392971
5546,4.021870122564816
5547,5.70752361432154
5548,5.783570338931372
5549,8.252896899716616
5550,5.663994341225656
5551,6.217494812370525
5552,8.529965990612306
5553,3.6857916711509118
5554,6.049849912763785
5555,9.393374391137536
5556,5.856946037028534
5557,6.6990160791535915
5558,3.4753427812914133
5559,5.410686852099756
5560,3.8313076983793692
5561,4.395534231379739
5562,4.665757449720365
5563,6.78419174399156
5564,5.691882440221832
5565,4.752206539340323
5566,5.987442607423879
5567,3.935483835833885
5568,8.28245371246545
5569,7.55820009668512
5570,3.3255549715809236
5571,3.910516399592915
5572,5.831539659181791
5573,5.828413835977999
5574,2.533555852893679
5575,9.993748983757436
5576,6.855265524031648
5577,1.675974478416927
5578,6.169814286713669
5579,9.533618829728946
5580,6.338285288792644
5581,5.814627914139319
5582,7.261378355288853
5583,9.000537857879413
5584,8.340410548557978
5585,5.968535911035325
5586,4.821950797121192
5587,2.473455817370335
5588,10.0
5589,7.130032673203942
5590,6.7521839768773155
5591,4.859783126107151
5592,3.944315280835239
5593,5.944838915555822
5594,6.575542298840938
5595,5.552685199482543
5596,4.036778531388771
5597,7.8124836161677536
5598,8.307692610435295
5599,5.67121508636046
5600,4.719940525059828
5601,4.916791670287158
5602,3.3895194455609285
5603,5.232300371887679
5604,5.0431266064960365
5605,7.146048438837608
5606,4.953023100527889
5607,3.590423483037199
5608,8.429689775846475
5609,4.376318389755519
5610,7.357623757723812
5611,5.021554476889326
5612,6.793808998549263
5613,6.028538357786206
5614,3.4113918390039872
5615,5.738898036673122
5616,6.913783648217454
5617,4.012655194193411
5618,4.227490746711746
5619,7.153696315226189
5620,7.906057104479805
5621,3.763777839455752
5622,6.843034036601697
5623,2.692958584086731
5624,4.772767504948092
5625,5.39275968431654
5626,6.29215857662466
5627,3.6616704748904905
5628,7.755955106889878
5629,7.822092297562504
5630,5.338684537363367
5631,3.0196843825918647
5632,5.228390528957319
5633,5.827650697969775
5634,7.026807478153023
5635,5.740807249291213
5636,6.9957321066692275
5637,9.364589664620938
5638,7.020557720250179
5639,5.436238523821514
5640,3.437212834305642
5641,4.23158157969678
5642,7.72861282038381
5643,4.532244745334597
5644,6.09925020643856
5645,1.495272116043888
5646,3.6961933153421818
5647,4.954680910635448
5648,5.2236995647784354
5649,2.709602323183879
5650,6.000450958300457
5651,3.036607641480039
5652,1.9539563904487003
5653,6.817911132649088
5654,7.145918475895791
5655,6.09960297879225
5656,8.579787933188529
5657,1.065178431454887
5658,1.4908189590494727
5659,5.42088469225491
5660,8.3197527127245
5661,3.846818964025365
5662,7.940499729493974
5663,5.889948634584561
5664,6.140360602520737
5665,6.675332325973193
5666,1.2368534676834608
5667,7.084545778215643
5668,1.9052069070810904
5669,9.109623670573379
5670,4.2541021441464935
5671,8.573442439921358
5672,5.569224714879414
5673,6.773780356399734
5674,3.6700296060127147
5675,6.371529257890795
5676,7.440566916622633
5677,6.69196770308913
5678,7.156764989342005
5679,8.867536794569736
5680,6.826123812985681
5681,3.505895904998688
5682,2.004319988687797
5683,8.479141970272849
5684,7.081975209152466
5685,5.728235560783552
5686,8.00926756993308
5687,4.416180939246927
5688,6.676978908851291
5689,6.330466160602722
5690,6.6343395810338475
5691,6.559135685542644
5692,8.289382796314246
5693,7.284238651609325
5694,6.530187701384737
5695,4.020370377293085
5696,7.092234397085871
5697,3.7014750879387854
5698,7.163471152302725
5699,4.929025018220621
5700,6.913920180302798
5701,1.4905616086406237
5702,5.200436886622542
5703,4.743603113223935
5704,5.832251645423074
5705,6.260300949028027
5706,2.0243933781949264
5707,6.792818924511078
5708,8.244180219301636
5709,6.960435548927
5710,7.328116313221717
5711,6.186975668110765
5712,8.416971450014064
5713,6.449833562698677
5714,6.431684268602094
5715,6.864516186722673
5716,1.161490155365591
5717,6.298747181730906
5718,2.773310936576525
5719,6.4140164359523695
5720,5.045130356436353
5721,3.9554370107476684
5722,8.765743016832484
5723,5.137976502817066
5724,4.186057378503419
5725,8.261219862147716
5726,5.138307456198895
5727,7.5501307442781584
5728,5.257706525215571
5729,6.7188115452554475
5730,2.605134047568535
5731,4.32899555972775
5732,6.660160742146901
5733,6.724839647482948
5734,7.556666660795143
5735,4.718572279909406
5736,6.718652298824685
5737,5.493204697075317
5738,4.957350273671657
5739,4.138514163515797
5740,7.725288621681421
5741,2.9454088344781058
5742,9.642650164129792
5743,5.689448231877121
5744,4.988770757148029
5745,7.906449993871928
5746,6.214241781481219
5747,3.480617332937868
5748,6.57831881845089
5749,4.919851505803208
5750,6.054976297012201
5751,5.610981800147382
5752,2.728538105746058
5753,7.487448433729178
5754,5.888711998132434
5755,6.837793747845428
5756,1.5474787607592466
5757,4.635102755205555
5758,6.652998030942973
5759,9.443137328856967
5760,5.042266686413316
5761,6.225341413386073
5762,3.681344683063677
5763,3.683958773838958
5764,6.799293806531031
5765,6.530100006292294
5766,4.11584846544122
5767,7.847318292158164
5768,3.404425265867884
5769,6.890289048291147
5770,0.01242433165340633
5771,4.771595299312071
5772,8.023411521786864
5773,4.752698117361058
5774,6.321086821321693
5775,5.467567611859359
5776,3.035666152413608
5777,6.022937526566637
5778,4.693359062232165
5779,8.06235633993541
5780,5.575984165480069
5781,6.268510511794908
5782,2.276734775838474
5783,2.580593316253842
5784,4.606911771341464
5785,2.971114516710032
5786,7.869442768665262
5787,7.606935835260856
5788,7.663730379834982
5789,5.933791816281399
5790,8.641952356578033
5791,4.252696101892406
5792,5.501443023000535
5793,6.914787935862925
5794,3.5495405168649246
5795,8.938337575025988
5796,5.959498050245221
5797,9.729808311281825
5798,8.765621826005532
5799,3.923994085372132
5800,6.602715977981523
5801,5.215951234208352
5802,6.000914573037506
5803,8.422625237622952
5804,4.578482573434947
5805,7.933325386131752
5806,5.718828716767648
5807,9.567896902327897
5808,7.265039091563362
5809,5.762093577919353
5810,7.358466052252505
5811,5.387664655021653
5812,6.4663748105429555
5813,8.931932772788453
5814,5.303211447133421
5815,5.014933130108699
5816,6.646180148483703
5817,7.287707308616183
5818,5.442779701899778
5819,7.462965053674431
5820,8.015863962168229
5821,9.178108388248951
5822,6.073874501542153
5823,7.098409645148172
5824,6.9601446905242685
5825,7.537616478472838
5826,9.350949839445711
5827,4.750615270634046
5828,8.949827303171693
5829,5.344341161491281
5830,2.955086662589366
5831,5.6780332334215
5832,4.3185051765894835
5833,4.473592735250061
5834,6.234458920316079
5835,3.141395464825401
5836,4.693079277994405
5837,6.290996066622647
5838,6.478426803485651
5839,8.26268899827021
5840,4.919064209347321
5841,4.943098727457468
5842,7.709737957559952
5843,8.466265624586464
5844,8.618304390720082
5845,9.24855203112231
5846,3.413548006948852
5847,4.890256465614537
5848,7.563484568302688
5849,5.8060628036866095
5850,4.5281749132086855
5851,5.787600968663959
5852,5.581073238324283
5853,6.8493943377161175
5854,6.89156872167852
5855,4.465225986418547
5856,7.260496916490517
5857,6.497260170716002
5858,8.907242137157512
5859,8.410260464274803
5860,6.651081045926479
5861,5.563272621416004
5862,5.284381712363809
5863,5.392418190122841
5864,8.82488416597732
5865,6.455411448657589
5866,2.4740872185017966
5867,3.4720708539222955
5868,3.6157555813197186
5869,6.489329203425333
5870,2.1240715281280607
5871,5.736094697489489
5872,5.451402427342248
5873,7.262697309498377
5874,6.919576230258579
5875,6.424546280182039
5876,3.6697600350811443
5877,6.401911453476592
5878,5.637662210361537
5879,3.530607063682269
5880,6.1988847901405775
5881,5.573619219644319
5882,2.457257096809948
5883,4.743289335935767
5884,7.02515172893474
5885,4.605433218352449
5886,5.824790701771727
5887,7.699550083273018
5888,9.247649796507043
5889,6.115926603029154
5890,7.075440001003028
5891,5.259170034916537
5892,6.741934618071726
5893,8.954169615777676
5894,5.599760294300143
5895,7.836366789926771
5896,6.085884005251737
5897,4.139099007239453
5898,7.361702045558852
5899,5.68044880636131
5900,6.668130370808111
5901,5.751482539911764
5902,4.363333164520975
5903,6.679509347426387
5904,8.736747572604628
5905,7.238421454414175
5906,1.165654535711229
5907,5.652234358668195
5908,6.534160339022887
5909,3.4829536110574253
5910,2.771482694494709
5911,6.1634767072916
5912,5.573938687630873
5913,6.780794900698302
5914,4.164540602347688
5915,6.766802018788212
5916,7.571993558140788
5917,8.59218530602252
5918,6.718829912259691
5919,4.130040047697621
5920,7.346356337196795
5921,6.511291841955622
5922,5.814259439636441
5923,4.83551590819608
5924,9.836660167505674
5925,8.85742028844085
5926,6.4071654425076785
5927,7.585646686401521
5928,4.144582120185792
5929,6.454847048232305
5930,6.675233735564428
5931,7.459989063446046
5932,8.085908694978198
5933,5.098390200134666
5934,8.041097360387651
5935,3.875583639262532
5936,5.923590138839915
5937,7.1484667078704245
5938,5.066713174625984
5939,6.501640703547409
5940,7.742067388456179
5941,7.475819081819933
5942,3.859618067257707
5943,5.8554031539313875
5944,7.3480321843484315
5945,8.719416378738691
5946,9.762631015864022
5947,4.82521381568505
5948,5.235836137950763
5949,4.624014364253537
5950,0.0
5951,5.960935042149212
5952,4.059559686839192
5953,4.963297691079517
5954,7.721553896539041
5955,7.629020321717565
5956,8.869429974052924
5957,8.015556101555795
5958,5.624413129552895
5959,5.80227982164712
5960,5.088942520037383
5961,8.005726675542467
5962,5.088591289977675
5963,3.781415378682482
5964,4.198352448224958
5965,5.681358593807215
5966,6.503275210769286
5967,8.5894042484825
5968,3.085299881674586
5969,5.104784003954605
5970,4.820687106140594
5971,5.482649921532028
5972,8.946723714432304
5973,6.255520786326112
5974,5.867218032840158
5975,8.154235291653636
5976,7.448349054767549
5977,8.906423806396798
5978,6.386521265770378
5979,9.374381743525147
5980,4.941771692072634
5981,7.07153113638841
5982,6.58067305018956
5983,7.221476316144864
5984,6.586511566355986
5985,7.610509398678501
5986,6.837734166827848
5987,4.953230669294433
5988,5.517476498624587
5989,4.696091653609439
5990,6.4823150835391425
5991,9.049936486337208
5992,5.821329025761029
5993,7.65434642707505
5994,4.082999758913854
5995,3.35370034779202
5996,5.698783424948315
5997,5.874342601827038
5998,6.3666009629899305
5999,5.469004883271182
6000,6.236395872041969
6001,7.694492648101791
6002,6.33027987303974
6003,4.51093859251966
6004,5.126743996619367
6005,6.242252718678591
6006,8.994682965920164
6007,8.682046991804471
6008,9.384947221998074
6009,5.157435015936766
6010,7.360049377898633
6011,6.0667442599326336
6012,0.9191640829135643
6013,4.090884519869725
6014,5.807077393704757
6015,6.363859928338085
6016,8.378668378685182
6017,5.603693744203518
6018,8.669214388502809
6019,8.067041041078362
6020,4.180585533818759
6021,9.088439301630125
6022,6.707243610674355
6023,3.9686994294536397
6024,4.631103764233014
6025,6.121933415924479
6026,8.392102077159517
6027,8.660347275225538
6028,3.9234874723004642
6029,7.786715078718404
6030,6.3080110315706985
6031,7.601078542141419
6032,9.770292253422758
6033,6.939941991589734
6034,4.933286877094213
6035,6.289486793980297
6036,8.766365795572137
6037,7.848371673183522
6038,6.653446450027092
6039,8.59216531662129
6040,3.5384538547221935
6041,7.464799952351349
6042,7.388962199521266
6043,8.953092659714436
6044,8.348109414095967
6045,6.28650468969469
6046,6.453198229435316
6047,1.3644330413468946
6048,3.952151125214928
6049,6.810278320129939
6050,8.387189881815805
6051,3.8511645885518666
6052,4.8690232137749225
6053,3.3663281255070374
6054,7.416728350123092
6055,5.003741552104327
6056,4.148821855839705
6057,5.0187148111786
6058,8.970279776509658
6059,4.911564680924992
6060,1.535759207781558
6061,6.782347055013743
6062,7.6932337574172704
6063,6.491357517217176
6064,5.331811484845998
6065,5.46605347728835
6066,6.961138674963193
6067,3.967952959177411
6068,7.0783119458845665
6069,2.284847638279102
6070,4.0064175913897015
6071,6.259344646537414
6072,5.357822730241261
6073,4.335689620432058
6074,6.2876046705290785
6075,3.1603643702990123
6076,6.179729487153858
6077,4.587033006573879
6078,6.459464126539044
6079,2.9254915821620737
6080,3.5950330395407035
6081,8.672394728728168
6082,3.3154684735353825
6083,6.704073833014268
6084,6.402930913624385
6085,5.390789549495928
6086,8.554969282687034
6087,5.0788489981698515
6088,4.73162683060929
6089,5.667064650130525
6090,5.490704150155199
6091,5.068634037773941
6092,6.475756549385808
6093,6.334249568081524
6094,7.423753680276566
6095,6.650724293863037
6096,7.969682046994432
6097,3.9605092329395397
6098,7.522631795225827
6099,8.364680886571424
6100,4.829474127425841
6101,6.348331115568026
6102,5.787397703632153
6103,3.56647239106804
6104,7.42285997322309
6105,7.850029477988132
6106,6.808632038734402
6107,6.824948597425999
6108,5.646037205133587
6109,9.287633319770174
6110,2.770404042326798
6111,5.954995467463608
6112,5.127346555127243
6113,6.078029226058447
6114,5.110311900585899
6115,7.168219149087445
6116,5.077036187868208
6117,8.405315874912864
6118,7.902307423234008
6119,4.841262024402824
6120,4.40347876817225
6121,8.706315994999203
6122,3.786119719992165
6123,3.0553162048916525
6124,6.804465469465427
6125,9.727034109852905
6126,7.822216761400934
6127,8.64048989120546
6128,4.5601762425543155
6129,3.5644539414814975
6130,4.945691278970134
6131,6.7785124324036055
6132,4.70522649440336
6133,6.460819100040906
6134,7.9200094961789205
6135,2.939859364671741
6136,4.045691631661742
6137,4.524196941797468
6138,4.5211475317245275
6139,5.014021145887087
6140,6.4585327265142425
6141,4.570093375298678
6142,5.827116590019404
6143,8.858828151738873
6144,5.890944295277862
6145,5.322036956659738
6146,6.853785934502934
6147,6.762908308346362
6148,7.515914197418859
6149,4.804893353216424
6150,8.137780550403214
6151,2.6783913273011297
6152,6.947642825994935
6153,5.847673291102366
6154,6.101762921503379
6155,9.312731628805334
6156,3.0759175445733673
6157,6.51151395989649
6158,5.298363067320999
6159,6.1297578940383435
6160,5.262503595859492
6161,5.386210632550489
6162,7.617430242384877
6163,6.488435732342509
6164,5.180045096875466
6165,3.2794112807458307
6166,6.722948168717346
6167,6.900297543031295
6168,5.954265529308332
6169,3.731504850670365
6170,6.453644410271361
6171,4.3615246071061895
6172,4.863018804804044
6173,5.44420736977711
6174,3.83023228975533
6175,5.886041196900544
6176,7.891733014434753
6177,7.2231820389334125
6178,7.732723601670811
6179,9.131640533170398
6180,7.591860145289167
6181,3.1650124682469842
6182,5.130642559724079
6183,1.825958512281424
6184,4.152428113997223
6185,3.943816973772492
6186,7.607135483766604
6187,4.521678011291495
6188,4.522528127911988
6189,9.680274899000235
6190,7.051528180896797
6191,6.494033402343742
6192,6.249553819928774
6193,6.867433196272665
6194,7.332222646450407
6195,2.1567039887646287
6196,4.430484558643127
6197,4.65976383834023
6198,4.814355766207982
6199,7.611346262381055
6200,7.875545557501898
6201,5.446862185604926
6202,3.776646368531525
6203,4.383987881146059
6204,3.1967252557166277
6205,7.719742807041101
6206,7.227545437801327
6207,4.0602726958670665
6208,7.6990576478857395
6209,4.2659322761793526
6210,5.097496674376536
6211,4.439027452806882
6212,6.191224806125216
6213,7.428565860990231
6214,5.9602374864648215
6215,4.568657753939349
6216,7.694135216579854
6217,8.935255888564381
6218,4.579234119488903
6219,6.424965548439877
6220,3.6253826857925513
6221,5.59450777656801
6222,4.472519822480654
6223,5.923341729909252
6224,4.541690305932622
6225,6.434413422876858
6226,7.217444948100102
6227,4.853727868729073
6228,7.098087915361588
6229,5.60770878902232
6230,7.521339062007268
6231,5.8012502829304005
6232,5.947230251321253
6233,9.616189729526589
6234,8.039545671032148
6235,7.470615711068625
6236,5.226633674997261
6237,6.808902880315047
6238,8.947114376791246
6239,5.077846710214807
6240,7.270089810784107
6241,5.125907562633891
6242,5.959269598820118
6243,4.2877988659788056
6244,6.213183708525655
6245,5.28299698602374
6246,8.112682482193039
6247,6.199400709467756
6248,9.276071248027527
6249,5.0982355658961005
6250,2.792208162300894
6251,10.0
6252,4.00933605011512
6253,6.597898342884884
6254,5.5877075863134635
6255,6.94205154954554
6256,5.555437906293877
6257,5.994812977536983
6258,4.351041903059382
6259,3.1989549848901477
6260,3.0517580411290437
6261,6.162638063420799
6262,8.77530385691336
6263,8.62002314482197
6264,5.908029010235028
6265,6.684816775384277
6266,2.569901594095447
6267,4.761793386583547
6268,5.191633406828148
6269,6.480293944643774
6270,5.8529810161534535
6271,4.297487599816574
6272,1.6608520775356432
6273,7.585420655547623
6274,4.4948963894552705
6275,4.407686691156879
6276,5.520796307390301
6277,5.027081441747663
6278,7.306326129069708
6279,7.2750206317676325
6280,6.792092884812575
6281,2.5854659203621293
6282,4.693837422023264
6283,5.745622722124761
6284,7.171232895179343
6285,8.222217641054748
6286,4.320984238603966
6287,5.325395985088794
6288,9.02811782210379
6289,3.3154544144440514
6290,6.381083003042084
6291,3.6515694390731657
6292,2.4787547001634684
6293,6.132205645518438
6294,6.015050198203575
6295,5.900865321806398
6296,7.8559517154266
6297,6.713188962012208
6298,6.866881687436653
6299,4.174716486392375
6300,5.261999590022146
6301,4.6947804541919185
6302,6.00214067003416
6303,3.8750224141568994
6304,3.615957051224436
6305,6.966588084476549
6306,6.280310165856479
6307,6.945889409642452
6308,5.035698184709405
6309,5.340909160633229
6310,5.277568992610117
6311,8.69163138439564
6312,7.294260230585295
6313,3.0675514555760306
6314,7.17410972398395
6315,5.077539906885926
6316,7.932830172003713
6317,9.460485177977128
6318,3.3846800383784075
6319,4.018358548104147
6320,5.64948891579826
6321,5.050825171170386
6322,7.879949969114282
6323,2.5929460608540693
6324,4.045139810961687
6325,7.330524786475828
6326,6.5049153576317185
6327,4.386795921076151
6328,4.998580738340467
6329,9.304499398686945
6330,4.976331453592161
6331,7.021447554033864
6332,6.328353779916735
6333,7.998996418360595
6334,6.897445038108936
6335,6.006270811792971
6336,7.07203263600182
6337,3.3507191943395576
6338,7.625710921267842
6339,2.7797645046320705
6340,5.380199218303678
6341,4.487075522827182
6342,4.926059087751635
6343,6.941087804589344
6344,1.5133563981845075
6345,3.6249765360490853
6346,7.10141764699223
6347,6.610293664355279
6348,5.3867301787121615
6349,7.155376245867682
6350,6.992120656289823
6351,7.826574584005423
6352,2.225758543621446
6353,7.079414807330402
6354,9.382548309929472
6355,7.271860641705517
6356,5.6063894643044385
6357,4.258526825163084
6358,6.044664370862545
6359,6.919899104106786
6360,7.661909319765357
6361,6.345458157734743
6362,9.452429266845533
6363,6.733033460113238
6364,5.4822825624609735
6365,6.454838322684138
6366,7.965307154239763
6367,6.585331759413817
6368,7.690334945970708
6369,7.853898489499737
6370,4.434087680329514
6371,8.235092015250993
6372,3.850192175784761
6373,5.576937267626224
6374,9.195978590590611
6375,9.012209706711163
6376,4.658646336828553
6377,4.467201903994749
6378,3.525805843530525
6379,9.04555239644025
6380,4.214944452989466
6381,1.5308719305810137
6382,2.26282593428178
6383,6.959356750070208
6384,7.205287409683993
6385,8.121355622981596
6386,7.7251711955639735
6387,5.414833114251693
6388,6.043557347999332
6389,5.946735450009516
6390,8.84951888262732
6391,7.3348078693705965
6392,4.375984252113089
6393,4.589990779586732
6394,3.4663679175293733
6395,6.081841755009737
6396,4.281405914521496
6397,4.723798456960996
6398,5.738416092626183
6399,5.155066304943555
6400,7.28648172887025
6401,6.939395060266987
6402,7.777740177008868
6403,8.23333250564615
6404,0.7067145919612626
6405,8.501586131432559
6406,7.1683822546109965
6407,5.356290795944387
6408,7.761862530029045
6409,6.4522386232544475
6410,5.674641154120524
6411,9.245901125684476
6412,4.2166144033201
6413,4.2621308523846215
6414,2.3440815588426243
6415,4.2841299537985895
6416,1.6366770898448142
6417,4.324062462711715
6418,6.40350281361438
6419,9.029438694249137
6420,6.036423168444941
6421,9.526743539645313
6422,7.905134421818273
6423,6.529786941280238
6424,9.760916981682994
6425,8.441940169872952
6426,4.8470760041656265
6427,4.822823432861617
6428,6.314384655627051
6429,3.612233214596281
6430,6.425922901550632
6431,3.4539477872893167
6432,8.05458102161702
6433,3.1273404970040106
6434,7.556694711992556
6435,8.698589800351607
6436,4.559811615013564
6437,7.05064535605121
6438,7.646817023276112
6439,6.201169563775843
6440,6.114472064462474
6441,6.460128841627181
6442,2.2861825777602047
6443,4.009420417384942
6444,7.615978532008424
6445,8.218302292816238
6446,9.841801370346074
6447,5.809300514316005
6448,4.7843344045226655
6449,4.517606183540583
6450,6.031635067371173
6451,9.459665473346528
6452,9.989049942939168
6453,4.05027643606428
6454,6.7816711009457755
6455,7.657664026769188
6456,6.028980033625718
6457,8.463981107723285
6458,4.519806394920343
6459,2.866110685713479
6460,6.632274460988201
6461,8.343957452992926
6462,7.889844421569569
6463,6.708745316162544
6464,8.175937304454667
6465,8.671101160874631
6466,4.9194544412039845
6467,7.319344065979538
6468,4.408863938839363
6469,7.257015599663697
6470,8.496439314864714
6471,7.260245135981124
6472,4.845081590016415
6473,3.9621658119173118
6474,7.556860254583625
6475,5.332010574577843
6476,5.264628539512671
6477,8.51299904776728
6478,7.335071438531827
6479,8.29725376130815
6480,8.069675552181181
6481,6.475010096644999
6482,5.0406684941342
6483,5.821921194991596
6484,5.958423584292699
6485,7.687499138444282
6486,5.2374486938325235
6487,4.0414638122278586
6488,10.0
6489,5.462798272554149
6490,2.7756351481258212
6491,4.691167046406034
6492,5.87951614840615
6493,3.0502906965424867
6494,4.599321304976022
6495,5.407090302115754
6496,7.790817377974519
6497,6.218012981685159
6498,5.939571831309302
6499,5.831325037359237
6500,8.944282645440031
6501,2.7721701716147003
6502,2.522035966142025
6503,7.849554855750084
6504,9.246275104021729
6505,4.883524637034539
6506,3.9007587184160917
6507,6.850346277029503
6508,5.448962661231304
6509,6.463323889349811
6510,6.808367016737005
6511,7.418940348268787
6512,6.174306334191318
6513,6.432037191794308
6514,4.024805813562054
6515,4.075733555061509
6516,9.400519135231342
6517,6.355076901993302
6518,5.026768525928872
6519,6.200303042241299
6520,7.824265885268376
6521,2.799106043582163
6522,3.8362593745583458
6523,3.355384785367269
6524,8.522945460101527
6525,7.950671983716758
6526,8.893797807733304
6527,4.4018758595160525
6528,6.365617359857859
6529,4.224590319411843
6530,6.17698530945484
6531,7.402341826600089
6532,3.4172652087415694
6533,8.725653832538777
6534,5.561927812643095
6535,6.071718876725856
6536,6.670759104728452
6537,6.563616258584829
6538,5.272789499379947
6539,6.994206367104512
6540,6.171706880441917
6541,6.706178902181214
6542,4.347396704154617
6543,7.266921162448922
6544,6.888771664190192
6545,5.986099943661378
6546,8.266386625978086
6547,4.199658887468194
6548,6.18115242425168
6549,3.684109606431175
6550,6.700326279625662
6551,3.293785761935673
6552,5.392577851379741
6553,6.872817777958043
6554,5.593702660130914
6555,2.092774170952938
6556,7.376030016030535
6557,2.3923981591924823
6558,7.218001840306048
6559,6.911956434062944
6560,4.471807659750414
6561,6.349742754410302
6562,5.170564468184425
6563,5.771089911749758
6564,3.2827954960407
6565,4.382307260462543
6566,9.21706954684783
6567,7.903845076328513
6568,7.43833613808124
6569,2.694646926245309
6570,7.709224614972
6571,7.588806753282528
6572,2.7856500856284514
6573,4.102047237510095
6574,8.03079558835886
6575,6.081367622387388
6576,4.66735878979634
6577,6.830709400453556
6578,7.87068162292858
6579,4.56433167799223
6580,3.901483399323705
6581,4.111140843186064
6582,8.655190620801134
6583,8.761533944839385
6584,8.518331755833156
6585,8.758807969711963
6586,8.789874780595857
6587,6.55953847493822
6588,2.1924869746869384
6589,5.815728421267646
6590,5.93453363026047
6591,9.341663312558756
6592,7.760399735411914
6593,6.366982146022496
6594,5.987852235552985
6595,6.859453896349158
6596,6.372265006431307
6597,6.0243355780888095
6598,7.120458761470954
6599,5.594695473348728
6600,8.35550373970444
6601,7.75537046464966
6602,3.94111681242385
6603,7.746154539996779
6604,6.75042328725204
6605,6.48448657154858
6606,7.793741004203145
6607,5.2217034604678165
6608,6.999570764980966
6609,2.3330916250117077
6610,0.09476860123732278
6611,7.180436385061658
6612,6.405565017008239
6613,3.8431534225516595
6614,2.8738367678774193
6615,6.619086883455805
6616,4.588881437161527
6617,3.5640610708929517
6618,7.667855795934485
6619,2.811552517860027
6620,2.142072367383506
6621,5.193035204712307
6622,8.133354452979173
6623,6.646069279139909
6624,4.132147661915288
6625,6.983020625649138
6626,3.5124569581258323
6627,7.89138713777864
6628,4.5267370650350305
6629,7.694112393736843
6630,6.099854630735013
6631,6.698438066812774
6632,5.789724524331492
6633,7.958069224697937
6634,7.524676154669294
6635,7.4628167854454865
6636,5.510980294566982
6637,1.7977084997978492
6638,4.417039586967415
6639,5.407879267460508
6640,5.644945381720217
6641,6.705125553274956
6642,6.454812989530447
6643,4.303126168646093
6644,5.861298661258509
6645,7.787267004296845
6646,9.32012636600067
6647,3.110273961772661
6648,3.5515647401317114
6649,5.817162582524787
6650,4.5916002562030185
6651,5.410930980785925
6652,9.062533996030522
6653,6.355824757485006
6654,9.375504497690846
6655,6.199889808359928
6656,7.1316627210622485
6657,7.619390356577632
6658,8.010888289398185
6659,3.1772578782418774
6660,3.8103809480016775
6661,7.238545134380626
6662,9.39354666013104
6663,7.750132428004542
6664,6.69431360602675
6665,6.167361166155389
6666,8.633221199215349
6667,5.776828546389254
6668,6.511900608003787
6669,9.525118450415643
6670,6.37562819607396
6671,5.90083889723416
6672,5.251006156265468
6673,5.982665105371149
6674,7.379790669866346
6675,6.293066624294777
6676,7.352246383770137
6677,8.878318828065918
6678,7.347261819840435
6679,7.087346397735715
6680,6.939498370644552
6681,5.041142319898944
6682,7.007220417569628
6683,6.970862922973789
6684,5.651463574787487
6685,6.012460524710041
6686,6.4548612770456995
6687,7.308045327354138
6688,6.169475004368973
6689,7.1214668555827
6690,6.591669658708447
6691,6.4172021941636
6692,9.177376118072234
6693,4.26303555158144
6694,7.530894680380801
6695,6.74850432145094
6696,4.4115405783683626
6697,5.745950759202967
6698,5.885006392422618
6699,4.496808444491677
6700,3.4307107775883106
6701,4.208876830597896
6702,8.936572515057998
6703,7.800426947925027
6704,6.854050899180746
6705,7.261880061790877
6706,9.408057777116984
6707,3.9673674660350295
6708,7.780426224312515
6709,3.4037995550772346
6710,6.994517217517899
6711,8.277131352214393
6712,7.722878272062605
6713,5.132543909668049
6714,6.010023423269174
6715,4.484176923961036
6716,6.924360699334455
6717,5.554745015032106
6718,3.4682956557688254
6719,6.556292327019032
6720,6.10311755006175
6721,3.7218245236242153
6722,4.275586017112614
6723,8.828184918610809
6724,8.398488364811584
6725,6.32228530944581
6726,1.900992056566137
6727,7.608533547002479
6728,3.0182688006568514
6729,5.399548489699201
6730,9.169963485304464
6731,3.7484612570745997
6732,4.4921515608031815
6733,7.254462731318959
6734,8.000481503969572
6735,3.3914715842083
6736,7.609064871199754
6737,4.941966812205893
6738,6.200023697467134
6739,5.7578974048500235
6740,7.260411398140372
6741,7.2959950296810145
6742,9.148394627971498
6743,5.435633328238095
6744,9.158018213902162
6745,1.3892559597482854
6746,6.0854426965652815
6747,7.997246678590965
6748,4.131751192424129
6749,9.00117727812726
6750,5.221766754249098
6751,5.499007880085095
6752,9.158551079964107
6753,7.071858984486777
6754,7.441348486337656
6755,7.341913132841823
6756,5.373724545202274
6757,4.938516719172641
6758,5.249566805167461
6759,2.111701119544883
6760,7.4086088394310785
6761,5.260315484406822
6762,5.766598821550646
6763,7.340544442195996
6764,3.772933199519767
6765,4.2569736613128395
6766,2.6780572514066314
6767,8.234695015008942
6768,6.817760563123661
6769,5.63042764704706
6770,5.763007670763219
6771,4.17069397628891
6772,8.171175154233424
6773,0.9812874483336056
6774,4.823939863727737
6775,6.906069267478909
6776,2.9912443479536908
6777,6.751501966500857
6778,7.173764890185957
6779,5.590380160377607
6780,6.5411872157732365
6781,5.545487630280547
6782,6.979023221095366
6783,5.937133778573651
6784,4.948383473835074
6785,6.6088908115006815
6786,6.212070331925558
6787,6.633984165882543
6788,5.892025334722595
6789,2.573722613450631
6790,5.222126534181503
6791,3.9667705515332994
6792,6.800904036060473
6793,6.1235613374524185
6794,6.52657149059505
6795,4.7101322989686345
6796,8.220164431822234
6797,5.7164682808734
6798,4.273587659436467
6799,9.140120999051627
6800,8.269931582357602
6801,6.022993946474607
6802,6.050049510591409
6803,8.467090544416104
6804,5.707342162255684
6805,5.359297291542367
6806,2.9607851353206494
6807,3.208471693058843
6808,5.098471529781874
6809,7.264496172171997
6810,4.551301053581225
6811,4.662341436250573
6812,6.1284036923106004
6813,8.879030434148222
6814,6.409033151460184
6815,2.7083225816895267
6816,9.443962078876114
6817,3.8132854647009258
6818,7.201307481123854
6819,6.322365247874607
6820,6.405736068655914
6821,3.2322235388929506
6822,1.3388636531090428
6823,7.149383485360736
6824,3.5169570128801775
6825,6.157483014009064
6826,7.433179989635146
6827,9.48455886692797
6828,5.559860711984189
6829,4.331098752999721
6830,5.800573902670983
6831,8.483519958414675
6832,2.1851242810784153
6833,7.744911414218449
6834,4.442310303442758
6835,7.22190686252465
6836,7.329326143733982
6837,10.0
6838,4.060316320822646
6839,7.861376582176852
6840,4.977665037320264
6841,6.008606447626187
6842,7.740308182559884
6843,1.7413802379912466
6844,5.391688169717222
6845,8.043077492533389
6846,6.4346691498962105
6847,5.408948849977326
6848,6.652321569625528
6849,4.188571681508724
6850,5.3173949886683225
6851,3.3154432492858406
6852,5.484484778211022
6853,5.237094432050077
6854,8.968803407980726
6855,5.498593009468564
6856,2.462329644449747
6857,8.8370055563738
6858,6.995569912204382
6859,7.836455630515946
6860,4.233403067298395
6861,4.250523730247151
6862,7.975219901058143
6863,4.537129249105829
6864,3.8118512879968054
6865,6.722508545976749
6866,3.266494589450547
6867,9.019244724225324
6868,4.863165017463361
6869,7.684042284829585
6870,5.344614051239431
6871,6.6513611972735
6872,5.2750863856787475
6873,3.361194253691869
6874,8.753532911514764
6875,4.657445404591776
6876,6.51964990804596
6877,6.314665851281414
6878,4.5816422330183455
6879,4.295524014474633
6880,7.5810401029056
6881,5.572251396535228
6882,5.960238476898738
6883,5.917371793592561
6884,8.583119487078331
6885,7.974404938126428
6886,4.007751193374688
6887,5.321727688959133
6888,5.015854462478233
6889,8.182730717372355
6890,3.6585766977144063
6891,6.571342755620483
6892,7.566410924765572
6893,5.427089570865535
6894,8.529112135441258
6895,7.80111533443978
6896,5.5500802826239495
6897,4.199002797181599
6898,8.325150456076635
6899,7.125608221596657
6900,4.3867730530547195
6901,9.828859903834875
6902,8.402423007887514
6903,6.770727713606947
6904,5.356404711365583
6905,5.930687424046205
6906,5.809692111713433
6907,4.289690881200735
6908,7.7522441983779995
6909,8.20647421192999
6910,4.3156668991224905
6911,4.802502869507493
6912,2.5591612144667866
6913,7.197245451805287
6914,6.780274169356745
6915,7.372882592456748
6916,5.564882453071742
6917,5.917454065565959
6918,7.316345363174165
6919,6.038274550107808
6920,1.90694223010142
6921,5.161970817711577
6922,8.628216003434721
6923,7.63530088728262
6924,7.44769168872018
6925,6.317539340511573
6926,2.685696643133423
6927,6.313429816659501
6928,7.870892690629553
6929,7.451889641631878
6930,9.106347522091369
6931,5.376417405526816
6932,7.401787725564333
6933,6.21654077129974
6934,6.3781837592942265
6935,9.528412810382697
6936,3.1577223820885783
6937,8.755845384519958
6938,7.961141101906688
6939,8.21931348347112
6940,2.546025331788653
6941,6.487912449527971
6942,4.038343075536275
6943,3.878771837360815
6944,4.987030210477152
6945,4.583249309851269
6946,7.203020132666407
6947,4.792272468576065
6948,4.6002230652943
6949,2.992138197879877
6950,4.836755344782688
6951,4.577514048384912
6952,6.327352952721023
6953,2.542713054001966
6954,3.537082072091801
6955,6.9093420053575745
6956,6.515374965674132
6957,7.213707950481847
6958,5.8197508602330705
6959,4.034951534605198
6960,4.362217291494861
6961,5.685494720293649
6962,8.120881453535006
6963,7.591353635230698
6964,3.588929086000828
6965,10.0
6966,4.909217755459266
6967,5.537157689585866
6968,2.717492844976955
6969,5.771721724129937
6970,7.271696534246846
6971,7.471288906224976
6972,4.249703478620321
6973,3.4413211053014265
6974,4.369261234917145
6975,6.160594928801362
6976,5.883256075203641
6977,6.06969290718466
6978,7.685039693080402
6979,7.866586610769065
6980,4.228744369978532
6981,3.2359470973346824
6982,4.541024477310682
6983,5.270022226526377
6984,6.59210145455035
6985,7.975240451632169
6986,3.632868558349819
6987,3.1600396272588984
6988,9.104037569954423
6989,5.495331351804538
6990,3.6724410681406257
6991,3.3017198532733927
6992,6.785032346239813
6993,4.49830762330334
6994,5.976440971340843
6995,5.055448732831874
6996,3.080592978081895
6997,3.78325512162946
6998,6.939336502794077
6999,8.17199716716334
7000,4.3619611967608884
7001,8.212287442945996
7002,6.749498590446581
7003,4.290552204681567
7004,7.92553788786932
7005,6.113015668925334
7006,7.369726054979844
7007,6.459307211256061
7008,8.245142059769009
7009,6.883530501636589
7010,6.525609950932807
7011,2.7772998024428803
7012,7.141275623750371
7013,9.495835478416364
7014,3.304653953340657
7015,4.482036557638852
7016,6.401088690922085
7017,2.6203215050379054
7018,7.403589808954814
7019,5.665779660178021
7020,9.219524508197603
7021,4.066696783301182
7022,3.0958189107913587
7023,6.191655690808063
7024,5.055631379534413
7025,2.9385820575869452
7026,5.096858556808937
7027,8.273358859536772
7028,4.417341583678892
7029,7.691881751141961
7030,7.380525131649047
7031,8.498282737541087
7032,4.375819584729094
7033,6.733097996927513
7034,7.142230073156759
7035,6.018199029184595
7036,7.6834646510990385
7037,7.602997722011129
7038,8.598026173468202
7039,5.920943845818336
7040,8.976143559674332
7041,8.766630426844758
7042,4.88770275819634
7043,2.9509299892624314
7044,6.077402535051725
7045,4.88503283096384
7046,9.393209528022288
7047,3.308679167802741
7048,5.038331151454342
7049,8.018104363451613
7050,9.064380854678353
7051,5.752255543996851
7052,7.229256710297424
7053,4.716502224473667
7054,5.269988605958397
7055,6.660586787684243
7056,4.2266076369260865
7057,5.006819979466069
7058,7.079936019096902
7059,8.082274171050162
7060,5.804135233316816
7061,3.4800340554130944
7062,6.100210712940505
7063,8.06661115850496
7064,4.323279591989319
7065,7.142131027410146
7066,1.3194072975615003
7067,4.268498192393425
7068,7.166221061604726
7069,3.7679026681199286
7070,2.6572950143631577
7071,8.41800653531172
7072,7.405364572730305
7073,5.0606958076853745
7074,5.105786784205751
7075,8.702641779290008
7076,9.493052183650569
7077,8.39500570008016
7078,6.430537404367984
7079,8.565876836511991
7080,5.117766306261379
7081,6.629206895511524
7082,7.7142111878220865
7083,4.175505787007687
7084,6.974325735787925
7085,3.4844142875005666
7086,7.944696657242728
7087,6.465683637101993
7088,4.163330132382035
7089,6.709427448659547
7090,9.660162669554383
7091,6.213165212473385
7092,4.592146280642921
7093,5.080442655007211
7094,9.114768444821129
7095,4.228100622169011
7096,4.693077481389626
7097,8.228853221234953
7098,4.623412848760093
7099,7.626928111965962
7100,7.166570684012513
7101,6.029415216890095
7102,8.306994695281121
7103,7.1084630304403955
7104,7.8348047621129755
7105,6.11603284474487
7106,3.2330976937006026
7107,4.816930607951834
7108,7.31548820762692
7109,6.58739182697861
7110,4.073447594343082
7111,5.471129484065779
7112,4.051114597279412
7113,6.693145012098313
7114,5.930074861405428
7115,8.403442674513887
7116,8.962332746164929
7117,4.877529698294042
7118,6.331357124372142
7119,7.619344231955605
7120,4.719125116226472
7121,5.271038148916833
7122,4.879377303880356
7123,4.772988571153603
7124,3.7793393125194323
7125,5.352678021223161
7126,7.797590292370651
7127,5.51210468720592
7128,7.221552276294666
7129,6.610638639995607
7130,7.540310393066687
7131,7.2120508724172865
7132,6.801195367926251
7133,7.46692017542799
7134,7.472850034206824
7135,6.439695239673739
7136,4.335772688905811
7137,5.981682936766754
7138,5.0138899858122485
7139,4.437036527664663
7140,4.238881929790572
7141,9.640034727480348
7142,5.341856577452026
7143,5.38807810838968
7144,3.2868390859070513
7145,5.307599556852785
7146,4.807587573790753
7147,8.043119225579167
7148,5.577335326759836
7149,7.35032437476393
7150,5.753248299353546
7151,7.92677202351838
7152,6.737512401841313
7153,1.4749890296589776
7154,9.261896539225067
7155,6.826464970271406
7156,1.7440796018228442
7157,5.081969048215502
7158,4.238556406748496
7159,5.683774882590002
7160,5.297919578021834
7161,6.737781233356234
7162,6.209328509548077
7163,6.518906962926477
7164,8.491977599696902
7165,8.84485849082455
7166,3.3874051261115046
7167,6.4335156223017655
7168,4.273932688393122
7169,5.764850130068853
7170,6.6258219876247
7171,4.470332274829605
7172,6.424533022458102
7173,7.876216746468206
7174,9.065149877173372
7175,4.150171538847652
7176,7.493243860579601
7177,3.719785834824589
7178,8.639247744250689
7179,6.368442072090409
7180,4.908501243179007
7181,6.6695135776753025
7182,5.960900782909473
7183,7.831832404161391
7184,1.9333030526915174
7185,6.448136088162796
7186,7.303117230857536
7187,5.213226557009637
7188,2.4438530174437973
7189,5.941107884816694
7190,5.270185441815601
7191,2.987556942676844
7192,8.612992569359362
7193,8.458734943903277
7194,3.3601307062721397
7195,7.476976648337835
7196,5.873676697873413
7197,6.8293639467472795
7198,6.193611010647029
7199,7.925447114618713
7200,7.309448352366223
7201,5.639317921009241
7202,6.679742286232884
7203,6.2842166969221935
7204,6.176537227684611
7205,3.2842296462339666
7206,6.751250372146318
7207,6.047322932644314
7208,6.262051411824165
7209,5.967549692476433
7210,7.022891192619358
7211,5.69405248707407
7212,5.418991903867628
7213,5.708556221753896
7214,5.951881155225394
7215,5.237536517868662
7216,4.167234568803471
7217,7.1865496645077975
7218,5.666524240797344
7219,8.143935167245404
7220,4.056904208283308
7221,7.274688645834883
7222,4.764138573539984
7223,6.792460007148658
7224,5.966851114794651
7225,7.215340103838496
7226,6.708708324953975
7227,6.012760608194695
7228,3.721610943813294
7229,8.728118179643372
7230,6.323252995438699
7231,3.058309907604473
7232,7.5819581209131055
7233,8.319192178007109
7234,2.761926528487259
7235,5.3510956184074985
7236,8.092503378057739
7237,5.962149997812345
7238,8.460502296423977
7239,5.850913086086571
7240,3.579457410654539
7241,4.023875694904292
7242,8.311056211075082
7243,9.062509143019835
7244,3.1254704985858095
7245,3.874485816240457
7246,3.373314920946242
7247,4.098008019030095
7248,3.746253675118128
7249,5.774996909652594
7250,7.691401339916759
7251,6.169812116396408
7252,5.15493632873492
7253,7.61693901199845
7254,7.838060569084943
7255,4.042199583938947
7256,7.026133961538832
7257,4.458670292024369
7258,3.09482361528291
7259,5.7858191383596616
7260,9.650151422164448
7261,5.930667266943316
7262,5.686518482748886
7263,4.71480960049482
7264,3.0504523090302316
7265,7.934523128928586
7266,4.287163850948419
7267,2.770873438175189
7268,6.387028221961885
7269,4.999570686354117
7270,6.927982570836406
7271,4.026696318407517
7272,7.264174912788974
7273,6.594215166422798
7274,5.220811645078756
7275,6.604212603283264
7276,5.98908130261073
7277,5.332822702888843
7278,6.042560307010731
7279,6.462622442455414
7280,6.466492513326887
7281,8.851682266171434
7282,5.993849925707322
7283,5.412540397009079
7284,8.560390067313548
7285,7.416732431174756
7286,2.8663725931091264
7287,4.729893840730852
7288,5.709585327139032
7289,4.983220780525773
7290,6.766419218939172
7291,3.6034549186005136
7292,5.450545038466457
7293,4.670839608137426
7294,5.248404939816661
7295,9.652882687732045
7296,8.004851931409883
7297,6.856136488739936
7298,5.4905981907521095
7299,7.360871966833835
7300,4.4308225572650075
7301,6.914641126097187
7302,5.396369884339122
7303,5.209909084963803
7304,8.351874304424499
7305,5.69284853751443
7306,5.176807027519877
7307,7.0793027133862125
7308,4.700280143319848
7309,8.142481735696121
7310,1.842486092852726
7311,7.241881210959531
7312,7.783350659870229
7313,6.491341683551403
7314,5.665599433812818
7315,5.877730255414756
7316,4.485088138107668
7317,7.467858785024324
7318,2.600300922713194
7319,7.20671489027939
7320,3.8563763015286185
7321,4.637346111405484
7322,5.66641060244661
7323,6.2686343269019
7324,4.590640300416013
7325,6.512484776485003
7326,6.073144962964937
7327,4.114717221184862
7328,7.162807289106039
7329,3.2190352860429865
7330,8.180934322610073
7331,3.975860833302031
7332,7.487158169340699
7333,7.84147752064363
7334,6.091448813566426
7335,6.020721587315284
7336,5.927509174615934
7337,4.163151697234635
7338,4.562951889831299
7339,5.098622338476363
7340,5.65416884139025
7341,4.316386152408029
7342,4.924170270365658
7343,8.033986369477626
7344,6.104608495083646
7345,3.239139535791506
7346,7.979500225148767
7347,8.422841606767255
7348,7.388914581580201
7349,6.439018266792808
7350,4.647181119610544
7351,5.308737088338848
7352,6.296988040174007
7353,5.306740435636419
7354,6.930946006945435
7355,7.77552512861915
7356,5.342520912349011
7357,8.992762288730718
7358,6.769752336179522
7359,6.144548807281909
7360,7.9815798826642474
7361,9.167360358738069
7362,7.423938822824155
7363,3.4177256212357143
7364,6.598937256593389
7365,6.332775236189064
7366,6.261275072407821
7367,6.054553094077383
7368,3.771400731491953
7369,8.398220638748986
7370,6.2606790225798665
7371,8.809837862000087
7372,6.4793622485821025
7373,8.531119485713887
7374,6.578982965777021
7375,3.8777690731960464
7376,5.119126454020518
7377,5.71607965458397
7378,2.8659617486659275
7379,9.214010276673772
7380,6.7617767310264725
7381,6.0374358183959105
7382,8.120634909719879
7383,3.1202018680521233
7384,8.203530983367159
7385,4.915290499514618
7386,6.0629338025186215
7387,6.559705875617899
7388,5.636555102001154
7389,4.882297363523847
7390,6.404626963274822
7391,7.101585807912496
7392,6.007654351199626
7393,9.539791339492211
7394,7.403770230965166
7395,3.3370365790847942
7396,5.901238113172399
7397,8.008055299734808
7398,2.1567155498755843
7399,4.747235647067901
7400,8.136280784703986
7401,3.952831407654898
7402,3.124161622091088
7403,9.324105314493458
7404,6.4561492790478825
7405,5.202558958516422
7406,7.68118453666414
7407,7.716858201806551
7408,7.586514937462231
7409,8.482342588517293
7410,7.444054813986977
7411,7.929791548503532
7412,3.2252105957157355
7413,4.999618402203231
7414,4.768494576417158
7415,6.301598376808427
7416,5.597878103769169
7417,7.031237457764481
7418,4.0328720553389745
7419,5.864289291120721
7420,5.169811281571306
7421,3.5191742900749485
7422,5.882476334200805
7423,8.57752807363588
7424,9.438339341684232
7425,3.111494021633309
7426,5.231513852984086
7427,5.689178022481025
7428,3.7882293648947254
7429,3.4746586198693565
7430,2.0331272721693816
7431,5.972823663158785
7432,6.4653832628058385
7433,5.190199243350828
7434,4.172348113490793
7435,5.040403305507157
7436,7.734536440819148
7437,9.078262700156287
7438,4.834230705134949
7439,6.15951894871782
7440,8.234724781952474
7441,6.358862328339999
7442,3.863594232482545
7443,8.49060998627841
7444,6.095253060941603
7445,7.8968626867414295
7446,4.182798147241711
7447,8.698106299303381
7448,5.0023438167026155
7449,5.382148689072213
7450,8.709664859586793
7451,6.238136259315799
7452,6.297043953748645
7453,4.304935241593831
7454,6.697545715925594
7455,3.816819979700269
7456,6.774709895382763
7457,7.315572710881415
7458,5.604303684072237
7459,3.6393778281071665
7460,7.486647799580155
7461,8.3820981093726
7462,3.052417369730437
7463,7.930698067137988
7464,6.125147801720817
7465,8.686936346180842
7466,6.785278751334595
7467,8.93763271151333
7468,6.783276826597166
7469,4.0093795206369665
7470,6.29326664805252
7471,6.173606594136969
7472,3.2281465253213435
7473,6.119791569760233
7474,5.165533874278944
7475,3.0958841234471235
7476,4.8583170837093395
7477,2.1759777527968756
7478,6.474412636526461
7479,4.9022128076940295
7480,8.966716592408144
7481,6.825733651902107
7482,4.543203545920155
7483,7.840211998058096
7484,7.9943468096492625
7485,5.07046914729456
7486,8.919938670740168
7487,4.863531560608088
7488,5.181585875147402
7489,5.3596735194995295
7490,5.403105665044845
7491,4.285071919422069
7492,4.736745498063418
7493,8.422473979784742
7494,6.075633582494937
7495,6.939585236053587
7496,6.969366669789764
7497,6.4097492682925115
7498,6.525365040786969
7499,9.438402135536831
7500,5.607001015559912
7501,6.2946478572864155
7502,8.271500554128044
7503,4.628763105488476
7504,7.399035136794198
7505,6.121489224305691
7506,6.401187923400518
7507,8.578033081338205
7508,5.290917348228159
7509,0.7208616610066385
7510,8.874384499512699
7511,5.311467504302549
7512,5.486151481738274
7513,5.691319512725345
7514,8.047866619261576
7515,4.8863774383073135
7516,7.438156803104267
7517,2.7472463514980454
7518,5.742016099287343
7519,2.676713389285408
7520,4.549916538080341
7521,9.196170750483114
7522,5.786532249650276
7523,3.4219831085746404
7524,8.188028779749947
7525,6.566421500228861
7526,7.643752447679006
7527,5.975066096344152
7528,3.5101757043854134
7529,7.534226272524116
7530,5.685852665164823
7531,5.518199912388102
7532,9.465778365305788
7533,6.822646753636578
7534,6.838121027687696
7535,5.293559378199214
7536,7.816713727133049
7537,7.802988629318846
7538,6.473398296512424
7539,5.8823690361099885
7540,6.1496312486606435
7541,4.034151869240379
7542,7.790309245253242
7543,5.366932826738223
7544,2.592765161535464
7545,5.107954351404147
7546,5.46279415533552
7547,4.2187803380821105
7548,7.147980652030659
7549,8.150922755833744
7550,4.788161062196667
7551,8.029693697719686
7552,6.220206232240315
7553,6.689279908498625
7554,9.091842751463648
7555,6.614220400474335
7556,6.293469792701263
7557,8.116094156968785
7558,4.254853391453002
7559,2.660485424100773
7560,2.414165828186855
7561,6.139472998100663
7562,4.653676925910655
7563,7.473994933428412
7564,6.548319819674642
7565,8.850005924875271
7566,5.459147985550482
7567,7.002844496172711
7568,7.617626129625808
7569,5.93187551356179
7570,3.1799824401517736
7571,6.550900109615773
7572,7.26402968044073
7573,9.839954447911564
7574,6.049153679458212
7575,7.624567836492326
7576,5.135191651908559
7577,7.009613488991495
7578,6.245818650046382
7579,7.905196098539948
7580,3.9256755163333583
7581,6.8935449946381535
7582,1.7107534689233974
7583,5.933487310069507
7584,4.140109646010188
7585,6.236778760380382
7586,3.7943854948245717
7587,6.29770325465303
7588,4.481933517473256
7589,8.257439675739812
7590,1.7918563037228907
7591,3.253751729494039
7592,6.237211500924975
7593,6.67378705911133
7594,3.84060032364846
7595,6.463012563649784
7596,3.38943773708612
7597,6.533715490275137
7598,6.01580426084599
7599,4.057186420467391
7600,7.551446615886311
7601,9.020036043130492
7602,1.0752949450493383
7603,3.936160666222132
7604,3.5862000175394178
7605,5.4161834778723525
7606,6.328117130117888
7607,8.371573534468759
7608,8.901656830401427
7609,7.8621186820444695
7610,4.831596353531447
7611,5.044735930683975
7612,6.6555917855615645
7613,7.822990716443648
7614,7.011737689779084
7615,8.132226311754454
7616,6.450819607685954
7617,7.102756962452771
7618,5.749897530522257
7619,3.5725765919211048
7620,3.903686446969915
7621,7.932365109719502
7622,3.822096503881766
7623,7.581611459172716
7624,6.776539069805766
7625,5.554896242268555
7626,1.447787616131008
7627,5.57117560252986
7628,5.932411924556301
7629,4.209673508002976
7630,3.0930408728927814
7631,6.396782399122315
7632,8.489925762626518
7633,6.889029189568248
7634,1.3751806570655924
7635,5.067489458671277
7636,7.615731060736026
7637,2.258720562318063
7638,6.7236718171559975
7639,7.674123684370849
7640,8.40280601630268
7641,6.58519280709822
7642,9.124549558541606
7643,5.581663409704965
7644,5.808891647666037
7645,6.914381906351061
7646,5.373686604717419
7647,4.568474785045053
7648,3.319759082520876
7649,3.797296990733632
7650,6.7414159863419645
7651,5.5548298048350695
7652,5.957422898119594
7653,2.9747887139534535
7654,6.213913805108871
7655,7.450362506431228
7656,9.658581911301813
7657,7.349848020258142
7658,4.716433281554641
7659,1.1947419963579935
7660,3.85126303555817
7661,4.144428959156244
7662,6.888319219546551
7663,2.5546287050293643
7664,8.024981215965632
7665,6.506000510256346
7666,6.056363663141081
7667,5.107765167576293
7668,4.923046322908626
7669,6.760159365186513
7670,8.540981794128133
7671,5.876306365300318
7672,6.301372825168114
7673,4.994382467166392
7674,5.049654254152779
7675,8.994119683741376
7676,3.2537277356323493
7677,5.160809320335809
7678,8.648153670195901
7679,8.243394931510302
7680,7.606251629307158
7681,5.666150930446943
7682,4.008022357215279
7683,5.488054518660077
7684,4.877117372211432
7685,9.637509954765894
7686,6.51528469580258
7687,8.781118790781747
7688,4.005897791296936
7689,2.9608621476367336
7690,6.695136864631172
7691,3.53176298893445
7692,8.982458583433077
7693,8.125997912469415
7694,5.232430575841964
7695,4.60579882079997
7696,8.76093335473858
7697,3.5804960335896494
7698,4.958381962067041
7699,6.819823676580709
7700,7.202755088898362
7701,5.044937380761429
7702,3.504166004668357
7703,5.46932394723728
7704,5.0264856953918216
7705,4.152632385742911
7706,2.2201358875684543
7707,7.071550240058588
7708,6.291228612885666
7709,7.7810712330105565
7710,7.205139972079898
7711,7.901648995891383
7712,8.127084237340018
7713,5.171101134371511
7714,9.716472282126013
7715,5.447690012305579
7716,6.703199751893324
7717,7.121111607568782
7718,8.088914569236142
7719,6.378205967957661
7720,8.732032112325655
7721,3.496134160772763
7722,3.596572816822425
7723,3.7532937095113432
7724,6.311798949290491
7725,5.624883368897024
7726,4.875778357058047
7727,7.055226794796883
7728,5.902333705570405
7729,2.895117236242778
7730,6.260272949944359
7731,3.4440104783438548
7732,7.784837286358842
7733,5.753550914116612
7734,5.830546170114925
7735,8.424536626650765
7736,6.898613800726562
7737,5.364761902460067
7738,6.52247979663856
7739,4.326880422843485
7740,6.665925250652879
7741,5.629401326819863
7742,4.789759739113746
7743,5.366109467489016
7744,3.344320085543012
7745,9.356149103755943
7746,6.122763296642316
7747,6.109057344315053
7748,5.929545580837196
7749,6.626903280547477
7750,4.037849623918038
7751,6.805748265113479
7752,8.14575026040461
7753,5.621018425225298
7754,4.970671231105595
7755,8.688013487216068
7756,8.23271811327477
7757,7.74539173057066
7758,6.517114457632193
7759,8.937449662873167
7760,7.021094120562003
7761,7.621507083913372
7762,5.1575772365658725
7763,6.205626568206517
7764,7.245433603871055
7765,5.002546371413848
7766,6.767443314968501
7767,4.552926982388414
7768,4.850860063296959
7769,3.5474224242920895
7770,9.013275519062347
7771,2.492461530735402
7772,5.459080662649369
7773,4.728411839261311
7774,5.269797693569439
7775,7.673938078351026
7776,6.190637176603291
7777,7.160113430182047
7778,8.094403865852867
7779,4.754862276198407
7780,6.494667702865938
7781,5.511747786419399
7782,2.692425661248825
7783,6.331069503537229
7784,8.619008827574257
7785,2.3851622323777755
7786,1.7714929807122863
7787,3.083966285216388
7788,8.763707058809043
7789,1.704722675571686
7790,6.475768665129872
7791,3.860493370867412
7792,7.479058511451173
7793,8.234630624371523
7794,6.242842220855613
7795,7.079042242427157
7796,6.8631874447198715
7797,6.143621915427946
7798,8.05037199348743
7799,4.890689400168304
7800,3.735463677386664
7801,2.995921115800788
7802,2.9793809436240255
7803,4.8173998944757495
7804,5.285374776529279
7805,7.705424342497261
7806,7.606011632845446
7807,4.542706914738851
7808,6.1378087323777555
7809,7.8862544068255165
7810,5.630520261980683
7811,4.648159318281595
7812,5.114855174142326
7813,6.499640212741115
7814,3.9246356167170324
7815,4.036418251346604
7816,6.976799195009043
7817,3.38315402506948
7818,3.358945583473021
7819,6.224635214023266
7820,5.5647911663607275
7821,6.8653380925361125
7822,6.558954023577631
7823,7.468492378269095
7824,6.69771579227649
7825,6.326397276846638
7826,5.871528900617406
7827,4.207427808496558
7828,7.9132869153795475
7829,7.545057172438
7830,7.118548141170047
7831,7.2051528808157315
7832,2.9820910789008237
7833,7.818675421403135
7834,8.172620478685774
7835,3.456106427071649
7836,7.5230396550926
7837,6.184661161498294
7838,5.149582408085206
7839,5.149638937385995
7840,8.733441090369492
7841,8.521657304408459
7842,7.933789718871598
7843,7.38665179845274
7844,5.033398485182705
7845,5.7985466759979065
7846,5.822724065669462
7847,8.8596709282745
7848,4.440590589827402
7849,2.311718043984398
7850,4.282430111228778
7851,4.371684455560721
7852,7.919636624291494
7853,5.625167757124312
7854,4.515514807136837
7855,8.335939088592918
7856,6.522519652722165
7857,9.749594829641191
7858,7.1493535325762965
7859,9.885744879193654
7860,6.842652814203777
7861,9.758997060337466
7862,4.974503928683534
7863,5.269706910596165
7864,7.66306935434792
7865,9.147284484071086
7866,6.636194955186234
7867,9.73202362673235
7868,4.873806307006332
7869,7.482179208993056
7870,8.6823538034905
7871,1.783717242792583
7872,6.326191792236025
7873,8.330696117224505
7874,7.132113221091809
7875,3.8853469740455058
7876,3.9753223833888796
7877,5.66566957977018
7878,4.586578039123284
7879,2.017596310855418
7880,3.995820035890772
7881,5.784241064771143
7882,7.801106579942777
7883,4.686463830986669
7884,4.240185679884087
7885,6.931312555572071
7886,4.672207957073697
7887,6.371059061469888
7888,7.396123441537435
7889,8.428833835873125
7890,3.956514203115091
7891,6.087704177360887
7892,6.404358681479395
7893,2.154357867129069
7894,7.236457447480559
7895,3.697507688017846
7896,3.8461912408210397
7897,8.604069023994212
7898,3.2502970690476825
7899,7.662262996564934
7900,4.061559276650822
7901,7.256616446814568
7902,4.247529501427122
7903,4.515845837693904
7904,6.328092843751055
7905,5.132260693166144
7906,8.000865309156541
7907,4.018672769803116
7908,7.501101375674681
7909,7.955309972700776
7910,7.308988759240794
7911,7.104954061013432
7912,6.274090985705487
7913,4.405490950622356
7914,3.8252729874380824
7915,5.3817171221211515
7916,6.846094581475697
7917,6.957905581600403
7918,4.414765724580244
7919,7.428196239148249
7920,9.339199722472841
7921,6.305316209141211
7922,4.9684114494788325
7923,6.5126751629495185
7924,8.36111426151622
7925,4.150802149177333
7926,6.299021040026038
7927,5.536601537175319
7928,4.5889550089467255
7929,8.747683679692964
7930,8.143298931309166
7931,7.686732736390653
7932,5.573278120273039
7933,5.417721579243409
7934,8.029322655205373
7935,8.572440374474622
7936,5.396466240280521
7937,3.3610906429103373
7938,6.032872473957925
7939,8.305473694966441
7940,3.6386265872282495
7941,3.8515348769094127
7942,4.01088498644716
7943,6.296930709692139
7944,6.3402758350294715
7945,5.6847946892345735
7946,4.603475993713488
7947,5.346458417770631
7948,7.369042247710518
7949,5.694442301109956
7950,6.900826470168404
7951,6.707361192530393
7952,7.729378705013229
7953,5.909240193455243
7954,3.7599652044127
7955,5.368644250115455
7956,6.734437666482776
7957,2.8769864606397935
7958,3.2307370336859957
7959,4.735867336588943
7960,6.305287436833044
7961,5.741419626263637
7962,7.109736704532815
7963,6.966449577656032
7964,6.196471938339825
7965,6.200602506904456
7966,7.5458150439997755
7967,4.610505088361954
7968,6.488900127675513
7969,7.584398000115391
7970,7.472077070685158
7971,6.45668663353334
7972,5.646936103263733
7973,7.9721494650408715
7974,5.871789783580178
7975,7.321400868015293
7976,6.47123816580449
7977,8.087641832889068
7978,0.733281883318874
7979,5.803079615094486
7980,7.855941509940493
7981,6.348770523970193
7982,3.3584903270014
7983,5.654150922859714
7984,5.855409233351881
7985,5.441111170730705
7986,6.9620336126260565
7987,4.2158884897516105
7988,9.813843597902936
7989,7.388086343050574
7990,8.055883120640784
7991,0.5824857015445999
7992,2.842777274851355
7993,6.768474417944274
7994,4.1466960892412095
7995,2.9120292614382723
7996,6.059288264585325
7997,7.854383972015734
7998,2.0502863481498967
7999,6.659549383400515
8000,5.470574967490165
8001,7.130851183912688
8002,3.419088460424703
8003,8.210316131906833
8004,4.619890917923223
8005,7.788042105754411
8006,6.2701280701220945
8007,8.954553054638101
8008,5.579743483652699
8009,5.677595587815926
8010,6.479299240149759
8011,4.821967234557812
8012,6.587879236243296
8013,2.2128479831579875
8014,5.385786596925445
8015,5.181157912403037
8016,6.417327890149544
8017,3.9625252779306326
8018,4.5073357870074
8019,5.972062163391752
8020,4.472478247630793
8021,2.8533481116382937
8022,5.558112167874481
8023,2.540920160423185
8024,5.926967954460266
8025,6.598380440964693
8026,8.743256438772965
8027,8.817462414432953
8028,5.600248329325506
8029,6.6381913495204365
8030,3.1296524554115885
8031,4.728723605543642
8032,4.440354176874395
8033,8.717787114227791
8034,4.192479426031621
8035,5.288224053433046
8036,1.9989428514662517
8037,5.358944221963866
8038,7.104622867165471
8039,7.689183579717153
8040,6.250077693557506
8041,6.321019166104123
8042,8.094817111808206
8043,3.395320029961532
8044,5.8975719962184705
8045,5.97861258024471
8046,7.811196205673728
8047,3.468480379587713
8048,7.359042593371857
8049,3.329746918058262
8050,7.333656068383668
8051,6.964331901236184
8052,9.002553684646948
8053,10.0
8054,6.960252273322351
8055,7.840111715395972
8056,5.469949687320672
8057,6.989822487699831
8058,2.364635338088587
8059,8.028686652698672
8060,5.2962979939619945
8061,9.131297820361379
8062,4.757913640410606
8063,8.221005463023456
8064,9.139715803721476
8065,6.553039383023679
8066,6.147924063698584
8067,4.339805232444278
8068,2.877366993787171
8069,4.919327733089109
8070,5.144600465269937
8071,7.997501440772172
8072,5.504021416775773
8073,9.590318446099761
8074,7.969176558876772
8075,7.081614452805022
8076,4.854968450789268
8077,3.8619831688372015
8078,5.415715728831149
8079,9.797071945377068
8080,8.729817239281864
8081,8.189679639349677
8082,2.406707044580437
8083,6.549933743905058
8084,7.77962951021406
8085,8.690779899851853
8086,5.959773787924476
8087,5.018160151233588
8088,7.316009449125476
8089,5.635538558154549
8090,5.095944078548424
8091,6.002911832102379
8092,4.62902579727621
8093,3.53749226578051
8094,5.843862767043898
8095,6.9094191565447325
8096,2.7000492495810557
8097,9.024549574326562
8098,6.1726408196034495
8099,6.960236619098522
8100,5.633015519448254
8101,8.170846860890002
8102,6.401290092283626
8103,8.919581239498116
8104,4.429112418899201
8105,4.8323809473841255
8106,1.2444675772194351
8107,4.665589383498401
8108,5.377689457621231
8109,4.664526608620096
8110,5.068791893528146
8111,5.014943870793771
8112,8.509357264784247
8113,5.8737902010676635
8114,2.75884163428368
8115,5.805960628915868
8116,8.222607026353398
8117,6.552302267212972
8118,6.720874034569974
8119,5.737096439799332
8120,5.22830068460863
8121,2.667106595914863
8122,5.714642457228358
8123,5.7259389503319085
8124,5.773493778035608
8125,7.113782584315367
8126,8.270708951235891
8127,3.542608212625849
8128,9.163939741260368
8129,9.406990513370438
8130,4.1714880238752405
8131,7.482126670707373
8132,8.923978678976384
8133,6.225371979068225
8134,7.125562105023262
8135,4.483685245423777
8136,6.174888748881132
8137,4.757175435922034
8138,8.306709165100116
8139,7.7230114204968885
8140,2.726741148844374
8141,1.9149666130069583
8142,8.535069710396357
8143,2.8023856052342913
8144,6.179940734776971
8145,7.212890854907122
8146,4.520579603276161
8147,9.4526714677375
8148,5.068546748194435
8149,5.004234466142206
8150,8.728272813557606
8151,4.497291521873181
8152,4.066611545996944
8153,4.1081819381685385
8154,4.568117240434528
8155,8.662994151159698
8156,4.495343055544619
8157,4.398984493378647
8158,4.90570946141112
8159,8.66457020745739
8160,1.8253758957720851
8161,6.477047319967458
8162,9.29533117987723
8163,6.368060459791309
8164,7.447373531579478
8165,4.893054110919488
8166,4.897821539458979
8167,5.998799141644608
8168,4.439044488900176
8169,3.268467916111013
8170,6.773493872375669
8171,6.198425716614334
8172,7.467306975925339
8173,4.607414977047309
8174,6.5227942244411174
8175,5.444554462578882
8176,6.996688934537238
8177,5.635853514758088
8178,1.8335876251456227
8179,5.927234648027334
8180,5.170631832346572
8181,4.5790003693397665
8182,6.853893793637267
8183,3.853309162259815
8184,8.059195378850191
8185,6.709987843016577
8186,7.684540033997326
8187,6.164850384142536
8188,8.478511866853571
8189,6.8474155782368875
8190,8.743918739961257
8191,7.96292335057348
8192,8.94696343281138
8193,4.591727914392727
8194,7.03715356777462
8195,7.203164470937524
8196,4.283824721517095
8197,3.4692032611223307
8198,7.0871783356524025
8199,0.17862851672978455
8200,5.191326419149988
8201,7.28533629446982
8202,4.027463037137553
8203,4.3833065065259955
8204,5.90597204906436
8205,9.0447271257722
8206,4.590804752217017
8207,8.181488863434334
8208,4.569014258704434
8209,4.804532337668385
8210,5.2946509739152
8211,6.79796979046467
8212,4.578337253441543
8213,5.327250763306923
8214,6.2197836346149575
8215,6.130533781462606
8216,2.844136008149187
8217,5.844665368980479
8218,2.6047072676852028
8219,7.021172956984634
8220,9.1634089118679
8221,4.270685874310741
8222,4.57500300627356
8223,7.839478513042556
8224,3.8472794016901144
8225,7.161483464781533
8226,7.164700608986554
8227,5.3009644722240505
8228,5.130102089620449
8229,4.058240490368511
8230,9.029396309328053
8231,7.390966467981734
8232,2.16866022573765
8233,5.208763487814796
8234,8.250363871482488
8235,5.237318406109345
8236,9.31373627697956
8237,6.959850343767503
8238,4.386558907999669
8239,9.89286385456618
8240,6.316879807816655
8241,4.7847074034755135
8242,3.4044460816552875
8243,6.863450175849001
8244,3.2708704626038223
8245,5.504433066364525
8246,3.515355722018579
8247,7.544022431001089
8248,3.555738124215537
8249,4.7507562573705915
8250,6.950743975750869
8251,6.3905436268525175
8252,6.337854085312987
8253,6.941801433184474
8254,4.934869004322176
8255,5.892397290504986
8256,5.171210782102777
8257,1.9017846068611974
8258,4.503462301470594
8259,3.8343653278152385
8260,4.345041604953927
8261,3.579372664967038
8262,7.346514349650222
8263,3.580646715650363
8264,7.8420414817639665
8265,4.756006165432366
8266,6.467626924680991
8267,8.009304816110397
8268,6.399884163748104
8269,3.2704473967045615
8270,4.818045788753651
8271,6.647467951234741
8272,3.9897564727484123
8273,7.97950477366926
8274,7.27154170036583
8275,9.984087448528644
8276,4.8778910509301685
8277,5.54299463480907
8278,4.293717078866351
8279,4.120383206271664
8280,7.357287893670593
8281,8.247154866129614
8282,6.864006196518155
8283,4.498587728811869
8284,3.8389629833210246
8285,8.466806724124554
8286,7.813637639055528
8287,4.726026380397909
8288,7.940154360902667
8289,5.021432540293197
8290,6.47220062858209
8291,5.202578003195398
8292,8.939681382165897
8293,7.062473179283726
8294,6.195466960326822
8295,5.392907187544705
8296,2.6665900939043707
8297,7.5580362152858935
8298,4.257414103383823
8299,9.604991801475332
8300,1.3289956864988999
8301,8.401513164620543
8302,4.449656777646088
8303,2.922171610194236
8304,5.667114506835664
8305,4.527658249147787
8306,2.0796601409963373
8307,7.6163737378460805
8308,7.126646117664227
8309,5.990488900081463
8310,6.370083161280288
8311,7.5021524959868575
8312,7.748907978344715
8313,5.296928659989069
8314,6.755897728674194
8315,2.4923446237960083
8316,6.962319170892322
8317,7.0733208775776815
8318,8.780574669166908
8319,4.175095996338283
8320,5.086268837939821
8321,5.371977882322719
8322,7.483933400765659
8323,6.209653891467729
8324,4.199170168528722
8325,4.623829718071811
8326,5.14235704892455
8327,7.947366579085724
8328,7.3072778214933365
8329,7.9987824374588925
8330,7.723505261500636
8331,5.844646470788094
8332,3.2037229666422142
8333,6.3502173501249395
8334,4.405614364780005
8335,5.894508802198434
8336,6.994244816646603
8337,4.475515820948955
8338,2.508853256370433
8339,8.054000935146844
8340,5.148368863134043
8341,8.833098304119932
8342,1.7082431676865222
8343,8.679460610552809
8344,6.4237407004496285
8345,7.552749089875361
8346,7.0916086845283814
8347,7.196256577411801
8348,7.816598288853425
8349,5.219878609112843
8350,5.232264980738057
8351,6.512643732818592
8352,8.311756416360998
8353,0.8537687157254168
8354,9.759743259859201
8355,5.790868183484423
8356,6.732542263381138
8357,1.7448478416888564
8358,6.96466277061619
8359,9.268993636898298
8360,4.513283743879528
8361,6.401248379103036
8362,9.792562451174987
8363,6.806531338098422
8364,4.783394788933019
8365,8.048706645469979
8366,9.07327629484264
8367,3.30218243183522
8368,6.991868867222488
8369,5.683971578473516
8370,3.09003632825236
8371,5.627825995179665
8372,6.097628359172364
8373,5.0994151082218915
8374,2.450621876287784
8375,7.417613462476884
8376,7.834005680255178
8377,8.346142396786766
8378,4.106136943469516
8379,6.512068271251762
8380,2.326276581277625
8381,1.8945457633180554
8382,5.556205793409231
8383,7.609118106788104
8384,8.025131447119076
8385,3.8528987557404903
8386,8.371828886833203
8387,5.1557499311498045
8388,7.943197958065718
8389,7.400556084860785
8390,9.306326670109101
8391,9.559242263495106
8392,6.4002373160537775
8393,3.954409486886362
8394,7.740958010796022
8395,5.783997845675067
8396,6.182623683119373
8397,6.131379154111381
8398,6.579072313720095
8399,5.998930228315029
8400,6.771095471269717
8401,8.904827409052123
8402,6.091346690881504
8403,7.268887631153034
8404,6.653128852246308
8405,3.682624740365993
8406,4.8496053308460985
8407,5.796691983559036
8408,7.816108422934553
8409,7.662244049354034
8410,5.4485440747081935
8411,6.3899922954958015
8412,7.153975154611343
8413,6.206346349362917
8414,4.321812981062313
8415,8.54992866235423
8416,7.513618276176674
8417,3.9039182484758506
8418,5.5414160118826725
8419,6.583665255623033
8420,2.694675083448347
8421,1.3564687317744928
8422,5.982369855583531
8423,6.171270495365929
8424,4.75158877038949
8425,4.463306410939186
8426,7.087678070124117
8427,5.284198910651234
8428,8.721799618925017
8429,1.4505597413218538
8430,6.286354640334112
8431,3.908420774097482
8432,6.685421746577845
8433,7.892320601060042
8434,8.050724891448967
8435,5.515142142061091
8436,5.081336929154788
8437,3.7710676728805335
8438,8.285092004983754
8439,7.277824981519261
8440,3.122085914366444
8441,3.2547879620881255
8442,8.586363268519023
8443,9.963865720438523
8444,8.167833465584222
8445,8.341128008626711
8446,8.091128141959025
8447,7.322989439445079
8448,2.5462155245825997
8449,3.7069610958235284
8450,3.280126240452887
8451,6.5123464940770095
8452,6.709317045072202
8453,2.517444099290163
8454,2.925483045063722
8455,8.556723083725949
8456,6.1343974276764
8457,8.814346033256058
8458,2.5496887129507826
8459,7.623393538021703
8460,8.748601006367696
8461,6.0015740476203625
8462,6.156983157098578
8463,7.7093902446943225
8464,2.402809059189777
8465,7.2664670524083785
8466,4.058799447535373
8467,3.0673880599187333
8468,7.585650660479837
8469,5.868789448233087
8470,4.539222403789317
8471,8.40921797632299
8472,4.0996071253034065
8473,4.970919823942481
8474,4.467019008189014
8475,6.249036318762738
8476,6.555614340882673
8477,8.013856587543627
8478,6.981338700734612
8479,5.626097028025778
8480,4.407573046275236
8481,6.706263552149684
8482,6.4555717246971955
8483,6.220518991636633
8484,6.100562718431928
8485,6.095218452391902
8486,9.248942516953521
8487,4.312378298351255
8488,4.037870280329177
8489,6.696619047163567
8490,5.0554894553968115
8491,4.6504301784840925
8492,6.302959012185848
8493,6.453127367032661
8494,7.015029215486521
8495,6.488110679222602
8496,3.2617965693570707
8497,6.977976590852874
8498,7.3932371738756135
8499,6.261202388304358
8500,6.378436990538939
8501,1.5420738174218513
8502,4.522975452180265
8503,2.5652100772496778
8504,7.271688132747125
8505,6.676188052391529
8506,5.754862196681179
8507,7.170584353923074
8508,7.098106188205473
8509,9.286663660496187
8510,8.600070758434079
8511,6.941920579578673
8512,4.538865303382727
8513,6.756099298000795
8514,7.366556241347556
8515,7.043121791328695
8516,7.027213754240488
8517,6.554968088245094
8518,4.988800176393818
8519,6.123935629449811
8520,3.3255173310218145
8521,9.751947111289196
8522,3.78701623385574
8523,7.873524053115778
8524,4.576163165450027
8525,7.810592015861534
8526,7.743065980775791
8527,7.435957024231572
8528,5.79663062982212
8529,5.119707661280337
8530,5.793658463984778
8531,3.524094886124697
8532,7.202724218209497
8533,8.824660284717716
8534,3.817668879717818
8535,6.273616047512588
8536,2.703252269113853
8537,7.962731114008319
8538,9.738945452385055
8539,6.260892155903374
8540,6.8967854550811705
8541,5.619781456684637
8542,1.536957919602736
8543,3.398979642193613
8544,8.516073376750548
8545,7.477035797798745
8546,4.112311480489186
8547,7.281096569001501
8548,5.388254715720739
8549,7.448044951482512
8550,6.75192072760417
8551,7.780311848965091
8552,7.477200458515126
8553,5.688571979134313
8554,2.54868037690997
8555,7.99299721396605
8556,7.107866982594263
8557,6.1555059003728925
8558,4.908053125887797
8559,6.230153742957346
8560,4.118969239635147
8561,5.960610197494912
8562,7.577760241931276
8563,8.987803937444466
8564,7.327831655185211
8565,4.861305834060529
8566,6.9076564433196985
8567,7.537889312185064
8568,7.103270519975056
8569,8.38845088270749
8570,9.862924176914396
8571,3.2676984347458884
8572,5.030618631038573
8573,7.405608816106749
8574,5.019491945675362
8575,1.864148655932501
8576,6.051761137747539
8577,7.304101434711831
8578,8.456198123703164
8579,6.196244742580641
8580,5.4152483317438485
8581,5.517093088505062
8582,6.626560643454891
8583,6.122520589137665
8584,5.635180454703752
8585,7.753978449627679
8586,3.088747357513684
8587,8.06216797748835
8588,6.290365476591064
8589,4.922180095320137
8590,9.418056755040478
8591,7.07580780536879
8592,3.0730985386868204
8593,7.050013689741078
8594,7.474673813121621
8595,3.895643656664949
8596,8.137556059125393
8597,7.1521629612963356
8598,6.062455496982738
8599,3.07608242394748
8600,2.0276747734489273
8601,7.569888726864628
8602,2.5134948567148565
8603,1.4633678794433944
8604,4.99597608878565
8605,6.216624735643672
8606,7.074469871314246
8607,3.2220895411959445
8608,7.863056657390983
8609,6.048203284496565
8610,6.071609261432712
8611,8.008300725723371
8612,4.615501673760802
8613,5.056483532622326
8614,4.852032917749051
8615,7.634122054429717
8616,4.997833655494516
8617,8.372456441736823
8618,5.471119258719885
8619,7.307921395983847
8620,7.818319863078758
8621,8.77489650603212
8622,7.738671575131832
8623,6.015903321347087
8624,6.666314851967215
8625,7.230080731747896
8626,4.969954934148276
8627,5.6959216917243864
8628,6.597277541272103
8629,2.0659256003643582
8630,6.266174604511395
8631,6.828563518842822
8632,6.7240380461346865
8633,6.797362275108529
8634,5.8411915780842545
8635,7.690918774703827
8636,6.584297286462505
8637,6.390164512467263
8638,8.668486739254531
8639,4.552641619257884
8640,9.422126074510743
8641,5.767560896721095
8642,1.1083870329105188
8643,3.842216240084875
8644,6.479852210809485
8645,7.736322395093833
8646,6.321617663088732
8647,7.393519383934032
8648,5.3351455561338454
8649,8.773281242223394
8650,6.879942383080495
8651,5.415713836813696
8652,4.77946910434302
8653,8.07459630256676
8654,4.563026944192412
8655,7.6948133685333975
8656,5.679704830982232
8657,3.968397484078789
8658,7.186716101300197
8659,4.867227532605993
8660,2.771730344714544
8661,5.095649270703976
8662,7.128299042645628
8663,4.8053695850830955
8664,5.972482705743258
8665,6.002051185936167
8666,4.2785629627960855
8667,7.001765013279809
8668,5.0617476617075
8669,6.067360549494888
8670,7.117452751534202
8671,9.034119681795131
8672,4.8305821137071465
8673,5.61569778411513
8674,6.989642152223541
8675,4.370569041348982
8676,6.843408503034348
8677,6.23499513581695
8678,6.663719297010553
8679,7.330289304709562
8680,8.443681342156568
8681,8.291429268736664
8682,4.29241156508651
8683,3.5329596285084888
8684,9.876685104022078
8685,4.2141557970379795
8686,6.116517444115111
8687,6.820023220602178
8688,7.882855933208914
8689,7.20854266320357
8690,5.59022660745688
8691,4.401854596089655
8692,8.2535497614507
8693,10.0
8694,3.6388990528527265
8695,6.298929281591862
8696,6.600063705687765
8697,3.0940568432132984
8698,6.096236430970769
8699,4.719569105127928
8700,8.739947676352717
8701,3.6759142333895176
8702,6.574202984723586
8703,10.0
8704,7.659712262962109
8705,6.002689192007463
8706,4.986778654288808
8707,7.75304371148611
8708,3.3364109771897454
8709,5.397565087625486
8710,3.6709283811652718
8711,7.2539617991121625
8712,3.121130086789157
8713,4.969201533579295
8714,9.373991771608331
8715,3.629958217888801
8716,4.263430129629917
8717,6.086261420125565
8718,6.807259495109084
8719,6.093921531672354
8720,5.6807992211755645
8721,3.793945069622139
8722,4.411992196320571
8723,2.4070086396506407
8724,4.969479422901106
8725,3.2668121143467594
8726,3.969231078949457
8727,8.142911283530623
8728,9.024995940719531
8729,3.779714909626674
8730,4.980471151766738
8731,7.768431429560263
8732,9.854863976291727
8733,8.538442911727254
8734,5.6256765949983185
8735,7.284867170129958
8736,8.066325676907507
8737,8.007401963850485
8738,8.359395133828952
8739,8.153038195509405
8740,3.2721903542626687
8741,5.7646881091948705
8742,5.918041980987456
8743,5.263347264284161
8744,8.748237232761273
8745,6.604360966908525
8746,7.027249861180326
8747,9.276795941011528
8748,2.881250099297782
8749,4.345198576213363
8750,3.50937979003462
8751,5.062269905108259
8752,5.474291672246171
8753,7.770298140866508
8754,5.291363201376161
8755,6.620136798059423
8756,6.907735003963074
8757,0.0
8758,4.8388920020126065
8759,3.381099716685925
8760,5.264605270088919
8761,5.822864946909907
8762,6.256592737140503
8763,7.6604139335828725
8764,3.200445393392459
8765,9.114336326149832
8766,6.9981146903845115
8767,9.144663279143867
8768,3.9570137587000924
8769,7.392883385901171
8770,8.928232639046108
8771,7.6121161429348145
8772,8.521597451666022
8773,5.413301390776357
8774,5.821336925988293
8775,5.2226731522459255
8776,6.665332416328841
8777,6.781720726808348
8778,6.6734518805285665
8779,5.991214784069888
8780,6.801137994223186
8781,4.946343402364441
8782,6.3856775093122
8783,6.969145691594008
8784,8.164719653427197
8785,3.2173644028951625
8786,3.451668177647827
8787,2.6997173844087596
8788,5.373458296009035
8789,6.4367019184726875
8790,8.577680488095998
8791,6.9390028392387
8792,8.369201428265125
8793,5.384697403754567
8794,5.171883547577074
8795,5.322424920502282
8796,3.131952659723395
8797,4.185926381976032
8798,7.427109035462546
8799,5.4124756336734405
8800,5.037293440941294
8801,2.829532940965824
8802,5.157863053468111
8803,6.781238192170853
8804,7.870462805953727
8805,7.316345929706772
8806,7.132584076809982
8807,4.287599708272702
8808,7.199643817865388
8809,5.848924417572759
8810,4.671426451031834
8811,4.990007174798791
8812,5.999069023343499
8813,6.608713391081568
8814,7.010351957618028
8815,9.426935028015043
8816,6.782375531210505
8817,6.608727786417045
8818,5.83836105238715
8819,4.826823662356721
8820,3.000451558666199
8821,9.383980399461434
8822,5.40296382525913
8823,8.160761913098051
8824,6.045799192216766
8825,8.185397091311874
8826,9.557673043007219
8827,5.583940704436074
8828,6.3056791125525
8829,6.0819326624018535
8830,5.067517332510622
8831,6.8623092027686825
8832,8.95642419496836
8833,5.794644674754038
8834,3.232699204621626
8835,7.844969165270486
8836,7.639275214348393
8837,8.131535838401215
8838,5.544356498207816
8839,6.621459020623613
8840,6.119424385146321
8841,5.682137639467128
8842,4.642151097207698
8843,5.961963748782408
8844,8.5128635345758
8845,3.89818805815644
8846,6.276514182712487
8847,5.184748470767088
8848,6.276783643624661
8849,7.927916092455372
8850,7.150737710979236
8851,5.840894979908928
8852,4.648432596750366
8853,4.261623669287853
8854,6.55532839455824
8855,9.199282751850236
8856,5.130699819018399
8857,4.48181957572649
8858,8.764088716414273
8859,5.9058749064115394
8860,3.765407285506506
8861,5.761831813516322
8862,4.1914344074181615
8863,6.672101958894848
8864,6.507959243615783
8865,6.131631877506793
8866,6.686257995983484
8867,5.226825002737014
8868,6.800797300895541
8869,6.953495424284018
8870,6.893032692880737
8871,8.446820904943314
8872,6.742124702142598
8873,3.4121820195544235
8874,3.1287430846043374
8875,7.044849442701881
8876,2.3071358590438646
8877,9.224518849938104
8878,2.566922271045536
8879,7.452218582866706
8880,8.991750655126854
8881,8.07330973214715
8882,4.7103119013326795
8883,7.210555041193235
8884,3.9911938476305258
8885,5.055716046039266
8886,5.131038206495375
8887,5.0800512317249655
8888,4.9806655582116335
8889,5.666677292749105
8890,7.844538159716978
8891,3.6274364535910166
8892,6.5459727057811525
8893,6.046136251849649
8894,7.593323240281848
8895,2.509200243601995
8896,8.27042021906454
8897,5.305513335024209
8898,7.696242814941074
8899,5.185481531581065
8900,3.8110563868355505
8901,7.678603956507045
8902,4.409581211652634
8903,6.247497304309822
8904,2.7249161548047613
8905,7.328456767455208
8906,6.562205899458432
8907,6.270413541294152
8908,6.732710559981571
8909,4.011881729418473
8910,7.876795826925349
8911,5.727339045606335
8912,5.236041818940114
8913,5.460541288367609
8914,5.459494585909578
8915,6.386804543916735
8916,3.314134583571689
8917,4.960173566495077
8918,3.725785043380711
8919,6.8106211750355286
8920,5.089706341322723
8921,6.683947052312851
8922,6.739159342503687
8923,6.359102587781379
8924,6.157767003081643
8925,6.042078085242089
8926,3.4836440605254793
8927,6.590928749763946
8928,5.683047632261381
8929,5.563213301812777
8930,6.715585105809257
8931,7.253169065711377
8932,7.854745245557408
8933,8.038009775565476
8934,6.518485016767423
8935,8.687994488421538
8936,7.524223944033244
8937,8.042528539646499
8938,5.498377761859075
8939,3.8189315560728665
8940,7.401725538157448
8941,5.790589452810842
8942,2.0848679794426066
8943,6.890800543221342
8944,8.745216441582738
8945,4.9073734672304585
8946,6.014286586825154
8947,6.4420663869389605
8948,8.020881082171973
8949,6.172544560718618
8950,6.300429938275972
8951,4.724776414654037
8952,3.4142144497180213
8953,6.188956269120655
8954,7.488578597822097
8955,4.140015747266947
8956,5.425319735799167
8957,5.007885086114082
8958,5.436186797655995
8959,7.147322507170184
8960,9.262649099921699
8961,5.778367489426853
8962,3.8115463299103975
8963,6.792465518475304
8964,6.133399700545268
8965,5.153481345324437
8966,5.426417147767429
8967,9.361671837003682
8968,5.241885557297507
8969,7.991388830364541
8970,5.81068851494199
8971,4.1462932456724015
8972,8.432465690952398
8973,7.975756983461378
8974,6.376045544174657
8975,5.26815762122252
8976,8.457591753873185
8977,5.867966289554761
8978,9.234318370093481
8979,6.919552182689427
8980,4.62104121130874
8981,6.571106383997089
8982,7.696228377804654
8983,8.67315863955675
8984,5.890210169446152
8985,3.9768994610717954
8986,3.7855337531835107
8987,5.199916634118325
8988,4.0666012394088265
8989,3.790172639197471
8990,7.149529931010842
8991,4.983682842063167
8992,4.304289413733008
8993,5.744603936748733
8994,4.153352922206717
8995,8.428661156994506
8996,5.491321286764274
8997,6.932250159028055
8998,7.158942232968975
8999,8.1974839488494
9000,7.110270575028959
9001,7.483711016746056
9002,8.303349168898047
9003,6.447459672958612
9004,7.731227177270913
9005,3.086812478073604
9006,6.782553287730444
9007,8.873305415932242
9008,5.883342535522399
9009,6.284985725665254
9010,8.01417237702263
9011,5.209878290938146
9012,2.580104465176322
9013,6.938254291330848
9014,7.631238633814165
9015,3.550863782123771
9016,4.844636537749872
9017,6.686349922548274
9018,5.8554367478520675
9019,3.4459206789460226
9020,6.438666178726351
9021,4.613908801532125
9022,7.871964304858848
9023,6.41774900004624
9024,7.098060307374848
9025,6.270247752369707
9026,5.715488083527365
9027,6.661338319070279
9028,5.2110727360298075
9029,4.475768124636896
9030,5.059880974810418
9031,6.180249370761018
9032,5.320775967793533
9033,4.7837698046391575
9034,7.525480675272551
9035,6.476898109283606
9036,1.6748917266054508
9037,5.882680630155648
9038,6.6004006059545475
9039,5.537580204351425
9040,6.825199122868043
9041,4.622548002184944
9042,4.103689204555351
9043,5.753593181274271
9044,4.425599182441949
9045,1.8774871795492014
9046,6.482365423765477
9047,9.599627819292193
9048,8.141947461099015
9049,9.99606209876405
9050,4.167789356716462
9051,4.547870709384093
9052,7.253923064125334
9053,3.5243310004410424
9054,3.95643155069569
9055,7.998245699839989
9056,8.032415350076633
9057,8.601829314642657
9058,9.44128448311695
9059,5.780491327167768
9060,7.454819608565787
9061,2.3944983798577946
9062,5.367401531364363
9063,5.074844291649132
9064,6.481103269675919
9065,6.649739813714991
9066,5.210954665908934
9067,3.5624760574556067
9068,6.273628585334626
9069,6.467334367681213
9070,6.828194819899418
9071,5.814000698839749
9072,8.786688603904217
9073,4.463762557358998
9074,2.841597142657105
9075,5.9987967833363065
9076,4.943456533964594
9077,4.867102914613174
9078,6.065662830771977
9079,5.6135639688933106
9080,3.857354250370463
9081,3.921345490164373
9082,7.015658764916408
9083,10.0
9084,7.48942244178491
9085,8.209016109401851
9086,4.668157370161302
9087,8.119515715195009
9088,4.273499333263588
9089,6.879043391104622
9090,6.521259057236324
9091,1.491518174439689
9092,4.361543093358581
9093,7.890602093803838
9094,4.198640315909468
9095,7.32837512004779
9096,9.48076174552607
9097,7.353208627154766
9098,4.610983699190219
9099,5.048755011440631
9100,9.452280495948019
9101,7.5540364883994044
9102,5.585201449212226
9103,6.29341056332694
9104,4.550457818396388
9105,7.650441319142435
9106,4.047552118764023
9107,4.986219199926156
9108,3.6663614376093365
9109,6.625666403579346
9110,7.862240804116453
9111,5.404004597691971
9112,2.6925634828674014
9113,6.3081435236552945
9114,4.676345903934212
9115,6.074536549892047
9116,3.4938842271185377
9117,6.412321408850888
9118,8.056668216959435
9119,6.69527173618234
9120,5.398390265750077
9121,9.430147329984294
9122,4.467738948013125
9123,7.80331411217068
9124,9.791074755526068
9125,6.198881429475973
9126,4.906451306340676
9127,3.8741015737085314
9128,5.82106709385954
9129,4.459701460737833
9130,6.09624289922571
9131,5.239426273662972
9132,6.94736347026382
9133,2.308998178371453
9134,4.742800589464385
9135,4.446030049455794
9136,6.589026238812282
9137,7.65310132916488
9138,4.989218703520709
9139,5.420079707964543
9140,6.138431114890178
9141,5.632303601946889
9142,8.090898190695807
9143,5.799657934992707
9144,2.079988029504842
9145,4.065656419255217
9146,6.02734358823532
9147,6.570979844375762
9148,7.200043455079426
9149,5.662140095686915
9150,5.721961550621462
9151,5.465069336220713
9152,6.970326823768823
9153,5.000168068599153
9154,5.661825630692409
9155,5.625589496887536
9156,9.245553641580708
9157,5.343318631383968
9158,5.385430911393961
9159,5.578552435258228
9160,4.7339341976780895
9161,7.838554683580647
9162,6.6532104579837705
9163,4.943149689681065
9164,6.69510596892197
9165,8.254350891520925
9166,6.420210710622994
9167,4.022704216909188
9168,6.5117960319998005
9169,7.480406854283687
9170,5.564698346755658
9171,5.271137482674428
9172,8.201852051355491
9173,6.3472075965606365
9174,5.620869683395384
9175,5.334012919443195
9176,4.117107516325009
9177,5.119503262504967
9178,4.395981590248124
9179,4.458964014315361
9180,7.363628620536494
9181,3.8679391939281644
9182,6.516102787729822
9183,9.959497393067098
9184,6.889990818528522
9185,5.524704107283462
9186,3.7616157199778826
9187,8.478720413183385
9188,4.976082001327931
9189,4.568746215309757
9190,5.60940683843824
9191,9.778634333970343
9192,6.047822416514125
9193,4.921858823695361
9194,7.334302927261165
9195,8.48672698352771
9196,8.986306964137325
9197,5.486589374255113
9198,4.170649841595419
9199,7.596485651498857
9200,5.038313972158061
9201,6.795225978856969
9202,4.3106752049026955
9203,3.7246602028581464
9204,1.928059944486369
9205,7.899958209881744
9206,7.2116770157324925
9207,4.387223836308991
9208,3.4912107644967088
9209,4.597090837121039
9210,8.78826798546641
9211,5.760897270706814
9212,5.4386057345376955
9213,3.9907179108951785
9214,5.953850357707957
9215,6.8628290180629765
9216,4.1861372219489725
9217,6.717517094418928
9218,5.450993436915528
9219,4.309894471841818
9220,6.396282079963649
9221,5.289705047478482
9222,2.2160447893341915
9223,4.720854087734537
9224,5.995658323977363
9225,3.12695974505239
9226,5.138726411133899
9227,5.931388383098902
9228,5.007990807849552
9229,9.51867852999782
9230,8.93811707460493
9231,0.8139048548593022
9232,8.77231404608729
9233,5.664059462328025
9234,3.8061953466093312
9235,3.188127720461697
9236,4.528007028173996
9237,3.8558760416287345
9238,6.662287822346139
9239,4.115890094973521
9240,2.886901306589459
9241,6.7418205957780275
9242,2.838737057990354
9243,5.930346527841026
9244,5.833690189191406
9245,9.29057521855586
9246,8.348470661466676
9247,4.319471721772998
9248,5.698497193393841
9249,3.7881557024146617
9250,6.363361577293089
9251,5.418510333602954
9252,4.99086020565563
9253,6.104842906543311
9254,6.351650681049578
9255,2.9429559711406044
9256,2.4873891965331074
9257,4.373515031159352
9258,7.31224756188189
9259,4.1572011080272215
9260,6.77244216467926
9261,4.974285810206144
9262,5.38726709816322
9263,8.455904857542361
9264,2.7263053307502956
9265,5.398056060063911
9266,6.4641341315251495
9267,7.598916033576394
9268,8.700184883028786
9269,7.559230480181852
9270,6.258462556260094
9271,5.875407201930324
9272,7.392537431213846
9273,8.326232619784879
9274,9.476492900743757
9275,4.768003398613095
9276,9.511418087513642
9277,4.268400712658295
9278,6.446981695758582
9279,8.647098160978093
9280,6.081851912669308
9281,5.642602540019581
9282,3.482148492835938
9283,4.109761292555064
9284,7.268798991951747
9285,4.458062609479879
9286,5.83013228433963
9287,2.2995127925966834
9288,2.086049836349402
9289,7.208564265185494
9290,8.657898259711716
9291,1.9345154860665326
9292,7.6582524017453695
9293,5.487388086707606
9294,2.2307736943243746
9295,5.100905658059441
9296,5.800933147622116
9297,7.500866605067486
9298,4.814898844194438
9299,6.236732545327487
9300,7.419681971926678
9301,3.876548460256225
9302,5.0693407386778375
9303,2.3562568928624392
9304,2.9007041199353494
9305,5.718778869538374
9306,3.163937511230242
9307,1.9342979418511868
9308,5.268676790483639
9309,6.307125437496816
9310,7.948601340294875
9311,9.129427471245474
9312,2.0414529427230335
9313,7.145579756321395
9314,9.28497790424822
9315,7.094801670496604
9316,4.318442403276289
9317,2.113255550790202
9318,6.4992384817895
9319,6.62952453630647
9320,6.898227511421792
9321,8.299873639641827
9322,8.213298707903375
9323,1.7179690230110125
9324,2.623577520061464
9325,6.154576679372765
9326,7.7671821397362955
9327,6.864037413431806
9328,3.8892877592281367
9329,3.4622937517106833
9330,1.8656458789842474
9331,4.766186804053951
9332,2.5791379632033165
9333,4.498695947547892
9334,7.578827866319992
9335,6.819321513367367
9336,4.683700886177725
9337,8.894303315441189
9338,7.252702577967909
9339,8.980247518157727
9340,7.233463908918406
9341,5.687975453338101
9342,6.247176240014383
9343,6.431035733045013
9344,7.233040237288872
9345,5.53533196082193
9346,4.6978715044493855
9347,9.418966503273342
9348,4.9445025633483715
9349,6.379586608668337
9350,4.843554271600471
9351,5.631294707722136
9352,7.040223930558305
9353,4.746699071354762
9354,4.521367161907237
9355,8.595876485920972
9356,5.535342899938968
9357,5.507250219812635
9358,4.680804621280858
9359,7.842933861354307
9360,6.115318155880978
9361,4.850073960855495
9362,5.984517474771009
9363,4.886639146415891
9364,6.857489528260174
9365,3.4011683140876454
9366,7.107160080988268
9367,8.796416590905576
9368,7.734263955218942
9369,7.7230473934787085
9370,9.605003496574092
9371,6.348664068045213
9372,6.287037323437438
9373,4.669687853693886
9374,4.117405633967485
9375,4.490879673854103
9376,7.020408021983558
9377,7.531910213858343
9378,3.355902710760027
9379,6.719690763978447
9380,3.949437259010531
9381,6.54132565656594
9382,3.2165388715903482
9383,4.982122451396673
9384,8.428292859490107
9385,5.873466607547922
9386,4.445234164183148
9387,4.905726367868551
9388,4.723243393887897
9389,7.957213727857506
9390,6.328440146513549
9391,7.392490522263461
9392,6.129471394019354
9393,6.692548824701996
9394,5.295120546541435
9395,7.1330399566249465
9396,5.204450671693975
9397,5.669116384713808
9398,5.170577935952698
9399,2.7066323220812283
9400,3.926083277202823
9401,5.13471978575935
9402,0.9417765196103446
9403,8.261574411335415
9404,6.335568268080742
9405,5.6062224289512015
9406,5.034676620932929
9407,7.074516723432058
9408,5.393495297253789
9409,6.442994687958462
9410,4.83386481448473
9411,3.418506657425443
9412,5.6586076445975735
9413,7.192883690957805
9414,6.4676135532768315
9415,2.7159624948113965
9416,9.671633341238538
9417,5.570913396672495
9418,7.830755144860164
9419,4.9894517687588325
9420,3.0106304208848
9421,4.1792258840776775
9422,5.745708878507609
9423,4.029364789920297
9424,8.360038444297208
9425,5.693556699375263
9426,7.019400023309313
9427,8.899495979563449
9428,1.7687061923026501
9429,9.077196617798311
9430,5.372623223886187
9431,7.0091598389196506
9432,2.748584404949435
9433,7.589747619774588
9434,4.598724338559425
9435,8.531807914849027
9436,5.819084303215844
9437,7.544235252996046
9438,7.1478529608369445
9439,5.9469112769153725
9440,0.40175110756942056
9441,0.6322583522306684
9442,4.258526013879853
9443,3.88666054504048
9444,5.10159384254832
9445,8.362120644122006
9446,8.292724175468132
9447,7.745760443808612
9448,7.769101341285165
9449,5.600596358132444
9450,4.896117313247293
9451,7.655860709828221
9452,8.785519774093197
9453,3.2915605824708525
9454,8.875125408100075
9455,7.557644838948929
9456,7.5615030795676565
9457,5.791966928304445
9458,8.170786554478969
9459,4.639767634731115
9460,6.909478584206911
9461,6.306627371244199
9462,7.892533621895957
9463,5.30167517694937
9464,3.1095820703058266
9465,4.089605510167433
9466,8.187278872995595
9467,3.7812118859946104
9468,6.316821908803949
9469,2.9988426174283322
9470,6.06556800523099
9471,6.956021447838136
9472,6.181162172668175
9473,4.900380981864983
9474,0.7716710148351162
9475,6.49213055532319
9476,3.6226222725116255
9477,5.687866960954222
9478,6.765054901796334
9479,7.428295071969701
9480,6.579329605171838
9481,6.1503441244323795
9482,4.449980143873868
9483,6.985728046705024
9484,2.8868202281567936
9485,8.660658854517028
9486,6.13840316424086
9487,7.665216828374114
9488,7.729002113571561
9489,5.688417575267955
9490,1.7717499215153276
9491,6.371952833220712
9492,6.5918445835071235
9493,6.606807575663181
9494,6.705679856949174
9495,3.6227529975484325
9496,2.7954826066086005
9497,7.197965037244995
9498,6.1879715111139895
9499,5.968223311846186
9500,6.095949376182631
9501,3.630922540838686
9502,9.25311578645081
9503,2.6200313054397375
9504,9.052981011507988
9505,4.527276796110478
9506,6.900042516601764
9507,9.364648788204928
9508,7.509250280822004
9509,3.3841679681483523
9510,8.535474110188149
9511,4.716994326594536
9512,4.555856071117182
9513,4.1292109599682165
9514,5.402948782283898
9515,8.834918081261083
9516,6.351527583689075
9517,6.638716070933888
9518,4.874740419040864
9519,5.468160482209962
9520,8.62480954906039
9521,5.6826291147609655
9522,2.660573314208964
9523,5.371046419281114
9524,6.022526506239841
9525,7.176397300215691
9526,9.10649943097198
9527,7.7157428345713255
9528,5.676059058273322
9529,3.3043848767008934
9530,4.880597741224378
9531,4.512129933036184
9532,6.774246473715643
9533,5.297690263855507
9534,5.155027274987907
9535,5.330572489589356
9536,5.2768386645049015
9537,6.39098076203329
9538,6.176358778740911
9539,5.916341742963283
9540,4.0038721280165515
9541,2.783814867467728
9542,5.31491489450312
9543,5.089074028274624
9544,4.277842921244193
9545,5.884528360020556
9546,3.153510202453638
9547,7.598394172983909
9548,4.696051071041621
9549,8.893099557574871
9550,2.1156953323827064
9551,6.523097871082926
9552,5.449949026105568
9553,2.2181297275690484
9554,6.26489952798611
9555,5.269000064478478
9556,5.648750930045933
9557,6.691610155735436
9558,5.406946022012455
9559,4.779009356871294
9560,4.318489129451699
9561,7.0439957454637465
9562,8.82733820096718
9563,2.0787411621389253
9564,5.610297675045732
9565,7.900411775437449
9566,6.139059851285845
9567,3.703513371855796
9568,5.6553943860917055
9569,4.441188998828215
9570,3.361584032780211
9571,4.639235116829743
9572,4.283906895290764
9573,7.01790624119412
9574,7.725534763708097
9575,6.819031543061193
9576,7.947526733345166
9577,5.373059083507813
9578,6.060713631746827
9579,6.044256591039107
9580,6.37921438613953
9581,8.066618500803298
9582,4.733189195367823
9583,8.867652680498457
9584,2.9324131026309823
9585,6.499085300883593
9586,5.5602911460960245
9587,7.601158094274917
9588,3.9442805422437277
9589,6.417897202593526
9590,5.991537594484097
9591,5.7028622467329875
9592,7.751423349761333
9593,5.478472562319272
9594,5.738166506368028
9595,6.235318368339693
9596,9.094773764611535
9597,6.618739451844155
9598,5.6247078649091
9599,6.462111462504606
9600,6.272591608652672
9601,4.567595542947284
9602,5.945577781014215
9603,6.493317390787423
9604,9.030890804783159
9605,5.237421208163387
9606,6.7749645230169016
9607,4.765173145975854
9608,6.27258179999955
9609,2.785914791050741
9610,5.8515908916312345
9611,8.270871117194224
9612,4.069453058300749
9613,7.211939668903526
9614,3.8597118621746516
9615,7.647235858452426
9616,6.903548240355577
9617,6.0455188725821225
9618,7.079156368894802
9619,6.072255075599047
9620,4.636596853634769
9621,5.369493949078137
9622,5.207856553557584
9623,7.691190099706373
9624,6.186308496304028
9625,6.264995536716405
9626,7.283187528941003
9627,5.0410013463985734
9628,7.534660571315005
9629,4.347732374801499
9630,7.605556854018829
9631,3.183163038190145
9632,2.2054935392428456
9633,4.169278332590817
9634,6.977024225804289
9635,4.374904678937197
9636,3.3794736484361407
9637,4.098597650203185
9638,8.26828725296492
9639,5.513558033829828
9640,7.152012577589662
9641,3.5797369558848824
9642,3.8095734579378644
9643,4.498480062934194
9644,6.342622340203877
9645,5.9506210892507845
9646,8.168619421018708
9647,7.993562854702469
9648,2.571787287685572
9649,8.727835053702858
9650,5.778508187664276
9651,7.909300363894634
9652,9.329617734425288
9653,5.852053287467976
9654,8.401319827117012
9655,4.220998380962096
9656,10.0
9657,7.901499162375609
9658,3.6103541747173353
9659,6.712184642053057
9660,5.008960740031789
9661,7.808333227966897
9662,1.710859941833813
9663,2.067678849253811
9664,3.36173096251469
9665,7.790560652750111
9666,7.899726574840397
9667,8.01198913301446
9668,2.906502560263479
9669,6.766533518069248
9670,4.121686707763071
9671,2.5385969566141586
9672,5.62305143163414
9673,7.825636604840488
9674,4.360113347833045
9675,6.313656094873216
9676,6.38408190110056
9677,8.468122491506612
9678,4.997663447059325
9679,5.241077834579043
9680,4.985930726120677
9681,7.67512725118878
9682,4.187810763665494
9683,6.160227635208804
9684,5.79868364413939
9685,6.229367264841864
9686,5.799273782800477
9687,8.454576901523184
9688,5.979924878500056
9689,9.162915746964284
9690,5.982354479889475
9691,7.161526472740523
9692,7.03272715469914
9693,5.558231445226475
9694,3.6465982877886183
9695,6.0187895791654125
9696,8.857624132880058
9697,7.7614440722376195
9698,6.403185748780393
9699,4.036353954977609
9700,5.99782410622088
9701,5.86279960709224
9702,5.143207243794173
9703,4.908838592537963
9704,10.0
9705,8.544174305886443
9706,7.220948663909944
9707,6.22336048818138
9708,7.175919517238463
9709,5.644841067072545
9710,2.4279216565720194
9711,5.667703597021378
9712,9.138538558124297
9713,8.158484315904486
9714,7.065230305837635
9715,6.906527110868167
9716,4.52573466892399
9717,0.718780528839065
9718,7.109456583935185
9719,4.778801678684804
9720,8.567310414718985
9721,2.96953311889276
9722,6.067102605180123
9723,4.361839556957986
9724,6.974889333683942
9725,8.50826689662993
9726,7.058645824799221
9727,6.4169673559627896
9728,6.855748719709565
9729,5.283471156466573
9730,4.460522087332055
9731,3.32536873662887
9732,6.576402676801936
9733,8.757478536924737
9734,7.0199578303470815
9735,7.5958327914142565
9736,3.231216977967435
9737,8.353333449148636
9738,3.4248957803537836
9739,7.768531648327485
9740,5.917726925776764
9741,6.8299153178012055
9742,3.3856110215344795
9743,7.004253121248867
9744,5.173989553775423
9745,6.251003086634471
9746,6.916115726981048
9747,4.703357811928885
9748,6.213123992455282
9749,5.423249020836706
9750,1.8333902791499002
9751,6.011902390246769
9752,4.001139860391865
9753,9.191074968100132
9754,8.67560327297764
9755,6.656860583583395
9756,6.632644559749356
9757,6.7798703291348
9758,7.332873555484256
9759,5.874567075470543
9760,6.896758400926961
9761,6.624236572694583
9762,7.010571797727544
9763,3.3509362610644717
9764,9.217738319615442
9765,6.111876848330642
9766,5.507748962848315
9767,5.9719816398305205
9768,2.6531989316565343
9769,3.8467699721723574
9770,3.435872632702888
9771,5.663993759422297
9772,5.2595435252611455
9773,5.6273928756892175
9774,9.67102538499523
9775,3.335954589597784
9776,4.810631594670353
9777,6.662356314396439
9778,7.926477350707298
9779,8.304846240782641
9780,5.5173065283311375
9781,8.972572066114319
9782,6.821500408327356
9783,7.517905655466941
9784,6.471775170064996
9785,6.057878903095306
9786,8.825556728809433
9787,3.3792865420287015
9788,4.085480987834663
9789,8.251183828697656
9790,4.815981973038202
9791,2.416068208579785
9792,3.6252874664982726
9793,9.764860314300885
9794,6.4221840924650495
9795,7.323256494901228
9796,4.316847581970963
9797,5.964522724631346
9798,6.940228034557409
9799,4.451599482509762
9800,6.212085645929442
9801,7.05923609613809
9802,8.650167503767959
9803,3.8995904052533783
9804,3.5006403435717095
9805,4.711024375602503
9806,5.795251410852531
9807,5.52461888924813
9808,6.4830505433481065
9809,7.20014873964033
9810,2.106582281095044
9811,7.998789440901479
9812,3.3218474972856065
9813,4.396034064718977
9814,5.907177301982298
9815,5.250591873416434
9816,2.2839863032013894
9817,5.020882681464966
9818,8.09689977377166
9819,3.2210767334254586
9820,7.004976331990393
9821,4.987891189721191
9822,5.188256012174941
9823,6.627576869218455
9824,6.4325776880561785
9825,8.290452153300063
9826,8.396974590484277
9827,5.253910125086303
9828,6.70066474040755
9829,7.222848219221074
9830,4.147795379525225
9831,7.262823548255589
9832,6.946948373925853
9833,4.753816922395866
9834,8.008352732084939
9835,5.617889915810157
9836,5.751954875598165
9837,4.691679545322882
9838,4.477372944359244
9839,5.092082553200861
9840,7.594307949976969
9841,8.93395805030235
9842,5.095867918913749
9843,6.270568589953459
9844,9.850381650995828
9845,5.368533655637328
9846,8.351914834394979
9847,4.2432831920193745
9848,8.691131821546755
9849,3.0232056300683423
9850,6.6531713404716
9851,5.895035731432653
9852,7.930218449327347
9853,6.403592118208869
9854,6.532374595267545
9855,5.928703650707389
9856,5.692368517472619
9857,3.450226415206769
9858,7.680963674225135
9859,8.005167211182131
9860,6.276091868413632
9861,5.72025759566151
9862,7.105404724942669
9863,5.787499525841309
9864,4.62905345114806
9865,5.091404497451533
9866,5.876813675990466
9867,8.447890656661741
9868,8.737249829574035
9869,2.3124305932305385
9870,6.48456387599371
9871,3.1887179170724456
9872,9.469236628395471
9873,5.903387654522687
9874,7.04575119114129
9875,5.454128268052493
9876,5.341859035331789
9877,7.646119719357339
9878,5.1590497019498605
9879,4.08988717115352
9880,5.741625308532992
9881,4.771221330603982
9882,4.943851342189254
9883,7.245762495427059
9884,5.697725622551575
9885,6.541058798942199
9886,3.889739753815667
9887,3.7434134800009007
9888,3.4709553850440344
9889,7.556601763521863
9890,3.615263439154732
9891,8.06912734341232
9892,7.6051145948363
9893,7.525602345331678
9894,5.3983677988222984
9895,6.950589196125142
9896,4.634927438205366
9897,6.958050654569117
9898,8.292680814205957
9899,6.703100837485991
9900,6.665673316481405
9901,6.762871215681293
9902,2.6234228546769653
9903,6.866156176970298
9904,7.291238270093712
9905,2.497105910534192
9906,8.103552877289921
9907,5.167388002179576
9908,4.739736916416039
9909,3.8791340122817437
9910,8.675544051284591
9911,8.190481358240698
9912,7.610551412877871
9913,4.295013818564204
9914,9.27972174109922
9915,4.065389280663083
9916,5.271011829818231
9917,7.011313320726735
9918,5.036355261352814
9919,5.120951251397148
9920,5.84419402553606
9921,8.432559643240882
9922,5.147436081941359
9923,7.399916717497462
9924,6.472551968263897
9925,6.864067629038705
9926,3.2217415321759435
9927,3.679008049798033
9928,6.427291889280404
9929,2.466898338323149
9930,6.37620160990613
9931,7.145822396272632
9932,2.9858751861542725
9933,7.695476750907702
9934,7.201827173195519
9935,6.857318984747033
9936,6.294815502609442
9937,3.418353075198511
9938,5.663509309471387
9939,7.254311206195403
9940,5.3761253305250065
9941,9.382390228027116
9942,5.1903074038615795
9943,2.6951386274559046
9944,7.260840350221656
9945,4.686591994571735
9946,2.164202120773578
9947,6.544231825565525
9948,5.386671713878008
9949,6.620431693605092
9950,6.590670145591792
9951,8.09289415416365
9952,7.134623993457233
9953,4.868768592062367
9954,4.832544226096925
9955,6.127076414105451
9956,4.161554408492293
9957,5.72664348779217
9958,5.024729990691949
9959,4.231809769066596
9960,5.658038513456979
9961,5.674573760692914
9962,5.6145984952682495
9963,6.009695841437653
9964,4.44524735367774
9965,8.055712268731522
9966,4.159802331477699
9967,4.3722832933946565
9968,7.695797781077919
9969,6.8730175736923815
9970,4.812698832787685
9971,0.46066222355007547
9972,10.0
9973,4.238399521328602
9974,6.163814389964539
9975,5.271214030238421
9976,4.072635170785276
9977,6.3078391414085715
9978,1.8720627788773179
9979,7.198231747509548
9980,3.8954711895750718
9981,5.667052276915028
9982,8.50025242045745
9983,4.8205815858477985
9984,8.247661409581413
9985,6.904202203744207
9986,8.581039339887699
9987,6.871556677274801
9988,8.175802203744576
9989,3.103442889396767
9990,6.401619504615622
9991,6.136142959142288
9992,2.935776013851117
9993,2.731298989799454
9994,4.262678640270314
9995,5.780571130330909
9996,6.9497233060583605
9997,7.605015436877014
9998,5.639705442919386
9999,3.091905227069126
10000,6.729019097627185
10001,5.221801660809505
10002,3.678916013359388
10003,6.722055800181419
10004,5.503317271635171
10005,1.6299240525255607
10006,8.42272110296195
10007,8.764252491799262
10008,8.345946598758951
10009,4.697278706112657
10010,2.815074209330736
10011,6.251200254078084
10012,4.528100118872055
10013,5.881198351708315
10014,8.311532970118611
10015,7.422922541259606
10016,6.555897783206654
10017,8.256489223336903
10018,4.548469852168672
10019,5.3182841028570955
10020,9.437157996752367
10021,4.588421244164927
10022,5.501141343238618
10023,5.633680933478343
10024,3.291564071025735
10025,4.039454009626917
10026,6.0407654316906765
10027,6.296553249380459
10028,6.701123123838747
10029,4.59745555345469
10030,5.790769724608186
10031,7.150021229718295
10032,7.995325279953439
10033,5.95180732566558
10034,5.920503633955143
10035,2.938445066646252
10036,3.7767450587279994
10037,6.649771198139113
10038,5.515730974544788
10039,3.8627186356913064
10040,7.152686575319095
10041,0.9495803199584947
10042,6.737948456131095
10043,2.2551473547014234
10044,5.100336576124148
10045,7.268396107940829
10046,6.028519692537377
10047,3.704511918465065
10048,5.244323373304814
10049,8.28523961162026
10050,5.997963658989281
10051,4.906884051257296
10052,5.66294049561372
10053,4.861500338655938
10054,3.6940977111776405
10055,5.464088665095631
10056,9.483286792360351
10057,6.167333666878482
10058,5.324189696049229
10059,5.818215216190409
10060,8.437101161381642
10061,7.514121691826157
10062,3.434032427431902
10063,4.85779901690017
10064,5.809298439906457
10065,3.0185493860829657
10066,8.656258648769587
10067,5.531199897100372
10068,9.337178554395837
10069,5.720506361142155
10070,4.878557662261941
10071,6.730818928151495
10072,3.707245597186203
10073,4.311634028136146
10074,8.524150995188624
10075,8.12221511957604
10076,4.498258938570733
10077,9.176190756235943
10078,4.244659110987688
10079,4.852523483023256
10080,7.924810699578758
10081,4.2371964694278335
10082,3.65994379751124
10083,7.501942345590153
10084,5.314901028317799
10085,3.677204723139954
10086,8.150046218821242
10087,2.3872514521045987
10088,5.225271843206478
10089,3.8393208791495264
10090,7.112243511581541
10091,1.4440015374914572
10092,5.58295618788023
10093,7.773765391595597
10094,6.91080792456351
10095,8.05400028064954
10096,2.430655547065548
10097,6.7677800261269505
10098,5.045587710664448
10099,7.463309266598863
10100,5.0870565866665896
10101,7.201528957961111
10102,3.593712926766567
10103,5.59184294306872
10104,7.457899814528529
10105,6.864418645941619
10106,7.174873070797484
10107,6.728639529856482
10108,8.024878753796399
10109,3.20058665408678
10110,2.7288415584645
10111,8.193443392771194
10112,6.932298584484373
10113,8.60972668345561
10114,7.092866352591373
10115,6.799627569274829
10116,6.628429489649062
10117,6.9359815907028874
10118,5.432000413131084
10119,6.912233096266035
10120,5.817547708579822
10121,7.145020471660866
10122,5.533376916889697
10123,7.393726295012526
10124,7.88878555544121
10125,5.7392690916485325
10126,4.892783217990118
10127,9.041733459515381
10128,6.86776837190839
10129,7.869758872475835
10130,4.7290903616389155
10131,8.0304795588472
10132,5.445310470786479
10133,4.204332235753438
10134,3.399644566028438
10135,5.729484869806189
10136,3.327662801085074
10137,4.219072857997456
10138,4.1705548344202725
10139,6.596471497840182
10140,7.857441550849357
10141,8.081245681234746
10142,3.5768043738761603
10143,6.484088318725483
10144,8.993936898445906
10145,9.930719932310296
10146,2.096154382034565
10147,4.092252028674695
10148,7.728632364432111
10149,9.295012839417586
10150,7.3190604296013095
10151,2.2632542443988113
10152,7.600723018260076
10153,2.798602860115359
10154,6.454088181907127
10155,6.03595287528477
10156,4.888417845449602
10157,7.913714030674417
10158,5.357534156426083
10159,6.758635359618457
10160,5.965747037960334
10161,2.305894285168122
10162,7.777995947116175
10163,7.226338805641888
10164,8.264851985689027
10165,6.871057812961899
10166,3.5434964004917058
10167,8.47366525110656
10168,5.165305570452839
10169,8.7658769958524
10170,6.391960024190862
10171,6.2300287176582145
10172,6.512903265972858
10173,1.9328614875062886
10174,6.6473821757953875
10175,7.579750432484608
10176,5.316516467569329
10177,4.587134973803531
10178,2.7671698706329253
10179,7.5077759251163885
10180,6.846554973125302
10181,3.8840015133102037
10182,6.2418853930864575
10183,3.130534426384636
10184,6.370895605757316
10185,6.437716666040599
10186,4.687428815784877
10187,4.513332271906803
10188,2.1302377954832235
10189,8.758826780525975
10190,5.536562893526008
10191,9.791638860362532
10192,5.444339128851215
10193,7.126690256523796
10194,6.590459441195804
10195,5.584496818396911
10196,7.083003928174901
10197,4.980576945444149
10198,5.950146591283921
10199,5.056355952678345
10200,7.1836089651472
10201,4.061946834343754
10202,1.4572272115804696
10203,8.325645227698615
10204,8.003500882294759
10205,7.540218124149507
10206,5.830500212446472
10207,8.336090411270815
10208,5.325631331392744
10209,3.373110432445445
10210,7.345247875813456
10211,6.812880155055947
10212,5.055637414434114
10213,5.663076845282287
10214,4.744552606518138
10215,5.2415818770981755
10216,7.249472704254213
10217,8.607509782407654
10218,6.540936224739609
10219,6.742851168323212
10220,6.855465336155599
10221,4.854027221559052
10222,7.427514581968696
10223,2.557759219416514
10224,4.623696557591795
10225,8.016495382599341
10226,5.7308403896477
10227,1.8388880913087946
10228,3.085073362994071
10229,4.058493511354378
10230,6.9800271506069285
10231,6.276900082672653
10232,5.044009069575711
10233,3.872487223494336
10234,8.11575196635367
10235,6.138985613809499
10236,5.7747535931236
10237,6.076127852684333
10238,4.144874336213381
10239,3.6085374134416877
10240,6.249203178826072
10241,5.5187116497330475
10242,3.3627304637903577
10243,5.4241301995056705
10244,3.3805029876092165
10245,4.412692516435877
10246,3.0144177432388943
10247,7.395150109868686
10248,3.635032182180864
10249,7.943759899819793
10250,8.025735698382306
10251,8.554172079440443
10252,5.896223449006397
10253,3.8374391779262496
10254,4.873189245392176
10255,4.421733813940635
10256,6.974673471026888
10257,4.7343394828534215
10258,3.7240845612500078
10259,6.3734090215818995
10260,6.442362412779998
10261,6.411969429015901
10262,5.59063552490093
10263,7.629696490987355
10264,6.013950559104556
10265,2.8972006338416576
10266,6.2242105056807855
10267,4.579302696754978
10268,7.182958708968855
10269,7.751918237662744
10270,7.411753587700854
10271,4.0847118541763825
10272,5.305563222461881
10273,8.516377522249423
10274,5.6585657232073565
10275,6.156009965250088
10276,5.075544333673967
10277,6.0382489052622
10278,7.717227319964898
10279,5.150869065080057
10280,8.648997553268805
10281,6.64707326270008
10282,5.867100250237765
10283,4.588660366818242
10284,8.706005425374345
10285,5.572667321875299
10286,9.313104062106312
10287,6.609323051543886
10288,7.25285156176678
10289,5.571671431713091
10290,4.443378141380693
10291,7.907611203540322
10292,8.201846095385697
10293,3.6198078605292014
10294,6.029024701457613
10295,5.787559514921345
10296,9.122858232628904
10297,3.202147815817011
10298,8.83877619275431
10299,6.3884848633864495
10300,7.1733021126074545
10301,9.507085436523823
10302,7.206603711656819
10303,7.164715520866976
10304,7.894608957618217
10305,4.294335402201667
10306,4.3370602667749365
10307,7.312981629434185
10308,5.155573968846152
10309,6.6824376074068805
10310,6.369152444871612
10311,2.9278685962226896
10312,4.510483869132396
10313,5.301593605678692
10314,5.7789937135676315
10315,5.041473938340843
10316,9.274804573657814
10317,3.211564549348178
10318,3.0802831850765897
10319,3.820829249968847
10320,5.610014140792004
10321,4.335339744755008
10322,7.059663775214361
10323,8.021279594188545
10324,2.338908701487106
10325,6.213637687486455
10326,4.047755291686209
10327,7.484180058170403
10328,4.538679437494293
10329,0.7717328457232185
10330,8.840610341422064
10331,3.0435224220281665
10332,9.206275858772374
10333,4.309755829142151
10334,5.563629017566466
10335,8.213803558484335
10336,7.775921214882098
10337,9.451120723791393
10338,3.716080252858357
10339,4.095679262858864
10340,7.869352330856957
10341,9.873674621868975
10342,5.845926789801432
10343,5.328971540609794
10344,8.664195157920656
10345,5.658935115655484
10346,6.27854102756566
10347,1.8519625312381567
10348,7.04605503516783
10349,6.420038664789606
10350,4.28729106661747
10351,3.3671816016942966
10352,8.344384545130387
10353,4.0609408423033475
10354,5.85532562345319
10355,6.092537543896208
10356,4.904527897525736
10357,7.334208303466781
10358,4.212386706826377
10359,4.837424216320902
10360,6.379387763166838
10361,8.45280308831
10362,3.5502922588975245
10363,6.419181711547743
10364,3.430288217968401
10365,4.553809461869834
10366,3.429828076095908
10367,2.8384771117381162
10368,7.01440571411988
10369,5.539961185957852
10370,9.037817028089533
10371,7.086518906788984
10372,7.646219127576827
10373,3.6406502396255873
10374,4.452215928153665
10375,3.581438464424062
10376,4.095329926910294
10377,4.8981827514140805
10378,3.7544011297791684
10379,5.233783413155361
10380,7.787618374537267
10381,4.502533131595787
10382,7.820278535566199
10383,8.253348180582446
10384,4.19994923583023
10385,2.5396811703436546
10386,5.364019512880885
10387,4.204984996241842
10388,6.4759664335935465
10389,8.33726671064896
10390,8.411582400927502
10391,9.569684906878676
10392,6.048345890531894
10393,4.814033902776051
10394,5.066193411017425
10395,3.757954402696166
10396,2.0762761941021863
10397,4.094542122645472
10398,6.861424167593167
10399,2.7342774745634815
10400,1.9509001276561533
10401,5.582254777859831
10402,8.338361596766262
10403,3.1485133294890666
10404,5.891210606704455
10405,7.488311545212198
10406,2.034123280028249
10407,9.16573684130902
10408,3.207953533157438
10409,1.86007521221438
10410,3.317421630770272
10411,10.0
10412,4.198281548390271
10413,7.780994692803077
10414,9.222895157152236
10415,6.343001111144109
10416,3.2936829115739967
10417,4.147691570727666
10418,8.531324522402421
10419,2.6471088270643284
10420,6.52342506261418
10421,7.117340283665923
10422,9.019715562426768
10423,6.389536814463615
10424,6.177922703596942
10425,7.045425837812044
10426,6.454990400096049
10427,8.7974847503818
10428,6.372593870644218
10429,8.15528631722685
10430,6.8735350187093145
10431,8.667570915955102
10432,8.054634447167775
10433,6.718163433930722
10434,6.349408834168932
10435,6.6848649292337985
10436,4.961464628457635
10437,7.877247835898439
10438,5.183042423849615
10439,7.0236863302833346
10440,4.413553315107259
10441,7.9426397653173755
10442,7.251952042590912
10443,5.54779190847966
10444,6.490555099684207
10445,3.350591438441191
10446,5.914433970454873
10447,4.81045995500528
10448,5.171701304514192
10449,3.386034196687752
10450,7.095120539629811
10451,3.6978566043543557
10452,8.068659198222337
10453,7.1385617447383165
10454,8.096838295459724
10455,5.320418398619735
10456,6.119401131642832
10457,6.381470171036832
10458,7.3025027487960905
10459,6.8423013421559515
10460,6.127361389994973
10461,6.060732265466485
10462,4.132149235235603
10463,1.0453372829148462
10464,5.718442340158854
10465,1.7742460384606553
10466,9.219539489416931
10467,5.195727378929326
10468,8.914275060271168
10469,7.553130800158763
10470,4.061174829333989
10471,5.219717544240536
10472,7.42239384603069
10473,4.310594423210829
10474,8.621174011724042
10475,8.077057317486403
10476,8.145611785807418
10477,4.91106283236445
10478,9.520513307148162
10479,5.2629189535775485
10480,6.445110595580266
10481,6.284437525253898
10482,4.0502037507684765
10483,4.874527062966231
10484,4.745268856493874
10485,4.212710268546268
10486,6.946263027066616
10487,2.526464137721738
10488,6.166384945156422
10489,2.507696272590628
10490,3.963587105229128
10491,7.763775645220566
10492,5.807161650137916
10493,8.18848460369455
10494,3.0764422395850635
10495,9.492757366286604
10496,8.810556492620059
10497,7.099647839973425
10498,4.385342224167667
10499,5.937701750116191
10500,6.128952404885489
10501,7.956011874833246
10502,3.908114322917622
10503,3.192537805418576
10504,8.043793653922691
10505,7.575892294282495
10506,5.6703819103630675
10507,9.396626378690291
10508,3.873602731049399
10509,2.969411544502209
10510,1.6427544956472209
10511,4.976879521051842
10512,4.374630775010983
10513,1.4183010655244692
10514,6.004112318385838
10515,7.391014609013971
10516,6.473574042366861
10517,6.429508573601918
10518,5.032599537879527
10519,3.787572792751972
10520,2.20617227717992
10521,8.11790150416118
10522,10.0
10523,8.145174157066094
10524,8.81726474748998
10525,4.59551927827701
10526,6.986678212087895
10527,6.603594897504731
10528,10.0
10529,8.673656694681675
10530,3.539078757668957
10531,4.7596759344547115
10532,7.023044525574743
10533,7.283529825291314
10534,9.31020198081402
10535,4.668623423825424
10536,6.6554003649989415
10537,5.987055362389171
10538,7.215760610037153
10539,8.160180383516176
10540,8.40407593132775
10541,5.672780123161928
10542,3.197465073467564
10543,3.551115578634969
10544,4.575854108352414
10545,6.640140405185369
10546,6.222075353103204
10547,8.227260122029945
10548,7.655795798562968
10549,6.794293691648583
10550,3.892052837798744
10551,4.79112933773234
10552,6.964745359771094
10553,4.752453156380083
10554,6.307826045390968
10555,2.187201756432439
10556,7.823266718071153
10557,5.765000971267645
10558,5.997538148768194
10559,6.146357204127351
10560,7.3972446404605385
10561,1.1547638872633796
10562,7.908111419098795
10563,4.871426499965588
10564,3.7644242772548604
10565,6.109945495543261
10566,9.72040740490484
10567,5.596074609310451
10568,9.570968487776742
10569,1.5764875415948076
10570,5.616257432194758
10571,8.5039927990581
10572,5.638078247332128
10573,4.034184646988219
10574,5.200273868169305
10575,5.995967201465212
10576,3.5308281594509534
10577,6.933699693855852
10578,5.664405795709547
10579,4.539561970186899
10580,7.697184679133031
10581,6.078558922838308
10582,9.429726788622169
10583,7.374152717402879
10584,4.035465931914001
10585,2.215120098184949
10586,4.687139046208166
10587,5.7610542170885175
10588,5.494873300911745
10589,3.735155383642515
10590,7.17558841256087
10591,6.6367387548636145
10592,3.382901393809399
10593,8.77325016702899
10594,6.997027020486046
10595,2.6611266729099476
10596,5.879649679011225
10597,7.826363118580583
10598,5.211510823108878
10599,6.139551060956861
10600,3.15154685913756
10601,4.594441584577531
10602,8.123218377200992
10603,7.418685994687811
10604,4.439193186738843
10605,8.653439937494024
10606,4.0081038886622
10607,8.139983707776837
10608,4.413709312996602
10609,4.420243864042486
10610,5.5523436601534835
10611,7.105401971257532
10612,3.4501868738570263
10613,6.589000013664948
10614,5.850700693922128
10615,6.876326923151272
10616,3.295579140971462
10617,5.581606532203125
10618,5.319814102139135
10619,7.40332459791389
10620,4.733257758269796
10621,7.593665248599382
10622,3.926825023783331
10623,6.821970070774598
10624,7.035943406140647
10625,5.8860245582739505
10626,7.811541383306043
10627,7.710261645853207
10628,5.183640042161677
10629,6.618225779636085
10630,6.241086088073994
10631,5.657181526870223
10632,8.82949425574172
10633,6.24597005841622
10634,5.659804077801843
10635,6.890082365983217
10636,8.06408802058965
10637,5.69829191125827
10638,4.993540641918855
10639,3.9317993391211736
10640,6.132923740999726
10641,2.0960030918208727
10642,8.856294660880016
10643,7.808746998406066
10644,8.985199665550084
10645,5.3647224374054785
10646,3.9115278656420895
10647,3.6363603583169883
10648,4.053368811052655
10649,3.046618491035182
10650,7.631728787170847
10651,7.550292211389075
10652,0.889203270698754
10653,6.481172073212035
10654,8.585509853476124
10655,1.6276038993247548
10656,7.981674237547862
10657,4.707446814265504
10658,7.231367608908072
10659,9.744879262938836
10660,5.29125792738146
10661,4.638025467629904
10662,3.920014064535932
10663,0.9287146488059731
10664,6.0486266423946695
10665,8.52464928698328
10666,9.416049387774931
10667,6.462478472071062
10668,5.607578028196186
10669,5.508362197545615
10670,6.792758574225912
10671,8.70998911830837
10672,3.7176730297765377
10673,6.326047065502614
10674,4.600705821792301
10675,9.152690662719412
10676,5.511885194243007
10677,5.8111316170147145
10678,6.83642136084811
10679,2.2692854655629646
10680,7.015572710861682
10681,5.110500004159439
10682,7.339162486363464
10683,9.122711969618134
10684,7.839872664084787
10685,5.776118356918596
10686,4.936507999578843
10687,4.463832313378525
10688,6.194729363300114
10689,4.260190739948197
10690,5.84696403521751
10691,4.269019976762536
10692,8.74280466793316
10693,5.853968419121388
10694,2.1820472273067426
10695,8.512935610049329
10696,4.3233333229808615
10697,6.4058307247231205
10698,9.089336307724114
10699,6.929332427810326
10700,7.559300100026317
10701,8.974346596736881
10702,5.848602077452336
10703,8.394998453359237
10704,5.1534760785988905
10705,6.379974202482863
10706,8.979186476563918
10707,6.56598812181237
10708,6.453070187367146
10709,3.82744302627468
10710,4.704704104581416
10711,8.256605777415535
10712,4.292947997903519
10713,3.9841964838001718
10714,6.265743465980536
10715,3.263496966826798
10716,5.000631872716913
10717,7.430562019658918
10718,4.163356685540693
10719,5.824404429454674
10720,6.723690734844308
10721,6.720381497233482
10722,6.217167805242244
10723,4.547978193951314
10724,3.838875524936073
10725,5.046852456949998
10726,4.938681705105014
10727,6.831246845260675
10728,5.509886342879118
10729,8.226080352052696
10730,6.71752875497738
10731,6.49168805052001
10732,5.445863002531151
10733,8.095679760796957
10734,7.968040133982826
10735,4.015796570766723
10736,6.5684113922063325
10737,2.628375380223688
10738,4.94341154092107
10739,3.659337209337319
10740,7.268591241942148
10741,6.918913265230776
10742,5.980056232689837
10743,3.826169214265171
10744,7.692086079437859
10745,8.26173841645332
10746,7.277401047122204
10747,7.25390540136501
10748,7.681407226474487
10749,2.928814109396986
10750,4.75623498217269
10751,0.8915754396977594
10752,9.072221235466401
10753,6.5994388122225915
10754,4.270258528206306
10755,4.465669861022056
10756,5.958846609878758
10757,8.590051409972073
10758,4.609938443904831
10759,4.780713879117372
10760,3.611328403687498
10761,7.343866884928456
10762,4.865286576073414
10763,2.747147838725183
10764,0.3495438268081309
10765,3.282570512501941
10766,6.503082894640897
10767,7.6788080586517395
10768,7.567960865860975
10769,1.392823069636361
10770,5.106485112062719
10771,7.594721613581845
10772,3.9173587345230834
10773,6.857610528570605
10774,2.2036229773842617
10775,4.399076658380029
10776,6.6125945682645515
10777,4.9005068258232285
10778,4.724504106226355
10779,4.897224733931912
10780,3.2995963432012467
10781,3.8752133800066546
10782,7.654661976036866
10783,4.345164258883619
10784,7.853321169473455
10785,3.577005779940411
10786,5.976429066466148
10787,5.38364815839366
10788,6.775561865183126
10789,8.261976840627193
10790,3.4313865023488996
10791,4.250247561384209
10792,8.567430478585472
10793,7.772215414056101
10794,6.457707407699681
10795,7.157536902038129
10796,4.770189002080518
10797,6.368555836333865
10798,2.9337124304861
10799,8.013411518422242
10800,4.827635674918268
10801,7.910508351306595
10802,5.2797515769923
10803,8.797489648071544
10804,6.730320256842624
10805,3.7188559493322852
10806,5.221822609129626
10807,7.769332236598588
10808,8.927537917720153
10809,8.237955541209812
10810,6.008943184814577
10811,7.1747080921076165
10812,6.075307152884051
10813,6.515640214771022
10814,6.291775049031016
10815,7.661379527838229
10816,8.464343250342944
10817,7.811087760396806
10818,8.406064630722646
10819,2.6312944607524633
10820,8.267303707756156
10821,6.324741738760091
10822,6.682525335712429
10823,1.3540361849193248
10824,4.095658051266353
10825,6.039563124842022
10826,9.461374207474423
10827,4.730166837359312
10828,4.9194665359846494
10829,6.668968357970202
10830,4.880987070684111
10831,8.102208395793177
10832,5.772894604987917
10833,7.917240256024869
10834,5.0054236924178
10835,6.25307964170863
10836,7.561915005986327
10837,4.066527847366741
10838,6.669525757413004
10839,5.14119187169077
10840,3.3322958578762445
10841,8.244389161596837
10842,2.1833154424053935
10843,7.108845829394847
10844,7.6371452507258315
10845,5.293543021773917
10846,7.396743565039697
10847,5.844485781824796
10848,7.476222705837612
10849,5.656010971163497
10850,4.723819513267493
10851,4.415691323431412
10852,5.58123932470698
10853,3.5638833383745308
10854,4.43877227611736
10855,6.029787363204108
10856,5.4633171888350756
10857,4.86803018589724
10858,0.7742245261971588
10859,8.13515073997686
10860,7.410231938299226
10861,6.109584437428815
10862,5.881381663449166
10863,6.503360754337615
10864,4.93487247289269
10865,4.004154605310973
10866,5.817942047555227
10867,5.883930272229368
10868,5.624291890215008
10869,7.183320341488561
10870,4.560332243138438
10871,6.66192116407546
10872,2.3663553044354178
10873,5.087676857260641
10874,7.099691550869169
10875,8.878340635508529
10876,6.908380827856737
10877,4.779868638071018
10878,5.651615040908501
10879,6.62311234090663
10880,3.174198094562922
10881,6.999854179920147
10882,6.103831892635132
10883,5.264102194287318
10884,4.247001174400857
10885,6.402099323282278
10886,4.2564353012135
10887,7.071993874648307
10888,6.199412636910714
10889,5.458148164037269
10890,5.893867770795905
10891,4.198909427507471
10892,7.508778216495313
10893,7.124570529472345
10894,5.163029850713121
10895,7.407961904716229
10896,5.005441796636228
10897,7.202283399480318
10898,5.599693820679596
10899,2.114755531983772
10900,7.93258562392343
10901,6.142623122343048
10902,6.58581707332263
10903,4.334712512717394
10904,4.331907678495821
10905,1.9447530594219988
10906,4.583365568600568
10907,3.09180647175578
10908,6.048094282792596
10909,7.2566152307894045
10910,4.927132973901252
10911,7.9338863310335155
10912,8.36204978718341
10913,5.863848141352219
10914,5.905941119439856
10915,7.373397992788647
10916,1.6708780892992734
10917,4.34194121481044
10918,3.9850869403906377
10919,5.8138223147040415
10920,6.206697805543764
10921,7.140101975391512
10922,5.027454018810598
10923,5.121567606090075
10924,7.696940597975422
10925,9.178341439526006
10926,7.6051952008141805
10927,6.1357822024281665
10928,2.0010288997742465
10929,8.1775748206506
10930,2.838022943073198
10931,7.851325230741531
10932,3.3061897433874345
10933,6.801168126882056
10934,8.068849554340241
10935,5.735799825772253
10936,2.034072642286761
10937,5.828915201106266
10938,5.932728137067814
10939,2.277946845764369
10940,2.624830844116165
10941,3.0460794795635655
10942,6.584948262232635
10943,5.546853156140617
10944,4.4319182207238965
10945,8.817544942616806
10946,5.3908980006482174
10947,5.6188642614089055
10948,7.546389630692171
10949,6.807809479009281
10950,6.370116006901497
10951,8.956917135219658
10952,6.968683278262641
10953,6.595406217357632
10954,5.901794236122462
10955,7.106269500750987
10956,6.676542086724271
10957,6.696689927522445
10958,9.908852706553086
10959,6.397018666861137
10960,3.964044116520895
10961,6.465953581827753
10962,2.472506109744788
10963,4.752726259217569
10964,8.988873024190012
10965,6.540950801885412
10966,4.76936060582231
10967,5.42254694284508
10968,7.7496523556033665
10969,4.48813913845176
10970,5.373666558175484
10971,7.4510993952485824
10972,9.197972425269146
10973,5.669277171380193
10974,3.594974904111501
10975,2.6969234882981037
10976,4.946679610050362
10977,7.972826284471626
10978,5.018157892186496
10979,2.793014005279951
10980,9.083887844225151
10981,6.704547087668549
10982,7.267967074823465
10983,9.017900360862411
10984,6.745848029914552
10985,8.678361716613832
10986,8.749709133349972
10987,4.223541687451062
10988,6.7814970811670285
10989,5.5501252986829375
10990,2.7086003660076052
10991,4.800757635294761
10992,6.044012789965408
10993,6.314775637028291
10994,6.614468745070537
10995,6.855393788171221
10996,5.002838758157352
10997,5.713647323484865
10998,5.1910842496627945
10999,2.9447025849063753
11000,5.844631852228345
11001,9.179355440614604
11002,6.79561420445337
11003,7.397882703948795
11004,8.494725060467033
11005,8.197788719156929
11006,5.847578167375807
11007,7.321209080318064
11008,2.032476464628764
11009,6.438195423368671
11010,5.589985922757018
11011,8.355583067768416
11012,6.176208683864875
11013,3.077315248914073
11014,8.174152412227908
11015,6.8675628778350575
11016,6.333385029582905
11017,7.443166738579425
11018,4.0612573252157205
11019,7.17657155796554
11020,6.174042875477283
11021,7.698882619185435
11022,4.48360829700467
11023,2.216950011172436
11024,8.539493924944678
11025,1.5701841819992084
11026,2.9612050261539284
11027,8.198231287661471
11028,4.080441265438922
11029,8.461022731091974
11030,4.496826446754652
11031,9.51018977984353
11032,4.212541427762869
11033,5.356327384383757
11034,6.420244833275465
11035,5.051684394444888
11036,6.425636706512173
11037,7.356370305873019
11038,1.5405024336043622
11039,6.799598461794627
11040,4.463727328012031
11041,9.774984947991157
11042,1.6012547781370463
11043,6.569897370111734
11044,7.3790883055981205
11045,7.012631297316119
11046,6.397869105564284
11047,6.665628294658097
11048,5.873568532206841
11049,3.3159756018815605
11050,2.7384787100408876
11051,7.997808654713556
11052,7.580389166532326
11053,9.668203124343044
11054,8.01732343164621
11055,1.1731625593451005
11056,5.260534042121868
11057,5.851657887616123
11058,5.94994994586712
11059,6.196488907753817
11060,5.785521635926214
11061,6.318739466220124
11062,6.127056019203805
11063,8.7006148560717
11064,7.011703178337892
11065,6.633993958681187
11066,6.087085535903476
11067,7.016556713670343
11068,4.592883675217376
11069,7.686634913347004
11070,3.749539677139136
11071,7.89924529081631
11072,5.127291987231255
11073,4.573661039414209
11074,9.897421245287521
11075,6.4157743543467
11076,5.761460802940092
11077,5.060398581632806
11078,7.20197136915542
11079,3.1973968552551386
11080,7.179353389184263
11081,7.751048087660554
11082,5.428500431215569
11083,3.9751457496368023
11084,3.5895281711270455
11085,5.715292413813989
11086,4.106968164039572
11087,3.9806471623730753
11088,7.206391994335387
11089,6.307759555637119
11090,7.224726840830574
11091,2.76328020049254
11092,4.165425930076468
11093,6.743266901288306
11094,4.798708023115178
11095,4.185768835595841
11096,6.647524627814885
11097,4.716670733330255
11098,5.153206893277617
11099,6.13500762262718
11100,4.353625522009071
11101,1.5973119350160037
11102,6.176128367011213
11103,8.308216126252482
11104,7.860836225697474
11105,3.066726609503263
11106,7.180533766339636
11107,6.415545070885562
11108,5.492761993044077
11109,7.409133798502348
11110,4.120314898580762
11111,4.557741353154236
11112,7.721912301014129
11113,3.2107312971788637
11114,5.841533330899913
11115,9.818690857074259
11116,7.5792739765150285
11117,6.747622589917955
11118,5.024811566794448
11119,6.840220733221968
11120,6.653719410779095
11121,6.707885939819054
11122,6.391596174200336
11123,7.512580011998267
11124,6.030709141631215
11125,5.731233799234198
11126,6.599264775721893
11127,6.1150867218244
11128,8.511368168546053
11129,3.213250554872868
11130,9.87104748732644
11131,7.622856015245893
11132,4.1659587494054735
11133,2.599005537777118
11134,6.406559098530627
11135,6.225143877977272
11136,5.695586588481555
11137,7.585132162160074
11138,6.522607795715252
11139,6.264432440268527
11140,5.135012638794246
11141,5.320805929319896
11142,4.889596596533579
11143,7.732318707318408
11144,4.630943144102023
11145,5.1822115454763615
11146,6.846591604060093
11147,7.087504718266326
11148,7.772861380269232
11149,7.549552529625571
11150,6.319307082984556
11151,9.479096456820654
11152,7.168447503128757
11153,6.767879128876766
11154,6.079253804376428
11155,5.173019891758922
11156,6.798059731052556
11157,5.853657728504839
11158,6.6142876245771
11159,6.7240477398083645
11160,2.4477005028841647
11161,6.387737082250703
11162,7.195329992048161
11163,6.206851860406624
11164,7.555197365679774
11165,7.36163222052452
11166,7.236307359310498
11167,1.2527135959083637
11168,8.213920180288547
11169,5.4450651528854195
11170,7.353237222788207
11171,8.100300264924467
11172,4.032876914751336
11173,8.401453837633943
11174,3.3367625159907206
11175,2.8762296697181826
11176,4.695049161525347
11177,9.069029775317416
11178,5.605619616157944
11179,3.026893934095596
11180,6.936646800653502
11181,8.927854188280003
11182,6.250380370654568
11183,4.120344525020426
11184,8.847830359020588
11185,8.723164903830089
11186,4.725492842779724
11187,6.019250939158304
11188,4.070207298917459
11189,3.451183579895907
11190,2.4455789458650172
11191,4.850548317795164
11192,4.0894117947666775
11193,7.25019544698314
11194,6.069530532077919
11195,3.7023774289317757
11196,6.665450988026525
11197,2.5242347707809167
11198,7.889518620923186
11199,6.018720127051766
11200,7.838871585604241
11201,7.4319212956718
11202,5.349834149841173
11203,4.917222636666474
11204,6.1100921867568685
11205,9.181206666479744
11206,7.409103074418425
11207,4.949126082395345
11208,6.012957044390423
11209,2.349482167297446
11210,8.618741520542478
11211,7.3333303734906625
11212,4.246125482471943
11213,4.32125850794609
11214,6.438516900600806
11215,5.639117406142148
11216,6.990631706016984
11217,8.63151125794466
11218,7.860654639459925
11219,6.972607634088305
11220,5.540389588307864
11221,5.533172268865913
11222,0.9510237562524331
11223,5.280238051582236
11224,8.702917687862383
11225,7.141842037078844
11226,4.200894457593678
11227,4.821881957789483
11228,7.877190926996144
11229,4.973011486433304
11230,3.8508153999458883
11231,3.3423657783237015
11232,5.477424682819558
11233,6.42739342269192
11234,2.503022157833174
11235,5.288702928697481
11236,6.2225610818537564
11237,7.914228059105076
11238,9.063101369779144
11239,9.107487918487609
11240,2.7947658600282925
11241,7.710494246245309
11242,8.061358531797834
11243,3.9197154608417524
11244,3.607696673231674
11245,7.230275535238985
11246,6.728198221565439
11247,4.38450326010872
11248,5.025319223883303
11249,7.397459670934602
11250,8.037299153692055
11251,5.970363684169159
11252,6.069536053442339
11253,1.744410755621675
11254,7.846449717103482
11255,4.961896502556533
11256,4.940422393335242
11257,6.948406245091846
11258,7.525034150076562
11259,7.953740332518947
11260,6.31352083656973
11261,4.323803942144328
11262,8.426830383552565
11263,2.4581741784008666
11264,6.964121586933561
11265,4.627196420408994
11266,6.963182901745858
11267,7.326578889301487
11268,6.846431244076234
11269,7.673239307396411
11270,5.620237199300153
11271,7.865329055521336
11272,5.279499014622478
11273,4.891290511016972
11274,6.833150596297746
11275,6.61365348777294
11276,6.475170131396458
11277,5.3429596685678575
11278,7.1646207330198015
11279,4.632672467030889
11280,5.745866278273571
11281,9.68795444927977
11282,3.582087856573618
11283,7.266723888468951
11284,6.609344623165428
11285,5.0341775630396794
11286,7.27850959049562
11287,7.077045385514788
11288,6.646992606638385
11289,4.023412375882176
11290,7.592637499653897
11291,7.052247428398748
11292,5.797177517410256
11293,3.511830657902118
11294,1.3628352477288304
11295,6.760804423478582
11296,3.7671012161606874
11297,7.661059929005858
11298,8.511789004399775
11299,5.006512795004387
11300,9.1107041339765
11301,8.513899244090327
11302,7.353252642275852
11303,6.923613212377706
11304,5.215252156820981
11305,6.925152958130745
11306,8.20874713559634
11307,6.0192580424920905
11308,5.6849937003167295
11309,7.3354333738474535
11310,5.843996670655898
11311,3.0407919712710445
11312,6.71154807833943
11313,6.6269026703402965
11314,9.096048063761081
11315,4.978915476664085
11316,4.465644314908296
11317,8.193782797641944
11318,5.836712326638583
11319,8.951177841899
11320,5.612627236520101
11321,4.875552443073603
11322,2.0331503345673503
11323,5.090855423976156
11324,6.356036974620695
11325,4.28386168170035
11326,7.001857011953272
11327,7.30129950170852
11328,4.245430386369005
11329,6.852957438828659
11330,3.4091223752683337
11331,6.084325220352998
11332,9.087759145842831
11333,2.3870635041165946
11334,4.477502309791022
11335,6.3436778937439815
11336,7.4439128776588745
11337,8.193745259818018
11338,6.364637376318185
11339,6.5546087399082875
11340,4.685820026866245
11341,3.7335690090482707
11342,7.036837438522909
11343,5.74034918309084
11344,5.1297842440488575
11345,7.388278249279378
11346,6.459180918626802
11347,4.946303443135054
11348,3.6358299244549253
11349,6.217450284228165
11350,3.5732285872456595
11351,5.411500813780831
11352,9.402975202963981
11353,9.405746724165954
11354,9.211189749250366
11355,5.7003310649191565
11356,7.792488940222068
11357,8.441221096840534
11358,4.643441210118208
11359,4.032015029724591
11360,6.442885484894194
11361,9.272417349213814
11362,5.823539846995615
11363,3.050101872872312
11364,8.779890452466217
11365,9.046431613349261
11366,3.538376464489883
11367,5.881075515897249
11368,6.320789032630197
11369,5.180245688415274
11370,7.1671361604079316
11371,4.928403350298078
11372,9.548243381434107
11373,8.394186254334567
11374,9.161822751744888
11375,7.2917475041453566
11376,6.190131815827833
11377,5.930927135894651
11378,7.21693869263992
11379,8.128490485332017
11380,4.017981283025645
11381,4.19542580396308
11382,3.3235795311476517
11383,6.487913555353895
11384,7.315650610626426
11385,8.253609285516967
11386,1.5594607029737833
11387,5.363955938812927
11388,5.362105994895732
11389,5.679194533766553
11390,7.433456070984469
11391,7.0905790882861535
11392,4.3164603541600775
11393,5.116506886109615
11394,5.769254066283852
11395,3.791452653091767
11396,5.829956434705001
11397,6.648513201093607
11398,7.993462419417629
11399,2.1946198267588497
11400,4.991550777265975
11401,7.072232260102033
11402,7.527651245440556
11403,4.7831615714363185
11404,5.307159785895845
11405,7.331928635020436
11406,7.285476595884413
11407,4.1888667502767145
11408,4.491749770025055
11409,3.9150710600346565
11410,7.684523838160746
11411,9.012780336939242
11412,3.520049684751017
11413,5.588265037912189
11414,6.208455838250379
11415,5.129276069046666
11416,6.80559860689397
11417,6.378261578360373
11418,8.375399601560103
11419,7.358572540818033
11420,5.3699066741865815
11421,3.9399294276074457
11422,6.110544762450168
11423,3.4380035904417774
11424,7.692502129377216
11425,0.6025618269627528
11426,2.1557012617019256
11427,7.54264169387398
11428,8.781939547332259
11429,8.06161793647829
11430,3.9065284193275653
11431,2.367680771801835
11432,4.2741756881227975
11433,5.988247338510701
11434,6.111611393375357
11435,3.3018218335009797
11436,7.247948989004779
11437,6.323581677271551
11438,7.8259732565861935
11439,7.8208436566962884
11440,3.6508375449775174
11441,4.766840399864624
11442,4.114415051854317
11443,4.900272050555625
11444,4.5485446520217465
11445,8.750784753339154
11446,8.01324042145292
11447,2.252319531221861
11448,6.086498651098127
11449,6.856094812179052
11450,6.388669687878942
11451,6.621119868374379
11452,3.1391908928182914
11453,7.921900689382181
11454,4.5210228943242505
11455,5.8042860202654305
11456,6.690592486255526
11457,6.620850070220172
11458,7.959835961053693
11459,9.059210251718516
11460,6.624833953404183
11461,6.017777838541232
11462,5.0357907538647355
11463,4.8525454606514895
11464,5.828894387323831
11465,6.327890485304536
11466,8.046865788450527
11467,7.099737262040162
11468,5.0752177299759715
11469,5.948256969002951
11470,4.979869238006994
11471,8.29300472486802
11472,6.64262755460051
11473,4.032477907738055
11474,5.268451682607356
11475,7.07674897254173
11476,4.956456834975721
11477,4.216971068134221
11478,6.049515480088513
11479,6.259629955038358
11480,7.60627242303548
11481,5.866532758829989
11482,7.03110331746044
11483,8.248815328857974
11484,7.337786687648084
11485,7.646769688362606
11486,6.751976560984717
11487,2.243974581572051
11488,5.960975297373517
11489,7.450921017518825
11490,6.464049026929587
11491,2.965301782726075
11492,7.271106245360619
11493,4.518249177809412
11494,4.827973323677586
11495,4.85325296644282
11496,6.311413020462247
11497,5.841807629223612
11498,5.17960098895826
11499,6.156611896756015
11500,1.9865972900618059
11501,4.402963012446005
11502,5.447244538773746
11503,3.480558683674559
11504,4.641638179730739
11505,3.051763698592306
11506,8.48962281545215
11507,0.9372231519378313
11508,6.110340577253402
11509,7.040511046572289
11510,7.894119755772202
11511,6.254544810232394
11512,7.950801222776077
11513,10.0
11514,4.999295293660496
11515,6.0912661586472545
11516,3.9584480746920936
11517,2.337709589202369
11518,6.215739827581924
11519,6.287643289560982
11520,8.606828240490886
11521,9.060614995698458
11522,4.768394508691488
11523,4.8822407612458205
11524,6.953661129232945
11525,5.428253012217983
11526,6.341646439795728
11527,4.290562631960493
11528,6.552784017396381
11529,2.1889592047862867
11530,7.03950725214035
11531,5.851088422303514
11532,6.997020841404305
11533,2.7551096667084196
11534,3.5928221249561103
11535,5.59128853572573
11536,4.7710585337693745
11537,6.137438768452963
11538,7.603226893207138
11539,7.129082988555973
11540,6.481912147336605
11541,5.177352262482803
11542,8.025133607806175
11543,5.798771857163195
11544,4.988126443232199
11545,1.883630965851868
11546,6.78794040536169
11547,6.169550843611911
11548,7.628647034345406
11549,5.246077234041879
11550,5.599586974301186
11551,6.310989950346711
11552,8.057747127797578
11553,6.498779522692506
11554,4.327782669125826
11555,3.919185866346653
11556,5.29236590685046
11557,6.213011887716415
11558,6.445607802089084
11559,6.7270173837559835
11560,6.378790631193308
11561,2.406485681697626
11562,2.7366671353835295
11563,2.219953961621184
11564,5.546103576375537
11565,5.639474970749515
11566,8.709328336679544
11567,5.358048659399438
11568,7.43969872595572
11569,3.845496470424325
11570,7.248530496287078
11571,8.049554284971261
11572,6.397503622353723
11573,6.666765835548707
11574,5.309127508836452
11575,7.7455301830805
11576,7.17050949913726
11577,6.106103478327306
11578,6.910436142356824
11579,6.368720648403585
11580,3.1076913183502284
11581,6.15462283241397
11582,6.036276193584142
11583,6.584169384215824
11584,6.352662467736976
11585,2.8155507031458193
11586,4.798656279168671
11587,4.267981522733243
11588,7.77244716752975
11589,8.905885873612416
11590,5.43593569592974
11591,6.679638090503332
11592,2.293934751419829
11593,1.834769008420854
11594,6.108002463438514
11595,7.659954518696591
11596,3.7821849908251903
11597,5.131526495522246
11598,7.082176289048052
11599,5.093387393620459
11600,2.947040370518544
11601,5.2332024692540475
11602,4.0901524347927145
11603,6.241949819090902
11604,6.89164555520119
11605,7.496867395163466
11606,8.658573209941865
11607,4.5471627983941305
11608,4.045595490160071
11609,6.491830769318398
11610,6.505563803972045
11611,4.438127489145246
11612,7.467713845514059
11613,8.817689714911223
11614,5.2996680060923556
11615,7.894277976321732
11616,8.092841947411202
11617,5.408041488668747
11618,7.225480086030146
11619,4.381097866976306
11620,5.495888173392512
11621,7.8364575839543225
11622,6.806942829765105
11623,5.336762242932864
11624,7.752345841950886
11625,6.587088143726339
11626,7.038878276793418
11627,1.158089459730457
11628,6.210351973572941
11629,7.74959223264841
11630,7.0084728611235825
11631,6.71281733609011
11632,1.5207922059341354
11633,3.144257964453286
11634,8.649571816513358
11635,5.762540406655916
11636,4.736478704303849
11637,6.080636608386952
11638,5.817328155040616
11639,8.121651817220096
11640,5.98363448805555
11641,4.3003548780013565
11642,9.967022934296857
11643,6.647134497124139
11644,5.685545494981123
11645,4.852581990411979
11646,3.8961734359288083
11647,4.937978973369384
11648,2.663145580487506
11649,7.745075969120675
11650,5.984584695630323
11651,4.638280283101226
11652,5.22525975105774
11653,4.479929074853701
11654,6.793024429120616
11655,9.233768761151996
11656,6.898359276803081
11657,5.023971784608238
11658,7.387560526069856
11659,6.822015756763164
11660,7.675278189998409
11661,7.0824244414493345
11662,5.941692741512416
11663,8.108354919465526
11664,7.216432215194464
11665,8.404974809886928
11666,6.75024228405371
11667,7.720926250179807
11668,6.293804659428806
11669,8.26668253656517
11670,3.8127678845528417
11671,5.089589597169086
11672,4.157639300671201
11673,8.54058618172708
11674,6.687345588169563
11675,4.387671641684593
11676,7.918754457011726
11677,3.5945195637953344
11678,3.1976697377354295
11679,2.052184915686622
11680,3.7871789567767937
11681,5.599863647813309
11682,6.162796589984348
11683,9.101009086028228
11684,3.5793736471054514
11685,4.025182346296145
11686,4.0506632912264635
11687,4.352044279841771
11688,9.829650346317965
11689,8.02747227691048
11690,3.243099960562995
11691,5.368267395411068
11692,3.4063156549874862
11693,9.335028365272912
11694,8.119446864290731
11695,4.775790137154408
11696,1.6539621912085132
11697,6.054995396029623
11698,9.440416067333562
11699,3.1560284299116126
11700,7.054023417459006
11701,0.9094028276005004
11702,2.5042544613813846
11703,7.327197651431251
11704,8.263596966019467
11705,3.277106212016206
11706,5.507523380299805
11707,7.600469025990902
11708,6.876100454595807
11709,6.293228904375825
11710,6.81824948794491
11711,4.275727724204128
11712,7.852357322002081
11713,1.6977178575780207
11714,8.223861174184409
11715,5.889264263605126
11716,5.482293185288337
11717,9.583427002546072
11718,2.860337601193406
11719,8.933200192493057
11720,7.869362716443405
11721,6.784035545847271
11722,1.2935008981960294
11723,7.388128574989706
11724,9.229471620375328
11725,5.588858880437176
11726,2.437299845277658
11727,8.428179754387862
11728,6.628105503189097
11729,6.423146093413779
11730,4.039267083816202
11731,5.728263214772072
11732,5.136309560243509
11733,7.658421936943206
11734,5.737946013411427
11735,4.898904868303354
11736,2.3069161769004225
11737,7.405163712706025
11738,7.68297677525576
11739,5.802208030729876
11740,3.3084255447636552
11741,3.5906555864617307
11742,5.276001462869736
11743,3.209401755828892
11744,6.760281740562469
11745,6.492688021766144
11746,2.08037579864445
11747,8.071743035351032
11748,1.7517477996664008
11749,5.150740278643337
11750,8.51468524436192
11751,5.9220446541487375
11752,7.474249687720752
11753,5.08351165641666
11754,7.877952107292798
11755,8.618612653934473
11756,2.2752049909247676
11757,5.429156692744951
11758,6.6769582616136125
11759,5.9048251371652665
11760,4.63608971857348
11761,7.574534189569196
11762,3.9003452485026697
11763,6.509200830857788
11764,9.762717301778311
11765,5.36759734968448
11766,6.1660625610827475
11767,6.997786584030202
11768,4.831521511533639
11769,7.335826362099539
11770,6.836420088036247
11771,1.5383495249498225
11772,6.589925265595356
11773,6.257653679316864
11774,5.881727260031328
11775,5.38038904210711
11776,6.592854475985366
11777,3.6180676797585214
11778,7.424827680712315
11779,7.832255722122112
11780,6.196386571721984
11781,8.179146837022687
11782,4.247244758565015
11783,6.807390520770811
11784,6.815056011728663
11785,8.331628595171297
11786,8.603677745803166
11787,4.858981934156641
11788,6.978236164936851
11789,5.083986852730727
11790,6.3976960639575005
11791,4.132327259776143
11792,9.495434798555918
11793,6.011509890276196
11794,8.09025342805651
11795,8.589888336905453
11796,5.212816480373164
11797,8.731692700988853
11798,6.696573248862984
11799,3.361017621724011
11800,3.8284183013623254
11801,7.170108532775002
11802,3.1971106835683942
11803,7.994175121860518
11804,5.687898693181843
11805,6.877519391249852
11806,4.794405518439587
11807,7.925907472739258
11808,7.472972196504083
11809,4.483646451833505
11810,8.469739401059838
11811,5.706702038570857
11812,5.043668810508501
11813,5.920871930618069
11814,6.489795992954611
11815,5.944029562701427
11816,6.343046604985027
11817,4.110832914313995
11818,3.964938716489521
11819,5.097570530196894
11820,7.156460234311983
11821,2.790091268051871
11822,4.461030386905237
11823,4.713274337165347
11824,7.891328093423792
11825,9.908791526794285
11826,7.141371021352229
11827,6.4300808831260685
11828,3.5192420921189393
11829,5.9809264982775385
11830,2.8575326160093293
11831,3.0598435379593387
11832,3.6870067824694734
11833,5.163412312946235
11834,2.996231125525406
11835,7.405843609452077
11836,5.2331087818167
11837,4.43355030685991
11838,5.380066681960374
11839,5.470591401617684
11840,6.784260025175298
11841,4.504561828404838
11842,2.7096566271729436
11843,6.2508923854056295
11844,6.762304276002103
11845,4.413853936305085
11846,9.149971370356822
11847,8.078731174292022
11848,8.181893692314947
11849,3.5104482018758443
11850,3.831671616728112
11851,9.130194168610121
11852,6.980159716750927
11853,8.30430964572491
11854,5.717445404113186
11855,6.4250333180921935
11856,7.301689837457129
11857,8.194634729581493
11858,7.301460379181208
11859,6.3233944473629276
11860,7.471451648370348
11861,3.878128178984482
11862,7.055334057155738
11863,6.002051529308247
11864,6.236349468440328
11865,5.610887555009153
11866,3.2365734689735053
11867,5.691467137059047
11868,5.600683619609647
11869,2.6552365107279465
11870,3.1358431890139125
11871,7.159569286663918
11872,8.890601479353348
11873,5.2372301042722444
11874,6.81119923378529
11875,4.701416759590604
11876,9.628203237089956
11877,4.505817186207089
11878,10.0
11879,8.593901306708169
11880,2.734062469995309
11881,4.733475928421948
11882,3.317005646925278
11883,3.0152321669391817
11884,5.526559031605954
11885,3.9180966396295265
11886,6.270475064402547
11887,5.082227802636307
11888,1.789270180477501
11889,7.302681745379801
11890,4.831248960426754
11891,8.25338025663064
11892,1.805270820668263
11893,6.229765665492286
11894,3.858150938603565
11895,7.674932688857584
11896,6.6341309896703775
11897,5.8962736175382435
11898,3.830775416300839
11899,7.023309246729134
11900,7.854490600957391
11901,7.020271012055858
11902,9.335332507420349
11903,4.979468371425139
11904,6.951302337730052
11905,6.640701195255094
11906,5.914718302073802
11907,4.868743262055525
11908,9.244010909014586
11909,7.226569002293633
11910,8.58872479717551
11911,4.934204786062483
11912,5.849366257428366
11913,3.0757992070866673
11914,5.065544808019879
11915,6.952330364771109
11916,5.970396221183941
11917,5.745336948196365
11918,7.059416378807674
11919,5.374091831353807
11920,8.674938272905656
11921,8.111054413285972
11922,5.932110840010722
11923,6.1880125245456705
11924,4.20697065172145
11925,4.389432802416184
11926,8.01408323179265
11927,3.640608144873429
11928,6.481088126103978
11929,6.6490285485263625
11930,6.067461183253526
11931,7.674446983819939
11932,6.74053731914605
11933,9.876165198050007
11934,4.903684649427897
11935,3.310190524336302
11936,3.9061933109516747
11937,7.324921977102862
11938,6.131502737383791
11939,7.4147064215022604
11940,2.3374754214834206
11941,5.6286931588036335
11942,6.187376528495642
11943,5.489696216240136
11944,2.026993259427619
11945,9.373820689027996
11946,7.970699473704585
11947,3.324607356437439
11948,6.565281559225804
11949,3.559151394834557
11950,4.1951808091090905
11951,6.583533851118945
11952,7.437483980651127
11953,6.508585277660303
11954,7.831320239578641
11955,9.902489955768395
11956,4.558551639789457
11957,5.604382713003045
11958,5.141824165133443
11959,7.243459360126994
11960,4.236663817284095
11961,7.1036914251950645
11962,6.938516277781728
11963,9.966948512538115
11964,6.960646618767214
11965,5.5129868967053435
11966,8.566371849133747
11967,6.053711205428119
11968,8.281421988988436
11969,6.3831727513503385
11970,4.741278798386812
11971,3.5101942232049055
11972,4.342947659267278
11973,7.445867188043218
11974,6.539325977679058
11975,4.087666402034566
11976,7.827420333901021
11977,4.386486026686693
11978,2.1804926629106065
11979,5.845831082437291
11980,3.8962286947955396
11981,9.513788134262327
11982,7.551999951779358
11983,5.533766162247933
11984,6.699940659237357
11985,9.328511522142136
11986,5.243493153575203
11987,7.107886384332839
11988,5.37666770615524
11989,6.668023117091186
11990,7.619308624622062
11991,6.281165519547708
11992,4.814341648593779
11993,3.8602703633096893
11994,9.384005983335745
11995,6.931740813641529
11996,3.7957735866587834
11997,6.253178045318295
11998,4.552858773879092
11999,5.420700104663712
12000,8.690374922400572
12001,7.820275893094825
12002,5.405901592289746
12003,1.4790068861099424
12004,6.656008725575869
12005,4.38903652300598
12006,5.210302791331212
12007,9.072010884638255
12008,8.235237353242157
12009,6.218441992619704
12010,4.3068060736011065
12011,4.250341178492843
12012,3.519388472411722
12013,5.091858051046369
12014,6.679388242850606
12015,4.026031621632004
12016,8.07893477912023
12017,3.8194412472520796
12018,4.395312730978393
12019,4.920475715724373
12020,5.170881060452944
12021,2.8388432574941254
12022,4.9699033130056
12023,3.9241581833937818
12024,5.361658765238623
12025,5.263548693723621
12026,4.2696454221801785
12027,4.767140856907852
12028,6.502006936850227
12029,4.220982570448752
12030,9.356648721155915
12031,5.083403572007528
12032,5.3600402949951516
12033,8.321026592558987
12034,7.939333124873873
12035,9.808656529594215
12036,6.749638377333078
12037,7.523478771618042
12038,9.56357654987693
12039,2.661994051319306
12040,7.684455937444572
12041,6.923512380632387
12042,7.716565282646416
12043,2.61451105562677
12044,5.244569589699666
12045,6.394176228499607
12046,6.611444281293578
12047,4.229656696754196
12048,6.134989970211789
12049,8.305149715212604
12050,6.822139465250094
12051,7.987865010936387
12052,8.767393786452338
12053,6.897345538593793
12054,6.415551602362894
12055,7.831476199988224
12056,9.001046440340938
12057,8.982151765066595
12058,7.151533605496866
12059,3.7988959670140625
12060,9.633111639731837
12061,8.195444509463233
12062,5.580315517274869
12063,6.655317155929028
12064,7.71809801236153
12065,7.707536915535715
12066,5.387116635468306
12067,9.733333576341593
12068,5.114767304894454
12069,6.083664258219519
12070,8.459101395115267
12071,7.438545373163719
12072,6.51757915915222
12073,3.531710434169765
12074,5.89602307507561
12075,8.659438387909589
12076,6.321270630822099
12077,3.034867471728928
12078,3.988329505439727
12079,5.649972189459715
12080,6.542373456662705
12081,4.527933660666177
12082,1.9188406034711516
12083,4.9357225564363905
12084,6.892627456300465
12085,6.308985768613841
12086,6.728690434102845
12087,8.034057013982427
12088,7.071826902024673
12089,6.3618689863526585
12090,5.343119711260931
12091,3.182529531472029
12092,6.386853461654572
12093,5.885192630141397
12094,4.821103369148586
12095,1.8625036973524955
12096,6.379444787832027
12097,3.9930001247860676
12098,6.21421531802346
12099,6.009432093398725
12100,4.505995673286603
12101,7.973415747422001
12102,8.641287274113413
12103,6.162620927632768
12104,6.031032949474843
12105,8.516693413822939
12106,5.516709169748319
12107,8.123948382364071
12108,5.692030620041573
12109,6.83750448242535
12110,6.721346256950689
12111,6.181208642285802
12112,6.262655236369353
12113,6.19818244947549
12114,7.689911707740647
12115,7.135958691249818
12116,7.17317590593613
12117,6.011975550540163
12118,5.366055695758959
12119,7.070592744869241
12120,5.873929361159565
12121,3.887038446167972
12122,5.442494334004913
12123,10.0
12124,5.7015425996985005
12125,8.232398378456082
12126,9.152484359917946
12127,7.409726775305679
12128,7.843561181888818
12129,6.818638760727821
12130,5.687856414757942
12131,7.8684707021918685
12132,4.781673681457044
12133,5.9943773269944485
12134,6.203430070778035
12135,4.695330269763595
12136,4.335659985372205
12137,0.944125250742566
12138,2.5580545620162916
12139,3.2822275433480392
12140,3.667242890235203
12141,9.286390574193979
12142,8.66936978917073
12143,7.497751657695312
12144,4.6622497204917615
12145,8.562688840739789
12146,9.089855435163942
12147,7.80805687104003
12148,8.122247155859164
12149,5.85671239586443
12150,2.5035143154389186
12151,8.16877117459168
12152,7.890568158062987
12153,8.775102557602441
12154,6.783441520425121
12155,6.245646245665474
12156,9.350724696875833
12157,4.2980941997198965
12158,7.355985893348663
12159,8.543739250029397
12160,9.350919014254316
12161,2.299344026949629
12162,2.6323226053245383
12163,7.841951555045611
12164,6.405678078496047
12165,8.098820147369642
12166,8.092175904290485
12167,6.134541410893415
12168,7.099342180788167
12169,3.545042195145463
12170,6.654381495360189
12171,5.953715784741525
12172,5.727503016930346
12173,1.3251374458057805
12174,2.743307132595165
12175,5.821462873075478
12176,7.5434076127883065
12177,9.713533516216653
12178,4.873388805876735
12179,7.226253534197767
12180,9.558300702935773
12181,3.6866899035181815
12182,6.8475993482229
12183,2.6450749481096025
12184,7.243589321117943
12185,6.5946924090520715
12186,4.269523518296463
12187,7.65348326044993
12188,4.522098086277754
12189,4.956218397242136
12190,1.6030415288114332
12191,7.529145452580825
12192,7.8982942879271265
12193,8.386558972481243
12194,6.5134663608432435
12195,8.27348003573655
12196,6.4440154806788
12197,6.844005667938383
12198,8.629484017414109
12199,2.651565089501725
12200,5.398649064031698
12201,4.535547295823842
12202,2.2366456023557966
12203,2.5733638882411634
12204,6.3035434702983935
12205,4.455750685765551
12206,4.962495843796106
12207,6.029247218605732
12208,2.971169398077305
12209,5.458270148651804
12210,5.196944803547302
12211,5.1944097733082835
12212,8.188035253677942
12213,5.955885083938854
12214,4.3073927704305115
12215,4.206950480647245
12216,7.200069182831891
12217,5.086128715376555
12218,5.926014363545794
12219,5.2952038297743735
12220,8.603694173424365
12221,5.280381046541279
12222,3.4628181944219123
12223,8.330770839825824
12224,4.663411615226407
12225,6.285853606476174
12226,7.580061044619306
12227,8.877145206027647
12228,4.394453372328268
12229,8.269870618034325
12230,7.392875827066451
12231,7.9387897631785656
12232,4.68921237307815
12233,8.322731043106756
12234,5.576975425910328
12235,5.90034891754203
12236,8.892596810211987
12237,6.718898012185066
12238,9.291465428790396
12239,4.113683820395347
12240,8.586570430091017
12241,2.9664241904885755
12242,7.748926164393592
12243,6.081708823208455
12244,6.342495453260929
12245,3.479513236961479
12246,3.4831215751621
12247,6.494418615032661
12248,3.5870051057744186
12249,7.396773528731975
12250,5.666708842443294
12251,9.29210176258145
12252,4.170564984894585
12253,8.973896594856893
12254,7.016852983250125
12255,7.923941045054508
12256,3.748731540817401
12257,6.045073375899442
12258,5.102529577999004
12259,3.5698782939590785
12260,2.676184582102941
12261,4.140352861388163
12262,8.245509881383596
12263,6.0363166611202335
12264,5.155518022379101
12265,6.419408283013489
12266,4.977494991864617
12267,6.28771871941732
12268,5.132632612483054
12269,6.995613218048449
12270,6.615075646276343
12271,3.1149451847137253
12272,3.8472572184587577
12273,5.591545191598081
12274,5.381896999084276
12275,8.705963241192686
12276,6.333248855549872
12277,7.0581647728148535
12278,4.119558454412326
12279,6.7923879783225125
12280,6.354896737726282
12281,6.306319520753937
12282,9.109063466144145
12283,4.358396028617102
12284,5.653506586552713
12285,7.573398348150336
12286,8.012929612184575
12287,4.762219869095123
12288,7.746599369537151
12289,3.8831934231022327
12290,4.259264528161488
12291,5.056121953177488
12292,5.191610985088566
12293,7.363141608666229
12294,5.9139249654350365
12295,3.3602969694252356
12296,4.258291724845707
12297,3.93468149570839
12298,8.208752671853532
12299,3.905651647780377
12300,3.7506478498528644
12301,6.908906210861932
12302,2.5250968374654397
12303,2.164430521677575
12304,4.089728958253528
12305,3.8388711556661157
12306,6.409561829560542
12307,9.274713715472169
12308,4.614182069013025
12309,5.174057842820661
12310,7.108791216437333
12311,5.5361467935492
12312,4.907372758189536
12313,8.022881056130771
12314,6.447294990620337
12315,3.9452955642776173
12316,7.9374400341722104
12317,5.592530599898602
12318,4.15517691369266
12319,5.286267470998397
12320,6.077215078803286
12321,6.840696777381034
12322,5.648357378665441
12323,7.610494296000901
12324,4.542240975408535
12325,8.09219583115775
12326,4.0437408356229065
12327,9.178459702483465
12328,5.06114778554925
12329,6.841558361379265
12330,8.323263712938802
12331,4.029733127019545
12332,5.942294901713824
12333,6.767923211989997
12334,8.093137603757729
12335,6.586343396360969
12336,6.082766296205357
12337,3.123654916095388
12338,5.941607174608112
12339,6.686791859173287
12340,6.501389366483103
12341,7.207747657367939
12342,7.257941238427079
12343,10.0
12344,3.1613287566599255
12345,2.1030043781285044
12346,4.6152255887527245
12347,4.186192534392871
12348,7.482472329710999
12349,7.172721460334358
12350,8.9021232570559
12351,9.022066817142097
12352,6.362979839502636
12353,5.510629753757227
12354,6.791976530734466
12355,6.7572590606872005
12356,8.793733446992231
12357,3.844576003326975
12358,6.70556003678012
12359,4.770227552191069
12360,4.7940286279808975
12361,5.97998594094873
12362,4.7294315658528765
12363,6.666952000290513
12364,4.6971304126543
12365,7.978977800317125
12366,8.08121602192294
12367,3.6543999777018987
12368,4.321700854789606
12369,8.950206221703699
12370,5.105983561982425
12371,5.525422935878206
12372,5.6248873616566
12373,5.955538117897616
12374,6.790402653247293
12375,7.642827922674716
12376,8.775356152674252
12377,9.384262846356336
12378,8.946060772277058
12379,6.468599727644281
12380,8.63658554805189
12381,4.285436434272848
12382,4.78241540664987
12383,5.855320843768233
12384,0.74647852912751
12385,4.315425086551555
12386,5.3604370094675335
12387,3.8827886042251616
12388,2.774761168525801
12389,6.8550365802003554
12390,4.478759824823579
12391,4.990152339101837
12392,7.283436904549571
12393,5.455832185860945
12394,3.0947581132911495
12395,6.174116795714104
12396,8.781077460393636
12397,7.193423794992041
12398,6.599529260903767
12399,4.7783829741969575
12400,8.4789459159826
12401,3.535437565065794
12402,6.901345784457296
12403,6.247512024863141
12404,5.833652008425743
12405,3.9802468830046345
12406,6.178397520863017
12407,4.784731977425924
12408,4.005595528930663
12409,6.363451568885963
12410,4.444423039728866
12411,5.423744424359574
12412,8.718421200759225
12413,8.497263466720831
12414,5.8023430457471745
12415,6.328871318789476
12416,4.120714103248499
12417,0.8010045277226725
12418,6.218051333393765
12419,8.964313661742674
12420,4.790006524994965
12421,7.523954604874126
12422,4.92123030242721
12423,8.300493777077039
12424,3.2362479355292564
12425,6.522190071187364
12426,3.3849374245673687
12427,7.974757360673324
12428,7.59029095506916
12429,4.7869317096325235
12430,7.887599734685228
12431,4.045099599223794
12432,6.128892087683869
12433,6.563441683206496
12434,9.077660784548641
12435,8.001337888438853
12436,5.166304063573628
12437,10.0
12438,5.508282035471265
12439,6.201778988562202
12440,9.587578382486
12441,6.9811186332792
12442,4.453233771305119
12443,8.518695919130023
12444,6.3417279813492575
12445,6.534029442024007
12446,5.319865812318796
12447,6.6418190142537945
12448,6.0037703608435855
12449,6.631999779166417
12450,8.475711569413743
12451,9.232291445639161
12452,5.787212517099142
12453,7.493747357064491
12454,7.188512016004157
12455,5.236597275110456
12456,4.7816048044978245
12457,8.352770322989452
12458,5.7942772899736275
12459,0.0
12460,6.139596968046769
12461,9.505839961859872
12462,6.002298553210505
12463,4.384887002690537
12464,7.451719285319741
12465,7.141620184174883
12466,5.306528564014299
12467,7.79838064924202
12468,7.799579029165922
12469,8.231093228211554
12470,6.304314179089267
12471,5.501665779311806
12472,5.203449701985199
12473,5.56101502691791
12474,7.986847737675972
12475,3.363386907276195
12476,1.279191696104344
12477,8.636775412780658
12478,9.226988514405535
12479,5.527061621581514
12480,7.6274918903746585
12481,4.862539847602314
12482,9.688527122262588
12483,6.5510196122823405
12484,5.015884113577684
12485,5.13543029327781
12486,6.121771075081872
12487,6.670168007670072
12488,6.3614528858553445
12489,5.20660532766401
12490,7.098870549925935
12491,4.7525592719776055
12492,6.187414901111744
12493,5.630986156048163
12494,7.409667392603902
12495,5.949899042269687
12496,8.387662081490994
12497,7.579234777230786
12498,8.580305535578061
12499,1.912636991941967
12500,3.261379963489534
12501,3.9435408517543706
12502,6.668033759313543
12503,5.655433352368878
12504,3.904347934291439
12505,5.034745565333127
12506,0.6242554074114419
12507,7.324688429389561
12508,8.171144975432027
12509,5.249174766155678
12510,7.018430972984168
12511,5.4495093386213584
12512,9.216128710386021
12513,6.12976625889519
12514,5.74675670721689
12515,5.916240403510222
12516,4.225856272597355
12517,4.347288530348444
12518,5.665867333958059
12519,5.991771882345565
12520,7.998538291006026
12521,5.217183119630568
12522,6.444506304697269
12523,4.0966348783159985
12524,6.3934081050855935
12525,2.2022405036777326
12526,3.806694413598755
12527,7.0028775308943985
12528,6.784705205471415
12529,5.651996977147537
12530,8.762444685154886
12531,6.356462856669328
12532,4.5702714678462435
12533,6.231424498788786
12534,4.107919753931508
12535,6.806450173738049
12536,4.2547502539455415
12537,4.720881291055705
12538,3.3432304812118385
12539,5.370864270007526
12540,8.439027329867987
12541,6.8769515986262615
12542,8.850689259542047
12543,5.585795180494024
12544,9.52237196728518
12545,6.270571772532525
12546,6.479823502507427
12547,7.321338046523654
12548,8.254027124422482
12549,6.139841162411052
12550,5.488254085536601
12551,1.5171902332503997
12552,4.2155393174689015
12553,7.2298705899617985
12554,1.8325153910691574
12555,9.87510608499141
12556,8.29194129186526
12557,8.491865006273992
12558,3.4228825880023774
12559,5.641559269004704
12560,5.161303409085248
12561,8.589406082683706
12562,6.461139803753321
12563,3.387282944429244
12564,7.748961714328429
12565,6.898166932701148
12566,6.5251011567382164
12567,3.5968474743720833
12568,6.095671775502343
12569,6.262794688115862
12570,6.321099803451007
12571,8.46178126921109
12572,5.096342931448637
12573,2.825943999550967
12574,6.934724202198966
12575,5.947930934979329
12576,2.7070974759183963
12577,5.5183283142983175
12578,5.917095665422222
12579,6.459369226440362
12580,6.22111000245249
12581,5.719803009049178
12582,4.26540522264411
12583,5.889725288299898
12584,7.839248279339511
12585,3.950189300875306
12586,7.528618977400331
12587,7.970678086912105
12588,2.115086089926832
12589,3.2612015211982843
12590,8.827634414408198
12591,7.371286317123879
12592,6.381887013738982
12593,6.60985185343441
12594,2.8200497538832012
12595,6.8997600728269095
12596,7.942425688612026
12597,7.256299426486432
12598,4.831588089868013
12599,6.280266808569602
12600,4.180552224177408
12601,5.8965873991656865
12602,5.770610950718344
12603,8.710031378719453
12604,9.35113884155875
12605,9.630052720184253
12606,6.211243677496147
12607,4.411919925753465
12608,7.0644006296145445
12609,4.38107592371507
12610,4.836076422378544
12611,4.513701412221832
12612,5.7507116017826
12613,8.399300150695938
12614,6.524711951959029
12615,4.9061518271932645
12616,8.294896168673855
12617,1.8567480857126082
12618,5.291273008942426
12619,6.6706321463620775
12620,8.370191890302626
12621,8.108192167731774
12622,5.554359997480861
12623,6.781206201085848
12624,6.558382161229517
12625,7.444444543212816
12626,6.164374028523786
12627,5.621035170233972
12628,7.695844874603476
12629,8.321033789224332
12630,7.051992357065713
12631,5.964780593453874
12632,3.90861501152129
12633,6.706607918885187
12634,4.825205849594803
12635,4.879062899149159
12636,8.055551434196575
12637,7.671795699236476
12638,4.38465836053272
12639,7.098498912254983
12640,4.644462338656043
12641,6.089817559474492
12642,5.601033717135483
12643,7.400763250847515
12644,3.0050502085615287
12645,6.268747939568424
12646,8.323322008791362
12647,7.198216597480947
12648,7.70832500799595
12649,4.493637765522516
12650,4.375754721291509
12651,4.880123984163195
12652,6.696633123211878
12653,6.004283808066523
12654,3.711465523862217
12655,4.966885016650778
12656,4.72021544080742
12657,7.167804569499035
12658,8.134561189207604
12659,6.023427446953474
12660,6.205524240893507
12661,4.081973690716208
12662,6.236851698781952
12663,5.8427841290350155
12664,4.167390345816244
12665,8.72211250736323
12666,4.910383265703475
12667,8.523691953303674
12668,5.522605655181463
12669,6.51525917165015
12670,5.368032655995277
12671,7.862374648799268
12672,6.810957304632845
12673,2.752938222707798
12674,8.750618861865513
12675,4.5714795316193975
12676,7.971619049927793
12677,10.0
12678,9.042744269480016
12679,6.1414394043732505
12680,6.809877045592346
12681,6.806856148534747
12682,7.397083894456189
12683,6.477300752920253
12684,7.038761656205912
12685,7.330143996423774
12686,7.455198796338425
12687,8.39080306551303
12688,6.155419523600524
12689,4.6832480653759445
12690,8.987802061640268
12691,6.113493909765694
12692,8.310464541480957
12693,7.991939730956624
12694,5.428296677899731
12695,4.607737409098286
12696,4.5692218207414355
12697,4.00480543766428
12698,8.051173812851316
12699,6.323412013940624
12700,8.115973618188837
12701,5.520790577926677
12702,5.315567501174401
12703,5.810401333227503
12704,1.5264851194183349
12705,3.0830145421843143
12706,6.636090290817715
12707,2.655606153809979
12708,5.88362861876436
12709,8.0973210387731
12710,6.721685439532944
12711,1.7754755200602124
12712,5.297203941979411
12713,5.708723243959785
12714,4.114250906731435
12715,4.926981004253495
12716,7.581737718868965
12717,6.074841078240855
12718,5.312418079508843
12719,4.815101008030381
12720,6.247799007795307
12721,8.863756614996912
12722,4.633937649016766
12723,6.38220514127744
12724,8.424597347507977
12725,6.404574185157348
12726,7.266458452274023
12727,4.810543594285782
12728,8.338013378660582
12729,3.896388044842708
12730,7.443239202752667
12731,9.241691299896564
12732,5.567738916538527
12733,4.511642071037167
12734,6.758995547867304
12735,7.424087844809496
12736,5.961090800243635
12737,8.295877160553559
12738,8.096995910284669
12739,8.8022411413321
12740,5.0283343357622385
12741,1.9722689722659474
12742,5.85356296045941
12743,8.699027948073834
12744,6.399785950353688
12745,8.837411967518308
12746,4.07856469002401
12747,5.70886454709702
12748,6.104938959010328
12749,4.25891349581037
12750,4.754388961089373
12751,3.5808894741389956
12752,7.235884504683154
12753,7.860048144448646
12754,3.0039968959505545
12755,9.034073314529941
12756,7.361579182671816
12757,8.641994689741514
12758,5.3995856094194306
12759,6.587387194048304
12760,8.368219034980036
12761,3.7601694882595007
12762,8.873218672269243
12763,1.867559892808163
12764,4.786174679110931
12765,6.899322995300882
12766,8.208838027487872
12767,5.279106322422587
12768,5.462098327520698
12769,3.9556530142454283
12770,6.756635844420902
12771,6.63017989380165
12772,2.636523266994982
12773,1.3200516477135864
12774,7.823023924335644
12775,4.9992295485548714
12776,5.161983206344931
12777,6.952250229725976
12778,8.191340215182956
12779,7.933193935607644
12780,7.3859762104213145
12781,3.888435206136719
12782,4.682476139803484
12783,6.996995894657955
12784,6.360015804150981
12785,4.584950077935425
12786,6.90992002963397
12787,7.559690015943566
12788,4.125581458359645
12789,4.412549623995496
12790,8.739058789566261
12791,6.265183022293785
12792,8.628044627816129
12793,7.406259729875651
12794,6.679821563128326
12795,7.135188862381488
12796,8.337615787766856
12797,4.682410811000502
12798,7.529488036382466
12799,6.152780882538217
12800,3.220460284880169
12801,6.016984599632742
12802,8.90747379915203
12803,3.7865644662343962
12804,5.30552851412746
12805,3.0840164063885807
12806,8.438166966364268
12807,4.408154837875488
12808,4.553449726482105
12809,4.681370272966052
12810,5.786760381148055
12811,7.69746194833294
12812,9.28684878103067
12813,7.74205034488454
12814,7.9522040806035825
12815,7.305638673164111
12816,6.4048081834429755
12817,5.015175189411449
12818,9.314383863557753
12819,4.691121801270574
12820,8.60080887489569
12821,3.31685186222197
12822,5.761598273944016
12823,4.980283217136311
12824,9.72950162578884
12825,9.336242496575553
12826,8.66701381580757
12827,6.35896253225812
12828,6.473990584041358
12829,6.247042922528093
12830,9.14454704942604
12831,6.273887637929111
12832,5.273341382101895
12833,7.794528514750315
12834,7.467819037602711
12835,6.274880023525538
12836,9.003267222979854
12837,4.970231276736201
12838,6.711210888684843
12839,4.268859654628575
12840,8.60176942025803
12841,5.0971707931015455
12842,4.092236815532866
12843,6.869056175596258
12844,5.4695209501193
12845,1.716293625524285
12846,7.884691426985461
12847,4.096532124486751
12848,4.974524649850058
12849,7.555492984241109
12850,6.9173166341720655
12851,4.673852422864755
12852,5.655533161951971
12853,5.972156673067833
12854,2.8700674647578914
12855,5.702905604673041
12856,4.418848504874389
12857,4.557680393830186
12858,5.188393698221839
12859,4.976722116743771
12860,8.532039958533915
12861,7.070417728465959
12862,6.264576956662477
12863,8.9899235535405
12864,5.197007600561658
12865,6.483240099630203
12866,7.382505075247016
12867,4.445585522964624
12868,6.122223314473564
12869,8.70779187860052
12870,5.0594329754444205
12871,7.104631095008628
12872,4.537023855634612
12873,7.989472174633174
12874,5.24398648474522
12875,1.7846773617544138
12876,8.126676165598862
12877,4.725925392802832
12878,5.051078401268358
12879,9.024500945446992
12880,7.502067789298431
12881,9.47087612770329
12882,6.1827541165528235
12883,7.930023258105778
12884,3.8759073639422406
12885,7.940429224357639
12886,8.348250722705314
12887,6.735619299373888
12888,5.193320610488872
12889,8.594317295368837
12890,4.417987264118131
12891,8.481866182880955
12892,4.636888568882323
12893,6.877366054232583
12894,3.429928214228805
12895,5.496533248643916
12896,5.816377880937793
12897,3.2551942704708505
12898,6.6149232317775715
12899,8.304990885710005
12900,1.691646838394264
12901,7.5112005277912415
12902,6.434077375337965
12903,7.336822279655444
12904,4.75417265918534
12905,9.463903335882208
12906,6.745095180715242
12907,2.0655015562112258
12908,6.596496443742751
12909,3.6761927848789435
12910,9.00673120807715
12911,5.679690687154688
12912,3.1088814772669693
12913,6.942747222416131
12914,4.579228171392301
12915,5.17794364275791
12916,6.905832081266469
12917,7.774561730336835
12918,3.4677241008826063
12919,7.093260033685677
12920,6.422716185266022
12921,4.771838549440304
12922,6.761709856385562
12923,5.688284422856595
12924,6.755058591171219
12925,2.4475940225387816
12926,5.234743305886592
12927,6.071484202540078
12928,6.554273373714587
12929,8.431023470810377
12930,4.231064542836777
12931,5.1198300191417285
12932,8.424679003751045
12933,8.233384308577635
12934,4.6665620166386494
12935,7.7615142496580845
12936,4.7742784524095665
12937,8.351396781574978
12938,8.244069137864349
12939,6.959045564941917
12940,9.636048386587783
12941,4.155557667404851
12942,3.903502058347552
12943,8.918884092517892
12944,6.565958631583815
12945,6.008531515035614
12946,6.994815998380255
12947,5.501536024792061
12948,4.793620268128282
12949,9.106105956995993
12950,6.6035287893297205
12951,2.5803622974644327
12952,5.746444962653061
12953,6.188547938443768
12954,8.96220327486107
12955,1.9995579519259667
12956,5.373955760388036
12957,6.045139352173874
12958,8.849982875887392
12959,3.583157211114192
12960,2.1903740335824753
12961,6.456863523442914
12962,5.359951425958803
12963,4.8802920465725945
12964,7.825454490956442
12965,4.564328470513903
12966,2.843947004348676
12967,5.350378047994994
12968,4.945589671067013
12969,4.837710140095736
12970,6.220837237207359
12971,4.633137277286696
12972,5.566449441253308
12973,7.059425790109637
12974,2.936972753196022
12975,5.55005134607288
12976,7.473866076860912
12977,3.1024361985448876
12978,8.463741065282044
12979,8.161610806389714
12980,4.797281154775928
12981,2.8998289786696763
12982,9.88806445252981
12983,6.515884316056452
12984,5.1155095433074305
12985,2.8609059676746833
12986,7.844962088545372
12987,8.388533373437873
12988,7.3933249608839535
12989,4.350953886628779
12990,5.842514117996199
12991,4.337492046465382
12992,5.330127784270034
12993,4.028883862997568
12994,7.128453002971293
12995,6.551025236900699
12996,4.64415573228921
12997,7.289995581113308
12998,6.503803762389335
12999,6.186998986426808
13000,4.5473955345822725
13001,7.7321402596110795
13002,9.629341512279053
13003,4.956412991432442
13004,9.09023514889363
13005,1.1694116605975085
13006,3.796144343656995
13007,5.292641369699943
13008,4.411635926514199
13009,8.664729589078332
13010,4.8865761878627785
13011,7.455210223574662
13012,8.162036132150796
13013,5.197834165149716
13014,5.476666745269821
13015,6.176099159851278
13016,6.7386437352451924
13017,5.9314452774138555
13018,2.4635679215058572
13019,4.554907839779847
13020,4.849746089847656
13021,7.153176904146379
13022,8.917838647892356
13023,5.988502231874521
13024,5.2306816170932136
13025,5.856319566512125
13026,5.202174225860544
13027,7.5554559496576115
13028,7.942245311852516
13029,4.6526527190561024
13030,4.874485540189419
13031,4.6939972694177365
13032,3.1969898413728126
13033,6.79635745893873
13034,4.401839557347637
13035,7.662640421763487
13036,7.2599130608001055
13037,5.292354894557322
13038,7.168314160023656
13039,6.399338780276213
13040,5.044939670799352
13041,3.193194676508992
13042,3.6197957177650304
13043,1.542272509239333
13044,5.4796093235959
13045,5.274719512737418
13046,5.023139586067183
13047,8.743034232447773
13048,7.762433189141395
13049,6.9444898851784895
13050,8.467695943203159
13051,4.195572474431114
13052,6.676949200855082
13053,6.954738222840282
13054,8.969112384983688
13055,5.21097884522948
13056,3.590661973634798
13057,1.9457665157910546
13058,6.522738666702878
13059,6.052623545692324
13060,6.20383541375176
13061,4.506331039661423
13062,7.2093482005280825
13063,9.326882922116852
13064,1.8103485161346113
13065,4.447767234251504
13066,6.979677235679584
13067,9.031658992152867
13068,7.467678805690136
13069,7.462695121485272
13070,4.522064380389021
13071,4.8277597364476925
13072,6.049500259238593
13073,6.530366838644596
13074,3.759060899225792
13075,3.477562936014117
13076,4.746838479966538
13077,5.850350469229264
13078,6.3327935490360945
13079,4.161977757137524
13080,7.706707444306833
13081,6.041894750326496
13082,4.273218786908917
13083,3.330932645457066
13084,5.151188535663678
13085,4.345067943235589
13086,5.795129803012763
13087,3.263440018280539
13088,3.3879443903973137
13089,9.436516860831189
13090,7.920875931855095
13091,8.138303251223931
13092,7.526973362901389
13093,6.0132142855596555
13094,3.0596749165174058
13095,5.514354593370947
13096,6.035753902812565
13097,4.065662129946433
13098,6.42014036305681
13099,8.505843152589055
13100,4.194514031720449
13101,5.784875832923621
13102,1.1524114780118166
13103,7.126808140102051
13104,6.7781307654853915
13105,6.973602295268875
13106,6.334812138176952
13107,3.7555871704477095
13108,8.686315617852186
13109,5.617957307825787
13110,4.601562272187862
13111,5.681599860546363
13112,7.5328766429698115
13113,5.993858177045962
13114,8.700455811375969
13115,6.420395266215305
13116,8.002396159397607
13117,1.7953848059591553
13118,9.830065045420532
13119,6.513095729113979
13120,2.9336323984877346
13121,5.628449046584892
13122,6.893162490701447
13123,5.707008396713354
13124,4.146932724972126
13125,5.276637956865764
13126,4.504328421593484
13127,2.40146949041187
13128,7.805240148869296
13129,4.5215166703708585
13130,7.420762889739868
13131,2.327646717228877
13132,5.898287947487521
13133,5.19676320686154
13134,7.262734500861633
13135,5.024444501344455
13136,2.3910292163008133
13137,7.161396628845224
13138,6.831795564664718
13139,4.847700326239274
13140,9.01234041152558
13141,6.724150751265324
13142,4.448381234966922
13143,8.212442520202012
13144,7.759111657013103
13145,6.214700975441053
13146,7.337577956236297
13147,6.352133683846493
13148,6.568050052489868
13149,7.559978254997354
13150,3.76019452723755
13151,2.867521436206382
13152,7.166669305113197
13153,3.449178053695005
13154,4.455761452284242
13155,7.191330568871542
13156,4.878138655785189
13157,4.592376962546615
13158,4.947671675065892
13159,6.692797936175452
13160,5.723007276679743
13161,9.888300002360701
13162,8.139055573403429
13163,4.535123961212885
13164,7.579374246482667
13165,3.293005890244531
13166,2.8769701468209936
13167,6.298796371231052
13168,3.669044679865679
13169,5.673253845763527
13170,7.526659593981835
13171,7.223519899678262
13172,6.27631117988788
13173,9.329734311023664
13174,6.6103651831258485
13175,4.420854079464281
13176,5.646139184269195
13177,7.732879228200456
13178,3.455699827187009
13179,8.608720502122459
13180,4.627084121462179
13181,3.565864082835831
13182,8.215308943942649
13183,5.686483775912242
13184,6.846503842873658
13185,7.404173740565395
13186,7.894619316731047
13187,7.291585063585674
13188,4.487127916525369
13189,4.56207150195754
13190,5.88550304648432
13191,3.193343540255892
13192,8.571558053310302
13193,7.676359088617474
13194,8.476611540695966
13195,6.0600437702026415
13196,5.6610876947235065
13197,6.295865602981549
13198,7.615428273415257
13199,6.3041870031663905
13200,8.93991863679935
13201,2.3164357205213495
13202,5.217239618637905
13203,6.795485916860763
13204,4.473759297430984
13205,6.271693294055666
13206,4.209938674438149
13207,3.527724342897588
13208,3.99889095843713
13209,2.5389701840394037
13210,2.951176984170715
13211,2.8594396674349127
13212,6.927644894963711
13213,6.856078376958292
13214,4.951845602521963
13215,2.7331934651379486
13216,6.11160927850691
13217,6.2993299687977835
13218,8.045693748027166
13219,5.989947661499894
13220,6.494448588263787
13221,6.438897307880286
13222,9.574011874010267
13223,4.94991943538787
13224,4.7946107608424295
13225,7.824807021291688
13226,5.913922711589679
13227,5.531320032905359
13228,8.566911844018948
13229,9.187788961380912
13230,6.3267031520658685
13231,4.203356517903589
13232,7.916432686782621
13233,0.0
13234,5.374216399130758
13235,6.709523420051546
13236,6.534574000254862
13237,7.198597924192139
13238,5.646523938201871
13239,5.286445916571895
13240,3.5570455567592782
13241,7.844779190135801
13242,4.933688828651682
13243,6.9491584968598845
13244,5.97024182898012
13245,5.183759308347393
13246,7.239154567882794
13247,8.346909757313309
13248,4.881850013892105
13249,4.700690685872985
13250,8.118718931859181
13251,5.361869977791683
13252,7.936275735427396
13253,5.704816666594837
13254,3.328952270225732
13255,5.75668744612755
13256,6.5764412016914875
13257,7.149417333553946
13258,8.200042214608859
13259,5.2278437042703665
13260,8.527955384806807
13261,9.50429310366064
13262,4.674391397128852
13263,6.528775434226514
13264,3.3344701494756523
13265,5.479601782764472
13266,6.488475730997582
13267,4.1149392296920215
13268,2.6976084396013436
13269,7.158945724213474
13270,7.67890584275825
13271,5.1345596117218815
13272,8.586433315357432
13273,7.904995816047835
13274,8.442796961267744
13275,8.127600166511366
13276,6.365770514190346
13277,6.873242881666853
13278,0.9645734597947287
13279,3.5708821462747986
13280,5.214321053326913
13281,6.493307801169264
13282,5.528854409380044
13283,5.389071240338032
13284,4.808648403618693
13285,7.280251174263768
13286,6.597367186910994
13287,6.919207475532402
13288,5.320726648559958
13289,6.993484386422683
13290,8.650290066324741
13291,2.6368322422901582
13292,4.7707635214538975
13293,4.032648061750638
13294,6.963998677919456
13295,7.770915894070043
13296,5.658873776739739
13297,5.984954219320363
13298,8.285787022655718
13299,5.768588701748214
13300,6.317086565179823
13301,6.370990836891132
13302,4.7041193900405025
13303,7.32242293255047
13304,6.089605712056397
13305,4.297167254642732
13306,5.807343865989553
13307,6.942586589699644
13308,4.584281685308668
13309,2.885219820247178
13310,3.0840272323637796
13311,5.609614086734178
13312,1.0314778850820008
13313,5.3483342249415555
13314,7.311848634088807
13315,9.116132221081708
13316,4.677213805694345
13317,3.2385202110682183
13318,5.2423310946775
13319,5.653953478285596
13320,4.875759745564045
13321,6.156737027658275
13322,7.356107308877331
13323,7.8761491904820575
13324,7.019349489554653
13325,3.299125034367231
13326,7.91780453096073
13327,7.164146985615313
13328,6.619625942331728
13329,7.413607298749477
13330,6.904263421360913
13331,6.169232799111659
13332,1.8832432679676345
13333,5.309088613377609
13334,2.6330850819416147
13335,9.982965948590584
13336,1.7029604334458472
13337,6.997849698175187
13338,8.515483500229877
13339,8.713802771908695
13340,7.982029276679104
13341,9.205321189351414
13342,5.599217742696797
13343,6.155425671467768
13344,2.7463807478753424
13345,3.4818626286506418
13346,3.359200098150092
13347,8.889715102426832
13348,4.039658875431592
13349,2.868528066774534
13350,3.2460998349571306
13351,2.3573036553276387
13352,5.5749005978997905
13353,8.13439978264366
13354,8.182025542694358
13355,2.9136222213132235
13356,7.252728656239826
13357,3.9059458104390448
13358,8.041531019190451
13359,5.553656519732111
13360,8.436346832671079
13361,6.927439925233831
13362,4.3040855633632855
13363,6.998943251030058
13364,5.169554697294863
13365,8.501221467406877
13366,8.440863235111268
13367,5.032945656186265
13368,5.609145871879637
13369,6.80112082892379
13370,4.402840832519166
13371,3.2844763535320385
13372,3.734786399740713
13373,8.221824326200558
13374,6.664360419144112
13375,4.193409809871429
13376,4.94461018094843
13377,6.567077169167235
13378,8.872837038148647
13379,5.3189224215502735
13380,2.3362376253363326
13381,8.695655489404293
13382,4.056949458016428
13383,7.414804466491113
13384,3.465413651371808
13385,7.727403577847214
13386,3.084127770069261
13387,2.799864433411549
13388,6.171079066894526
13389,6.169087865790691
13390,8.618231781205413
13391,6.756452908929785
13392,8.282910972499833
13393,5.296420022336388
13394,4.784670596546897
13395,9.048412476026416
13396,8.957503632647192
13397,8.159624356527816
13398,4.75340381658263
13399,6.975758797004255
13400,7.847142017670915
13401,6.120142998370582
13402,4.016099825508606
13403,8.537246683812747
13404,5.92571054175324
13405,10.0
13406,4.12164299309586
13407,3.1536822279178303
13408,3.627820575629985
13409,7.763170133115539
13410,9.360821471138113
13411,5.780102172651399
13412,6.12424212199951
13413,8.606708698075744
13414,5.434827544003096
13415,7.117110092366881
13416,8.466608338496588
13417,6.062490364836565
13418,6.580591186487764
13419,7.040750381224807
13420,6.895356617827914
13421,4.941199988592521
13422,4.8811402462140965
13423,6.3479413532189
13424,8.575470028621234
13425,6.6296133828949575
13426,5.67713276414901
13427,6.418494567364595
13428,5.339442468081774
13429,3.9430315549380053
13430,3.775121207542495
13431,7.917084771618362
13432,7.600024729305943
13433,5.06492426745759
13434,5.769610970023736
13435,6.104902594414469
13436,8.88440507814071
13437,1.6870598917252866
13438,3.208328711685528
13439,9.956279950238429
13440,8.088371028693619
13441,4.395655297590029
13442,6.84188684998911
13443,5.666494175684713
13444,5.959110562809917
13445,6.700020000598858
13446,9.151301460052766
13447,2.151118622399106
13448,2.759590679140306
13449,5.59393235140571
13450,7.568455725831818
13451,5.610196750620304
13452,7.675647398789103
13453,5.202620905181926
13454,8.324018041882221
13455,5.052352200438653
13456,2.5485086461129596
13457,8.092988615189892
13458,8.096360641524472
13459,7.37261313683229
13460,6.357886579439611
13461,5.027674520318591
13462,4.600791639123455
13463,2.8590082488763926
13464,4.181536655734973
13465,1.1512883420718518
13466,7.995905061558861
13467,4.108569907446691
13468,6.885877759762058
13469,4.918849424392767
13470,6.871551353107863
13471,5.262704005797222
13472,3.8488849284857976
13473,7.356083248709713
13474,4.947351620648101
13475,7.373079171018308
13476,6.702424998551493
13477,3.8993420777005845
13478,3.3389287396125105
13479,5.13888848248719
13480,6.4583716703469
13481,4.856657398628464
13482,7.53090340777478
13483,7.6171622045146785
13484,5.98057343209908
13485,7.188164591401961
13486,5.729539532065083
13487,5.164206271230507
13488,3.2147770473310753
13489,2.5774677091750506
13490,4.388944698728229
13491,6.006277728625561
13492,6.312632745993545
13493,7.653486387862177
13494,4.1162253891659075
13495,4.66559501527666
13496,4.888197795136803
13497,5.804547391573748
13498,6.4152179476058855
13499,7.5391666076582515
13500,4.694841425808539
13501,6.778866270670655
13502,4.841575540812725
13503,7.0544995820648495
13504,8.503950185849675
13505,4.6472922799498795
13506,9.184845302998788
13507,3.3949431855304724
13508,3.394511373596267
13509,8.386241879903261
13510,7.94306619297247
13511,3.890913827701123
13512,7.080113521963233
13513,2.3532489445660407
13514,8.486464015660946
13515,7.679877785874876
13516,4.309856865235155
13517,5.997227526436283
13518,8.893226502464044
13519,8.669263503039101
13520,5.968432187154806
13521,5.578445243073955
13522,4.397062771387167
13523,3.79134812451745
13524,6.282786013779474
13525,6.033263377265206
13526,3.150260308355554
13527,4.13910297758736
13528,9.394211695907398
13529,7.268846994375888
13530,1.85343497633529
13531,6.4581713643207115
13532,7.0127931386904425
13533,2.63373259416138
13534,6.084016928132109
13535,2.9308476013427596
13536,5.026780190587383
13537,4.683661444682819
13538,6.413143822017134
13539,4.134022433424931
13540,4.845564888043807
13541,8.693069111535234
13542,3.3697631972105615
13543,5.281992172971129
13544,5.420544240632966
13545,7.820133801529643
13546,7.720576626967517
13547,8.413134787585182
13548,4.177947001666903
13549,2.7269457171942317
13550,4.930154659384805
13551,7.506987675484538
13552,6.525318983461662
13553,6.857598956465432
13554,4.417172473834057
13555,6.7805484544008205
13556,6.336644060419883
13557,9.917742069552274
13558,7.007384472669823
13559,9.238262234586612
13560,5.736984930041918
13561,4.47380697602784
13562,5.205905772523726
13563,6.828071583720169
13564,6.626382323130105
13565,6.32878053111568
13566,4.399172461120751
13567,5.530052386180406
13568,5.444720271774889
13569,2.4832201919959798
13570,5.041808870605973
13571,6.34486349466917
13572,7.0839128712321715
13573,7.316502704976448
13574,9.159094640463408
13575,7.911956438281868
13576,6.041303059635185
13577,8.97435698790261
13578,2.4038979950509223
13579,4.243609849891941
13580,3.646185339059524
13581,6.038057060721323
13582,4.639482410113106
13583,7.827884652566926
13584,7.0053306198860295
13585,8.524619016077914
13586,3.25515760068959
13587,8.010613929001394
13588,1.0413780566266388
13589,8.590979505919607
13590,5.590703470831824
13591,6.0559817340378626
13592,8.865169984854784
13593,6.183780766442151
13594,5.5910744734979305
13595,5.467169838606521
13596,8.444420200599435
13597,5.246869778043127
13598,6.643537869868339
13599,1.4617999112992208
13600,8.89819421830755
13601,4.798092888765343
13602,9.395067701378924
13603,3.4035804867099797
13604,7.665101975443667
13605,8.343771390330444
13606,5.907954340494609
13607,4.75872655621997
13608,1.3843800776649304
13609,3.6961886426365647
13610,6.2853358756723505
13611,5.36901650887066
13612,9.570819869428936
13613,2.101332140207953
13614,4.903849836711271
13615,4.640160093374778
13616,4.442312153813275
13617,7.224576830334646
13618,7.987792107681422
13619,5.746403720002489
13620,3.504049880960704
13621,1.844610602779265
13622,6.236652051310203
13623,6.340122915070952
13624,10.0
13625,5.336639962355947
13626,6.185158906279302
13627,9.569870326896378
13628,5.11821326108053
13629,3.6054125025904487
13630,3.9228158941762374
13631,8.014110260400946
13632,5.120901061116597
13633,4.795127763348054
13634,6.888592651171853
13635,3.8360482369533653
13636,6.163833239757748
13637,7.3430144774423844
13638,4.732906702431535
13639,5.118272842431756
13640,5.611958959466962
13641,7.390888776749035
13642,7.314734442899933
13643,7.168516082885072
13644,3.2658716735988467
13645,3.8216475294979864
13646,9.337479675212297
13647,3.785133722589198
13648,9.108796324512557
13649,4.985022264619826
13650,5.476185625292328
13651,7.419052927473419
13652,6.5045569234595835
13653,6.641411036126006
13654,5.764484661867499
13655,6.460317729379778
13656,4.697237710452104
13657,4.132678346583681
13658,2.811132582827097
13659,4.962699358731355
13660,7.742206187849405
13661,7.530181354088798
13662,4.7023453041997865
13663,5.058312301644876
13664,7.168322106113464
13665,7.193099782315329
13666,6.6959553930883775
13667,7.002748506324044
13668,7.060470646954738
13669,3.0097925220286266
13670,8.288612149928257
13671,6.460590793022959
13672,8.728173658880197
13673,7.107373319256279
13674,5.290530616451866
13675,5.891585077129666
13676,7.39556993693807
13677,8.663855922097556
13678,6.635181316437897
13679,3.5467857533338254
13680,5.2200806781963465
13681,5.608967968582536
13682,5.120360539141324
13683,7.622794298869815
13684,5.539207402798619
13685,6.6196830838104415
13686,5.753165888900299
13687,7.380613318403324
13688,7.024115857916053
13689,7.499303765361174
13690,7.534462213636614
13691,8.889056458260116
13692,4.400089454726949
13693,7.217025122723585
13694,5.031744654774872
13695,6.1713127845167115
13696,7.914178086620533
13697,8.101849425585906
13698,5.323598303162665
13699,6.234320977895914
13700,5.256868954890425
13701,3.7381956229273228
13702,4.61519298455073
13703,5.928777749453706
13704,3.295436628531343
13705,4.48187331466479
13706,8.31392033687684
13707,5.875913122887786
13708,7.489467805362524
13709,8.671423464764567
13710,5.612248997220929
13711,6.808432940257207
13712,5.166234294617808
13713,6.51028243380242
13714,4.987561733911015
13715,6.5778926423170665
13716,6.13381136637913
13717,2.3166931058403746
13718,4.228691547142932
13719,7.02872163606088
13720,8.127836190053904
13721,9.08729436237071
13722,4.954540051939845
13723,3.3812866924430725
13724,6.860565473200091
13725,6.166672203008233
13726,1.6297702146029083
13727,6.616214287764512
13728,4.243628044116651
13729,6.886738457583524
13730,8.488194866358366
13731,6.571228791550549
13732,4.167560384686507
13733,8.833184551171097
13734,2.5390155471011746
13735,5.2936551285577265
13736,8.266017433822784
13737,3.621561344960917
13738,5.338363482566805
13739,5.596331248793223
13740,9.50284346920799
13741,5.728087804218382
13742,6.791384173955479
13743,7.7182156884252535
13744,5.8764265650189
13745,8.393396117012735
13746,6.628810534900868
13747,9.182034785496114
13748,6.0840115783750015
13749,5.259504182087788
13750,6.260695101801456
13751,7.66162255876833
13752,5.375758041971973
13753,8.576311102350514
13754,5.373187255350923
13755,5.923839307222841
13756,5.279183475530795
13757,6.838304761425486
13758,5.274389627545181
13759,7.198648246883151
13760,8.59169944796417
13761,9.31171882328599
13762,4.848149135174788
13763,6.7420549972375206
13764,5.8988501334754915
13765,4.210322824402857
13766,7.828944095893729
13767,4.112379923173195
13768,5.275122813067348
13769,4.350910700532359
13770,6.4403273038933495
13771,1.037371167566771
13772,7.048821775753959
13773,8.227208805311994
13774,9.31501092364026
13775,4.7012477496348675
13776,3.3371607979973223
13777,6.886127755174533
13778,7.735909048286116
13779,7.496549998387563
13780,7.6001263409411495
13781,6.028761894264807
13782,7.6990898908662135
13783,6.595075922664014
13784,9.406875153732742
13785,3.561391328866258
13786,7.322276534905133
13787,7.039742000554721
13788,6.021201754516547
13789,6.168533736016959
13790,5.342634611994085
13791,4.889696331379287
13792,7.206255636878556
13793,5.430555834942929
13794,5.00187436297917
13795,5.014145404833726
13796,5.16158894576121
13797,4.54430155395413
13798,6.48038939138961
13799,7.227069712310151
13800,4.76864177663169
13801,3.7193010524079013
13802,5.789647339934072
13803,2.3087760434834146
13804,4.183885976355306
13805,2.9569616357540567
13806,8.327646355616878
13807,4.174655257570102
13808,5.415799621084169
13809,4.3180240805450385
13810,6.75072574740725
13811,5.630920538678874
13812,7.201646049915602
13813,8.19162597663361
13814,8.375944783706627
13815,4.498137843030172
13816,8.471451077013132
13817,3.581844148384951
13818,6.423703328177698
13819,4.992318468288525
13820,8.471896516268515
13821,9.240215288380313
13822,7.173171581796957
13823,6.631647327670491
13824,6.3040727174872035
13825,6.686348611812512
13826,5.3287448163209055
13827,4.8539076318374
13828,6.117436559327269
13829,7.809928583849479
13830,3.7869882340406376
13831,7.809734737389402
13832,7.716370765718212
13833,8.183173194703564
13834,6.242375071549214
13835,3.10360435816405
13836,4.685190993223245
13837,5.793599528685933
13838,8.518692708897753
13839,5.855972246584462
13840,5.565066658966407
13841,7.937000372655164
13842,8.275144657421023
13843,8.52532224942738
13844,8.969778325594536
13845,9.635002078020568
13846,2.1700515233288566
13847,6.542374619633962
13848,6.508967954092531
13849,4.908721888056635
13850,4.367477470706296
13851,2.295011074356699
13852,4.867814954560234
13853,9.732296237712983
13854,5.239576601758946
13855,6.9944263618814855
13856,3.489287521396702
13857,7.344449576448653
13858,5.590594383538727
13859,7.614494232206954
13860,8.991765375732278
13861,5.598647030978493
13862,4.663790847445697
13863,8.946742032722822
13864,6.987637265763588
13865,5.657491300254705
13866,6.76217702167577
13867,4.175102507957844
13868,5.096227693089173
13869,8.209226196691194
13870,8.59019073555742
13871,9.18657799226676
13872,5.969565692176388
13873,9.486465755040252
13874,7.436983801156504
13875,9.228804153330298
13876,6.86827544533238
13877,6.244281842263963
13878,6.241179968402291
13879,5.502959846671959
13880,7.923232059262128
13881,5.756242518848573
13882,5.713149044243893
13883,7.835183890278297
13884,6.1461793626231955
13885,3.4456496781658443
13886,6.256297249819488
13887,7.3547493610754255
13888,8.30751614648729
13889,8.238090915994997
13890,3.105813361034282
13891,7.440105833720877
13892,6.388533997489635
13893,9.4109593877109
13894,7.101087822605166
13895,6.503156510633058
13896,5.872204083146114
13897,6.777867205087791
13898,5.044276680886485
13899,7.335864667550259
13900,7.089788131515425
13901,6.698436719308495
13902,2.542323348349329
13903,7.2387949601458725
13904,3.0992030357214198
13905,5.560859049299369
13906,5.925641089469643
13907,5.616879511678426
13908,7.264906526109394
13909,7.70201579222431
13910,6.706150822923702
13911,8.100970213921972
13912,2.481223550751885
13913,7.296747609869698
13914,0.7435578511598542
13915,5.859908984017365
13916,7.417597642001044
13917,7.995233891305503
13918,8.006438069432958
13919,7.437487176830893
13920,6.243568398098752
13921,2.66242971372775
13922,5.604586656929223
13923,8.61690995195989
13924,7.053975289643139
13925,5.500481251372327
13926,7.631750958019331
13927,8.421015452845669
13928,6.7953258743099685
13929,6.7102123666532005
13930,6.371544997295938
13931,6.923174998486458
13932,6.818339751470052
13933,6.252824729938166
13934,7.420132446810124
13935,2.9879621962672624
13936,7.3541896751298585
13937,4.225391084582156
13938,2.5067753626575184
13939,7.124729744373479
13940,6.704247619343996
13941,4.458480088990506
13942,3.820729404906234
13943,5.4715597651367425
13944,6.8757249484874485
13945,6.658384642538151
13946,6.368008469288731
13947,4.668667550317566
13948,8.380490624252465
13949,1.7623692706942014
13950,7.44191530717352
13951,7.0796478717349025
13952,4.539698879307364
13953,5.111161985156357
13954,8.208242481704296
13955,4.063013009017995
13956,1.881035273331225
13957,1.5338085774754888
13958,8.329545095542098
13959,6.25370847363542
13960,5.431185650360252
13961,7.114003014792394
13962,5.724873441404214
13963,8.331795381030915
13964,5.415308115894026
13965,4.747848157937672
13966,5.10961082851099
13967,4.47845424008688
13968,5.98635503128453
13969,5.511024000442676
13970,9.341357965575204
13971,6.032828358324096
13972,8.885931822109452
13973,5.410636062589813
13974,1.2964408625381558
13975,6.457984724472004
13976,7.386548430777804
13977,6.380074049429132
13978,7.159885952696697
13979,6.776758664495529
13980,8.5246869195729
13981,6.664954225687911
13982,4.984899606572132
13983,4.839916255832389
13984,3.1634034716089436
13985,7.501302235150126
13986,8.006986669197008
13987,7.4051729582880395
13988,5.897171013973207
13989,6.517479454932442
13990,1.8226184141418158
13991,5.218725964479708
13992,7.019326841580891
13993,6.721284685334853
13994,3.3005296322791766
13995,8.267144405449477
13996,5.969313937628293
13997,6.837264042470698
13998,7.203095453096955
13999,4.376304881934843
14000,7.544463122498922
14001,9.272723535615503
14002,5.181633753037808
14003,8.970063300660827
14004,7.636055506821389
14005,7.080644363773761
14006,2.8651234728421535
14007,7.905024319765164
14008,6.8178015242251755
14009,3.4939632086422936
14010,8.509965143437956
14011,2.984758245027844
14012,3.4539256752592715
14013,6.606734006305199
14014,4.020059884978643
14015,3.0954434606942045
14016,5.339972068430695
14017,6.179488687543639
14018,5.958938168718664
14019,8.750035240488776
14020,9.011765978471242
14021,8.409240281361386
14022,7.0162691148807355
14023,7.182954385480636
14024,5.157015216425382
14025,1.2884296726902753
14026,6.035337189540423
14027,8.502317702910423
14028,6.114534318040187
14029,5.930368210856026
14030,4.770149088474681
14031,2.0535393247211546
14032,4.562778619277986
14033,5.65990053436527
14034,8.100429549554612
14035,4.1833800519029785
14036,8.611185452976095
14037,7.4623855228236255
14038,5.767826365788656
14039,7.653403273965164
14040,8.415898409368522
14041,4.790711292348405
14042,5.298048287359342
14043,6.244448127432765
14044,2.9282586336604077
14045,4.059425038543583
14046,5.189602841772187
14047,4.1659745498214
14048,8.3726765152497
14049,6.367333635728676
14050,4.57018947193788
14051,7.5214335090074025
14052,6.013639721301518
14053,3.2852123367188044
14054,9.247726870895297
14055,7.306183086200343
14056,6.843361981654409
14057,5.169665216376631
14058,4.8944975575389735
14059,4.362554879338889
14060,1.1599972972447272
14061,3.944691145178667
14062,4.59079929715461
14063,4.361558294231154
14064,2.2814435468478242
14065,1.259534574246821
14066,9.135466925335214
14067,1.833313863308786
14068,4.557268321580892
14069,6.355197188656934
14070,6.848510334993785
14071,4.698117656126611
14072,4.798623972477826
14073,8.361430463593456
14074,5.397887824130086
14075,4.950957329304484
14076,7.093539080784205
14077,3.5837959788718106
14078,7.348447508167856
14079,6.170227517216966
14080,3.9768266080321264
14081,7.7681585732324905
14082,5.994238996430742
14083,5.089539073514276
14084,2.13430141611739
14085,5.873639635157829
14086,5.6523034998366235
14087,8.298118846280042
14088,6.201236037214763
14089,6.2041701219595184
14090,2.1738811808748295
14091,7.147423167343007
14092,5.662691649402076
14093,2.695066604276513
14094,4.311483706993559
14095,7.201003812829382
14096,7.680734706167846
14097,6.139985883179762
14098,7.298134747601715
14099,7.656042187949441
14100,7.359147162971408
14101,4.636076510949524
14102,4.42856711159217
14103,7.654807480490651
14104,6.492789469968566
14105,5.477835911305473
14106,5.681158532362707
14107,5.827800553167804
14108,4.976888026050071
14109,7.36870359093104
14110,4.444818741947448
14111,1.9106187133407078
14112,5.805670764323985
14113,5.095145180087879
14114,9.995339167856812
14115,6.3014528737980315
14116,6.368920923361566
14117,8.343603056955951
14118,6.953088330452412
14119,6.340234618634301
14120,6.219771992339455
14121,3.8124744060217237
14122,3.8912912230501036
14123,4.8416367367378585
14124,5.4133227232958205
14125,8.213408211519893
14126,6.972464247190183
14127,8.235699134671277
14128,4.91383255949296
14129,3.2303181370535548
14130,4.109036119350882
14131,5.9338606421294315
14132,7.361129519204068
14133,9.839991212325742
14134,6.6240894132554455
14135,6.271753912224176
14136,6.594422444763888
14137,6.583446385178301
14138,4.394624126934332
14139,7.741503359293339
14140,8.78401594920456
14141,7.409543655090438
14142,6.397865940401517
14143,6.1890594665830925
14144,6.430243835064319
14145,8.120325000590096
14146,4.249592973204008
14147,4.845360038990461
14148,7.862710717506086
14149,9.651540257968525
14150,3.4934243632475424
14151,5.196907763884598
14152,3.0525445645226763
14153,9.578163938098005
14154,6.431879269274065
14155,7.451422035102798
14156,7.7453247391039595
14157,6.012162994965113
14158,7.192395797692036
14159,5.337089430613751
14160,4.233986090612706
14161,7.012346005845677
14162,4.489393064360442
14163,5.093807329480036
14164,7.844526062583996
14165,6.348819693110209
14166,6.866355735970538
14167,8.954598845752374
14168,6.873852510471364
14169,9.348148537426477
14170,6.472923173067583
14171,2.197996759364002
14172,4.147185563881387
14173,6.694707158010123
14174,6.482417087220052
14175,5.152333157043699
14176,7.543077942374018
14177,8.409615357050974
14178,8.084320817645567
14179,7.098560847558094
14180,4.91716699683486
14181,8.868068809141018
14182,5.554135154961395
14183,7.7035290749980305
14184,8.557888598843062
14185,5.602852907666576
14186,6.47425507129684
14187,6.090627540713146
14188,7.080655969348385
14189,7.313287744015629
14190,6.1295228613345625
14191,8.240419664448305
14192,7.388121436946751
14193,7.32458007861248
14194,6.9807826202728105
14195,4.837117881568836
14196,7.003486308033732
14197,5.8572647149582515
14198,5.497661146658446
14199,5.314438779345719
14200,8.031278096567506
14201,4.0965294889640145
14202,4.463029650689513
14203,5.823144429768162
14204,2.8139620701008132
14205,8.477996649404092
14206,4.861591604101058
14207,4.833064042018528
14208,6.685807773415128
14209,8.837240818258838
14210,9.272537269966097
14211,6.400303934579398
14212,6.92791937306051
14213,8.343782725738016
14214,7.822001786619558
14215,2.361434896624936
14216,6.624582017134589
14217,9.004254410683105
14218,9.24087889170964
14219,5.36748287850725
14220,8.514273816909455
14221,2.843037496931931
14222,4.854979509367299
14223,5.301830005574247
14224,5.888714764393208
14225,7.432172246488095
14226,1.9789546223825858
14227,6.103129104424185
14228,6.652675298878439
14229,5.9630404743394685
14230,3.7941140914246
14231,5.0465098076443935
14232,7.306512814033598
14233,5.143407062736902
14234,5.745834514863505
14235,3.87536173872461
14236,3.6711276370337345
14237,3.9087744559584947
14238,7.256255359699999
14239,9.136306650139016
14240,4.46117269155191
14241,8.460677179598576
14242,5.1856390219927855
14243,3.700129368101431
14244,5.447639935214452
14245,5.5884865145256395
14246,7.327018267704575
14247,4.941710299540707
14248,6.544006321981607
14249,5.142248914744006
14250,9.061407805692165
14251,3.3064792750891616
14252,3.4841624837516645
14253,9.91937269899363
14254,6.8536318415744475
14255,8.144577046627349
14256,5.491540686734854
14257,4.623688068875487
14258,7.9490802390415904
14259,6.174676199139837
14260,1.6744352530215008
14261,7.499196746049364
14262,5.4186409787174075
14263,1.8703413364943033
14264,9.577987253604455
14265,5.734589980696993
14266,5.53842558395144
14267,5.618369474256452
14268,4.526470231228528
14269,7.43105298702855
14270,2.4914035088396056
14271,1.6422640080292963
14272,7.48210112269824
14273,7.343424332102723
14274,6.508606278317199
14275,1.917647288061309
14276,7.638416422510743
14277,8.438787459557743
14278,7.871026067730728
14279,7.155762478986991
14280,6.102143647780712
14281,5.1801709025593246
14282,1.7842187634664302
14283,4.519232881366297
14284,6.691231202505262
14285,3.7843053060740024
14286,4.713585468650294
14287,8.989867979018955
14288,5.2320805459080875
14289,8.117194123673011
14290,6.873454920232305
14291,5.795902228925304
14292,5.973642578094924
14293,7.707564534015871
14294,6.4000586260937204
14295,6.348145556942018
14296,6.001410559083602
14297,5.077663142864569
14298,4.648566451864094
14299,6.253792708137457
14300,8.404345805579588
14301,5.264565242996181
14302,6.6252900410654565
14303,6.749063251908092
14304,2.1445081022483885
14305,7.126005581960955
14306,3.2221159145368863
14307,8.30761231022467
14308,3.3212487039569307
14309,6.183668481915169
14310,3.739875035798729
14311,7.816419844994829
14312,4.4083916272530175
14313,7.6185875158179845
14314,3.225737442801247
14315,4.411927253707851
14316,2.6936838259664024
14317,7.759234637584702
14318,6.486843750923234
14319,5.813639007428861
14320,6.4368736846408225
14321,7.038649679286041
14322,6.0255579121332605
14323,4.564504182991936
14324,3.6974380702931615
14325,5.459214819366659
14326,9.557803103792834
14327,5.145175922665572
14328,5.52822876919599
14329,4.503518025644894
14330,7.056385924314386
14331,7.984252410932566
14332,8.53527445325937
14333,9.047865298794301
14334,9.68733688318116
14335,6.203292539918861
14336,5.591949455887114
14337,4.371471918551695
14338,6.693341509165434
14339,7.752935786805673
14340,8.7817173628769
14341,6.9718447737246265
14342,9.266829770099308
14343,7.300348220922123
14344,6.2046718046443825
14345,9.628888626673461
14346,5.730295186452362
14347,5.418830908420687
14348,6.584269703586065
14349,4.207695829946219
14350,6.978595703888441
14351,4.247608737227683
14352,8.325280332067955
14353,4.624155807730053
14354,8.496672550376076
14355,6.408110980166031
14356,7.5295293902459175
14357,8.34855824031442
14358,2.758370757693701
14359,7.053663332330698
14360,7.824104087816675
14361,8.341176960398151
14362,6.439787035279519
14363,4.741349771637876
14364,8.594327035552128
14365,2.9226250967174803
14366,5.699622803949614
14367,6.763033548752569
14368,5.226444208727042
14369,4.9095841319467155
14370,7.502996347158305
14371,4.389620087109407
14372,7.477917678618322
14373,7.572466764099184
14374,6.7621928877110555
14375,5.804497474264167
14376,2.0042440806296806
14377,5.930751211932124
14378,7.258826461416921
14379,3.782585061806734
14380,6.782344878795541
14381,8.862466248530032
14382,9.265091641152614
14383,7.585779236338002
14384,7.209206254903342
14385,9.456565861454916
14386,8.772415473737391
14387,7.1813488690209955
14388,6.943996216603509
14389,3.608262996979997
14390,6.068441885542476
14391,7.589513664206274
14392,7.38236937753819
14393,2.3134051740313715
14394,7.882926245388924
14395,8.696850996731794
14396,5.377927378202644
14397,7.130561309494523
14398,5.217447762352439
14399,5.480808261370347
14400,0.9326161343844419
14401,5.5421751338994785
14402,5.947817009018814
14403,7.995509351026513
14404,5.859297297146391
14405,9.20931170674872
14406,6.548034939614514
14407,8.108210632143024
14408,7.636255011146657
14409,6.474635204567484
14410,8.19653438037219
14411,7.7974297071514815
14412,6.546790618313727
14413,2.954610012661875
14414,7.438433880217221
14415,6.975705513154702
14416,5.775991451634205
14417,5.766624198555707
14418,3.486650530281583
14419,6.262082749817395
14420,5.3281793581112185
14421,8.260653535015626
14422,1.0041405053867825
14423,4.487690328954274
14424,3.139992400333397
14425,7.139016168324128
14426,8.284898291387753
14427,5.3978192958705575
14428,6.478613088088231
14429,5.704277479887423
14430,7.439606370500231
14431,3.707407359987548
14432,3.2018224847843477
14433,7.124177456888391
14434,5.398282860701179
14435,8.748539961729374
14436,8.098551033866748
14437,7.189846003960815
14438,6.906884816728038
14439,5.070990294588594
14440,5.929514939276783
14441,3.598748350293347
14442,2.819564874882823
14443,7.809179922183237
14444,5.73821047324426
14445,2.9194463747252835
14446,1.5044383369620933
14447,8.29857227250314
14448,8.275559339455713
14449,3.0632775372353516
14450,2.831594658567298
14451,6.532985565251632
14452,3.032762238102802
14453,5.1588064496122445
14454,8.253921624708553
14455,3.9310599950787366
14456,7.612813429421443
14457,6.8808469193988895
14458,7.229689508902856
14459,3.660654397123873
14460,3.9325658637212912
14461,9.044392361335328
14462,4.239660329178895
14463,9.845931908053377
14464,5.302805300567238
14465,7.265008911321512
14466,2.248389862886624
14467,3.553580097266499
14468,5.391369984018876
14469,6.632598609404896
14470,8.84291062411878
14471,5.054891304814632
14472,8.817099009358126
14473,4.6671221401987655
14474,5.2389212338286955
14475,8.977089092756579
14476,4.093658709689896
14477,4.5531005660119845
14478,5.929707620462747
14479,8.128855726642408
14480,4.8280703731929515
14481,4.562760816744452
14482,0.3834419752575931
14483,3.8336732321339717
14484,4.905729144104917
14485,9.327444192984801
14486,4.946234766025959
14487,9.35396623540498
14488,7.4687309691433725
14489,3.9951401993543136
14490,3.143633470112324
14491,5.670323786827247
14492,5.76938708606129
14493,6.307041349834889
14494,3.233360108428302
14495,1.9175372998734879
14496,1.9460396608946042
14497,3.9748737646328047
14498,3.8624570242925316
14499,9.48260439237899
14500,8.316966931219563
14501,6.377221414645215
14502,6.180797577818488
14503,1.3246411463234617
14504,4.68641771128065
14505,7.77861802202534
14506,5.061518968098325
14507,7.4299832286324605
14508,6.873234986788672
14509,7.888152848908803
14510,4.5790014827194225
14511,4.822915854115725
14512,6.085526339313479
14513,9.421550147223444
14514,6.04388563955221
14515,4.3131946087123225
14516,6.795305574317116
14517,4.2373170552054376
14518,3.3369323337147785
14519,6.149225955275398
14520,6.261250998336726
14521,8.268503789688893
14522,7.534419355148117
14523,2.3589835500399854
14524,2.3319161910372155
14525,3.200330556099042
14526,4.26754404825564
14527,6.854097906279129
14528,3.421001517076796
14529,5.563474820978748
14530,6.933906266973158
14531,9.262997936103888
14532,5.992561912936161
14533,8.279374900852085
14534,8.740587178774303
14535,3.355540656130881
14536,4.996085460205851
14537,8.57773383789183
14538,8.334296294090676
14539,7.211768752888772
14540,3.8357720677632434
14541,8.267488649880613
14542,7.695265056801246
14543,7.534567641265962
14544,8.316864738613326
14545,6.404945257778412
14546,3.801335633773628
14547,4.198089972292075
14548,4.8539784112854685
14549,7.4269533579007625
14550,5.292348359645509
14551,6.283307580662923
14552,2.120413663831505
14553,7.111430787297298
14554,8.212235715168282
14555,7.342920729864728
14556,7.114072799171321
14557,3.5184554834042308
14558,6.035398478845055
14559,6.00861184720997
14560,8.24958948272137
14561,6.635358499946807
14562,1.6903584172403048
14563,8.91733425199492
14564,6.151298323499724
14565,5.480476072797539
14566,6.737127277076725
14567,3.320881708161418
14568,3.3203559961372724
14569,6.180907476270431
14570,7.53381222131764
14571,4.048185526903751
14572,5.905558611845708
14573,8.287832317614003
14574,9.15854749449665
14575,5.527518660820322
14576,1.7116074680026045
14577,4.35011404091403
14578,5.914354761640599
14579,4.28525745545628
14580,7.496712529341335
14581,0.8241598219710065
14582,3.4686598413643606
14583,4.870099294339654
14584,4.790170995428482
14585,6.879033277441763
14586,5.273388031731571
14587,7.393259365212331
14588,4.117615567305817
14589,5.785715478638888
14590,8.684988340377654
14591,4.310687978243649
14592,5.448191905550085
14593,3.8793401200476585
14594,8.622313420056845
14595,2.1329181949649128
14596,2.640747093590639
14597,8.013802964648038
14598,3.4142430586813033
14599,8.9593749486361
14600,4.548820715843778
14601,5.748728582427527
14602,7.040259649140884
14603,6.785748262251281
14604,6.101722087522887
14605,6.353850472166798
14606,8.858543398179728
14607,8.301405529008385
14608,5.6205067743715285
14609,7.624612772871865
14610,4.555779693956973
14611,8.252357427722755
14612,7.66786019133273
14613,6.559293971058914
14614,4.451653112297075
14615,7.474059145253516
14616,4.01438409519411
14617,6.328725565800603
14618,6.518007549898894
14619,4.402964451762678
14620,4.584782186240416
14621,5.1732232497998965
14622,7.410244525681117
14623,9.423187818169168
14624,6.197265503879015
14625,8.385255751615585
14626,1.9391377498801838
14627,7.5751395160013
14628,7.589811951239962
14629,6.580252990424853
14630,5.828769584794477
14631,7.987472841984739
14632,3.4589733136270953
14633,4.487335779510909
14634,4.820746571327231
14635,5.454053731157737
14636,5.772954004062766
14637,3.1260185983314592
14638,6.117199772011281
14639,6.51046508400321
14640,4.8434181574845345
14641,5.617697600906747
14642,4.828913489118299
14643,5.581152854454217
14644,7.717464012242827
14645,0.9507938937138909
14646,5.467599377710572
14647,3.6539586625583302
14648,7.626555036483551
14649,1.6557084566419427
14650,7.648418883662139
14651,6.202300734441693
14652,5.81417946610839
14653,2.499674740235254
14654,4.30001460616429
14655,4.510056810908027
14656,6.385590931920356
14657,6.06663401476126
14658,5.521213320381319
14659,8.38703154106195
14660,9.404373368515706
14661,4.4756746236310505
14662,3.494288376674565
14663,6.793549959852335
14664,8.82930873006565
14665,7.680243182843087
14666,7.855924613896079
14667,2.5698549756580675
14668,8.529009608474016
14669,7.9392258284436465
14670,4.6754823021570955
14671,8.46711791919274
14672,8.879156316001465
14673,6.720508505512916
14674,6.099815833332611
14675,6.900675411509358
14676,4.767558299917027
14677,7.340836106162747
14678,1.130638374640018
14679,6.797254040377672
14680,6.627063200842278
14681,6.115525496334424
14682,4.814457722467952
14683,5.493011354061549
14684,3.5867303080113535
14685,6.27467573940827
14686,5.347254102048355
14687,8.22007865925208
14688,9.936320027804976
14689,4.766409406747234
14690,4.579588220632086
14691,4.316760088087089
14692,6.111521695927365
14693,5.268253917439656
14694,4.722703231731597
14695,8.439768342632572
14696,4.080477044443867
14697,2.4451608777500793
14698,8.628528681351344
14699,3.988212610994058
14700,5.123134206208528
14701,5.902353604035701
14702,7.120054283991652
14703,3.6993223358909235
14704,4.869051213633582
14705,2.299398856615688
14706,3.1495873738404736
14707,2.414529073815136
14708,6.140699554305312
14709,3.844049072853641
14710,4.530697442569641
14711,8.236806772468332
14712,4.996108971055554
14713,6.040234945976415
14714,6.238813327511384
14715,4.8413058891441825
14716,7.312616022480464
14717,4.433392620684737
14718,3.389515030794493
14719,5.882684340396132
14720,7.001348420140664
14721,6.375887515355826
14722,7.772354263215625
14723,4.403243547923828
14724,9.306498450237358
14725,6.081318968339117
14726,7.627157545270381
14727,8.646707553323733
14728,6.7931061231204115
14729,2.7577497298216334
14730,4.835310154417724
14731,5.742208716893282
14732,3.148291416574285
14733,5.13525081865964
14734,3.4514447020060985
14735,1.8028535448322585
14736,7.354782673217779
14737,7.9491122423447145
14738,4.139498462746435
14739,6.392527332080659
14740,3.229780674671044
14741,6.93401898222535
14742,8.262984602656138
14743,0.5876229909187733
14744,6.154566132244152
14745,7.205463254447059
14746,5.429253399874658
14747,9.079347697792317
14748,7.3190234253401085
14749,5.9331347240045105
14750,8.590594139306209
14751,4.212673369914624
14752,8.549839453410481
14753,4.715924194481826
14754,7.11668227800754
14755,5.021819731048012
14756,4.730233269284169
14757,5.400567834836698
14758,8.316966250581908
14759,4.380581992612391
14760,7.123931135307986
14761,7.165185572795032
14762,2.99716458898305
14763,8.008088198495345
14764,7.587012348614513
14765,3.0534058152358385
14766,1.65603561124539
14767,5.307464636659544
14768,5.700101833242183
14769,3.738119034528787
14770,7.5073204318124
14771,3.3142540981102506
14772,5.101582055333248
14773,5.914232439094887
14774,4.881503112662435
14775,6.058997505107314
14776,9.313402372990442
14777,5.8050392243902325
14778,4.815209643938677
14779,7.550136492476589
14780,4.828125112664627
14781,6.63895301063205
14782,7.5071129628354125
14783,6.932167233428278
14784,6.208424144367449
14785,7.689214099197577
14786,8.047645689016113
14787,6.542521825947253
14788,3.89535577994029
14789,6.167175570902266
14790,7.169602089036565
14791,7.536809850774313
14792,6.164561701204967
14793,1.9441782301390298
14794,2.1654353733724045
14795,8.573890379190894
14796,8.160954159241095
14797,7.638008001309489
14798,5.481300304116758
14799,4.839413479520819
14800,8.467430289889377
14801,3.136664090043863
14802,2.0102357998958054
14803,8.737749140770992
14804,5.179620409308228
14805,8.356351808425787
14806,7.268834180730323
14807,3.998256269178773
14808,8.432227112900941
14809,5.880026319958557
14810,7.0026298656846615
14811,7.234179987921097
14812,7.811034303206077
14813,2.148368818131991
14814,4.7247760524600295
14815,6.494359802987381
14816,5.186693364546624
14817,2.4060389467514964
14818,4.275653847503946
14819,5.023274459381832
14820,8.085197557844001
14821,4.501766442219279
14822,8.064188210718287
14823,5.414957641641665
14824,5.026038505227657
14825,5.059791794440185
14826,4.331838681167325
14827,5.799051470251034
14828,5.194372308885882
14829,7.607979187853879
14830,4.600525396805861
14831,7.756311038831875
14832,5.96215012849536
14833,8.305455661129905
14834,4.060331425939706
14835,7.467148684140112
14836,5.998304377838538
14837,5.957667322381369
14838,5.274448152385434
14839,4.462006684550924
14840,4.532112322996164
14841,4.288784775533274
14842,7.889012133055891
14843,6.469643661462175
14844,2.2027672140474386
14845,7.062269690465444
14846,8.44337924162779
14847,5.78736998608475
14848,5.594921872003294
14849,5.433400838384046
14850,5.969084047113668
14851,8.709423491441887
14852,2.163230122846365
14853,7.172778558655218
14854,8.312519387450234
14855,2.775962194526766
14856,5.702219224994462
14857,4.29519364776827
14858,4.91313511046428
14859,3.7257099205984323
14860,2.3737286132912887
14861,6.674769968729192
14862,1.027914229886228
14863,7.735325948145585
14864,6.329025678199307
14865,7.229707126416984
14866,7.073571533751487
14867,4.475498695488966
14868,5.93954421757512
14869,3.3358171310348133
14870,4.073286077339599
14871,7.05100821242798
14872,5.3858058050987
14873,6.865390269924532
14874,6.912076596556533
14875,2.327961891269833
14876,3.6203254233725053
14877,5.956182897067732
14878,6.787400302162201
14879,8.90293678020231
14880,2.2846501233821748
14881,6.684164748738608
14882,5.2245975797973205
14883,7.215497742395433
14884,4.15938603787884
14885,4.698139783185839
14886,6.594174149108725
14887,4.993596764926285
14888,7.453082065428482
14889,8.033347768460061
14890,3.0277983917141924
14891,7.244606175326837
14892,4.835709012011015
14893,5.2809836246805935
14894,4.910797068991908
14895,8.098881533736993
14896,3.3242944568264563
14897,5.720318066676061
14898,4.587915155273361
14899,4.527214765678144
14900,4.051372163409578
14901,9.720922619555369
14902,6.9612690374643975
14903,6.724470444631468
14904,6.698522923785019
14905,5.009395595680196
14906,8.533355302334241
14907,4.636637079035602
14908,6.053154285232911
14909,6.983712968429878
14910,5.345437639456174
14911,7.1849940545224715
14912,4.829083142444497
14913,8.745820304645957
14914,5.789004439978912
14915,7.6138476254097025
14916,5.576435144221062
14917,6.889911529033848
14918,1.601447020808215
14919,4.826570519585931
14920,4.902589735107867
14921,1.0083442019194409
14922,6.148464091780522
14923,6.0864957569977385
14924,6.268799591701892
14925,6.853821137013938
14926,3.116668165670494
14927,4.32746084935355
14928,6.566756265452474
14929,7.551317013652119
14930,4.5224641180794745
14931,7.600186246693928
14932,5.423832757829959
14933,9.666729417608481
14934,8.576151629929566
14935,4.611707822568358
14936,7.8781963229102
14937,5.747394000953897
14938,4.927905707894762
14939,8.44841084661634
14940,8.144767832857108
14941,7.334451181467783
14942,7.828208962879051
14943,8.53271362526151
14944,3.048612972897113
14945,9.387707887893553
14946,8.216894860300535
14947,5.541806609344699
14948,5.623655432803284
14949,4.976732555405245
14950,9.493626925193611
14951,6.668263342647871
14952,7.098070252423819
14953,5.969294088021973
14954,4.417825009432627
14955,4.439977663722793
14956,7.393907914971593
14957,7.6511647568742855
14958,7.623316779128804
14959,5.847463157296864
14960,3.354960361637634
14961,6.348424436428796
14962,5.116905527278685
14963,6.753709455092713
14964,6.483644501456892
14965,2.860451124379696
14966,5.695008249781119
14967,6.145123273525837
14968,3.7808819947298735
14969,8.632044749010369
14970,5.799398947940746
14971,9.653981275717495
14972,7.419320135810942
14973,4.759437311162299
14974,6.018533600281951
14975,9.750713913069356
14976,5.675257882128988
14977,6.175963292798284
14978,5.7818910945293345
14979,7.941703198542131
14980,3.966045037525726
14981,4.023257945902413
14982,6.651024201216034
14983,7.187392859598883
14984,6.991889331035372
14985,5.589064568377924
14986,4.7570717228873
14987,6.765259605676481
14988,1.9293303136929012
14989,9.41775085710777
14990,4.281217077102984
14991,8.522839260303362
14992,4.418930453066953
14993,5.302594425592417
14994,3.685686399351783
14995,7.88704067074776
14996,9.12263634556413
14997,6.336977463578419
14998,7.277166360257776
14999,6.247752160535766
15000,5.340703033512238
15001,4.620851913045062
15002,6.849554538332724
15003,4.651819273138528
15004,9.032345995932243
15005,7.8228031434786836
15006,7.437053510197993
15007,3.286612977185342
15008,5.930846179345238
15009,5.33571514014146
15010,0.0
15011,6.942028797774883
15012,6.017738018017963
15013,5.169513883740547
15014,8.620105734909012
15015,8.18362570525549
15016,6.3606466279527005
15017,2.4492536973040413
15018,6.654270023041516
15019,3.4011560586021927
15020,3.5708022526174776
15021,8.699159695088706
15022,7.332517145495636
15023,4.397265623823226
15024,7.558925757292657
15025,6.479173443575251
15026,6.004633198165999
15027,7.828983064772805
15028,7.98759215802799
15029,5.538533119958567
15030,8.908224829597307
15031,7.07793558383509
15032,7.376235367434155
15033,4.819986611135259
15034,5.658868716559793
15035,5.278298698550044
15036,5.831520424698185
15037,4.561638374886989
15038,8.94895902686945
15039,5.39438857800141
15040,7.31708880856322
15041,5.802814707734022
15042,7.44031837128001
15043,8.504824420391193
15044,4.795036019883759
15045,6.862684619619625
15046,5.15305533759371
15047,5.7416844364743245
15048,2.801143908673973
15049,0.7403312837604257
15050,8.675144057960374
15051,4.950350173492307
15052,6.394058281543103
15053,5.443935915356841
15054,9.453713407314703
15055,9.086788344559789
15056,6.025142533845424
15057,5.457959263534168
15058,6.88218774487728
15059,5.696802743294919
15060,8.148483626979097
15061,3.919249637546985
15062,6.487787150530465
15063,8.439654224804986
15064,5.574941628928621
15065,7.692114868627145
15066,5.788618730093309
15067,8.52918868839648
15068,6.547492400737158
15069,6.420979027435658
15070,7.580934007378958
15071,6.116840401616461
15072,7.085153570473695
15073,6.803605521108457
15074,4.488000233485573
15075,6.353900803925038
15076,7.713518675032666
15077,7.421737988520974
15078,7.039067222678215
15079,7.674368177025602
15080,5.966846265054922
15081,6.596925261639524
15082,7.583205676105662
15083,6.324489408330082
15084,2.231533494481324
15085,4.173079880321282
15086,5.6724082317479505
15087,4.976136716871328
15088,7.982966074493391
15089,7.064962095349004
15090,7.455377749984168
15091,3.230064334608165
15092,6.579340888594044
15093,2.779534183690462
15094,4.129000033967069
15095,5.432819645120809
15096,7.471700891643546
15097,5.9112950999511575
15098,7.060991899717109
15099,6.103668090252063
15100,6.0676326780862775
15101,7.235273628096564
15102,8.09217433928297
15103,6.374784101410838
15104,4.899708271642468
15105,2.461499266181662
15106,3.9214068132131694
15107,6.9126562050385205
15108,7.590052822827437
15109,4.49165971073984
15110,4.671310273744391
15111,6.616455279595574
15112,3.3226495621114895
15113,5.471641019867161
15114,6.349202160846454
15115,3.9652078900857344
15116,5.001203990942209
15117,6.251642613963809
15118,4.363423905265175
15119,8.813994143793536
15120,7.799805017102106
15121,5.6234994479405
15122,9.161062431587949
15123,4.451682276458638
15124,6.4542609579789385
15125,9.620675040154296
15126,8.227713577025376
15127,6.950587031926263
15128,7.189126764586327
15129,8.161947709636776
15130,7.48329983228953
15131,9.889342223145718
15132,4.8782633774137665
15133,4.195990123329945
15134,7.675567652626322
15135,6.57299950091638
15136,5.960279518167036
15137,7.140600420755938
15138,6.5105124330106365
15139,4.644570240520389
15140,1.1632817228856773
15141,8.82248181861568
15142,6.4511744385616385
15143,4.885418941753869
15144,7.03317454772345
15145,3.495939836733486
15146,3.5986620893214667
15147,7.627673786263901
15148,8.125871679371883
15149,4.4384207241905616
15150,4.041730529900947
15151,6.427354513779129
15152,6.63995948820782
15153,3.9892103250697124
15154,6.422039527296922
15155,7.940855336617803
15156,5.422267155043107
15157,5.051201508856971
15158,6.325174580142054
15159,6.013515764631423
15160,3.8959067890608257
15161,3.1177603834878096
15162,8.541002395763572
15163,2.155830473743954
15164,3.1101491285233207
15165,5.2916145839008735
15166,4.036753449549175
15167,4.557548684068918
15168,8.352930705364832
15169,4.348964105938695
15170,3.6643605382672297
15171,5.791091302087183
15172,9.13268200491799
15173,5.653422975402636
15174,8.416306620277025
15175,6.979327500919268
15176,4.84227781838443
15177,5.00338597293528
15178,8.567291108369693
15179,3.9860779652270377
15180,8.560052529197053
15181,6.140964221565641
15182,4.55931095122666
15183,9.090399934107582
15184,2.7546490426460255
15185,7.250151929863509
15186,4.334032594076892
15187,5.3647315072936905
15188,5.24771977397568
15189,6.117412006537761
15190,7.964856882097028
15191,8.799633578431072
15192,3.264382194635761
15193,4.983573178292912
15194,5.420554486232332
15195,7.304720628738096
15196,2.4830889958329707
15197,6.964733596961633
15198,5.503695673623421
15199,6.781619426399385
15200,9.378333263332532
15201,6.230209600564594
15202,2.3690022970436218
15203,3.7937411652628703
15204,4.663761437791445
15205,5.8208162069029274
15206,4.717315696050971
15207,7.418539111233555
15208,2.663380422528763
15209,6.715002832820597
15210,4.012831538759485
15211,4.410546418516756
15212,7.071059448653278
15213,7.196157291322002
15214,8.470581864198618
15215,7.863725591108339
15216,4.526867422266582
15217,3.871125274948863
15218,4.567302756824331
15219,3.7327074605028847
15220,6.012771381762695
15221,8.687330726507712
15222,7.095926624052536
15223,5.382086842449558
15224,6.06914041215221
15225,3.6746858006418073
15226,4.335883118167884
15227,7.673041385597293
15228,4.973475111181342
15229,9.149674516860777
15230,2.8351237998325587
15231,9.242181878562818
15232,3.5446272510467294
15233,2.3397891676184606
15234,5.589093239136474
15235,6.972147629017596
15236,7.454179536218842
15237,7.065573873045026
15238,3.896177767432711
15239,7.1035934006212536
15240,8.39289151824492
15241,3.051664019236283
15242,3.8462815108740793
15243,3.420154699822102
15244,5.0041674786684975
15245,7.176145520278449
15246,8.200443027144376
15247,5.29345991168132
15248,5.055974186943747
15249,5.69691749180238
15250,9.044432151287742
15251,8.746568297709551
15252,6.208058223483038
15253,8.825802853024582
15254,6.122872869886097
15255,3.5015674260972407
15256,3.223838690825242
15257,3.301306093361781
15258,5.198445191698838
15259,6.714719408680319
15260,6.483682616561726
15261,5.645837826117882
15262,6.185747490574251
15263,6.0491424081711616
15264,7.030658197373768
15265,2.765947871440863
15266,5.489801539913392
15267,2.9661829998471196
15268,5.968152456314696
15269,7.342033788949471
15270,7.05862521532068
15271,2.863907977519985
15272,7.795591444496096
15273,5.796571053721278
15274,2.07878166886505
15275,9.200381367196863
15276,3.852004132469114
15277,6.75611560911131
15278,6.241522119404092
15279,3.906140697855901
15280,6.876782830847096
15281,8.25772848479192
15282,8.113510734060704
15283,5.558504992462165
15284,7.370944659814486
15285,6.567101959312966
15286,4.394505380675318
15287,5.252735608238856
15288,7.945919503349199
15289,6.245987898954643
15290,5.372342983195329
15291,4.034843827850285
15292,3.950344320877276
15293,1.6275092773123616
15294,6.673195594119128
15295,6.5208667238151214
15296,4.936872210229547
15297,8.228598944749788
15298,2.05559805421782
15299,6.81933043974699
15300,6.133922341463533
15301,9.738321738048525
15302,5.890125529961976
15303,7.686433701876459
15304,6.786558686655706
15305,7.553946991836628
15306,6.889200915668417
15307,9.567654276010414
15308,5.834510004805869
15309,3.0972568988801985
15310,6.751835643025991
15311,4.896918054954384
15312,7.20976314928895
15313,8.009910429500293
15314,7.067624205789168
15315,5.112177026979392
15316,7.281702978313089
15317,4.912049113965519
15318,3.8326204057993074
15319,5.489051241107619
15320,6.047548611191178
15321,7.581225477113414
15322,4.72763546990973
15323,7.122807526039514
15324,9.385190476301021
15325,1.0706005346654026
15326,7.575604176411467
15327,6.760645125273138
15328,6.203043872598132
15329,8.488349525342716
15330,4.5176825607521165
15331,9.097689460247357
15332,4.9907965256389435
15333,5.187798258564662
15334,4.668989750555381
15335,6.420141730087476
15336,6.584493544554364
15337,6.5167052264707355
15338,5.9793493732105585
15339,6.0122223202046134
15340,3.425037342501898
15341,5.592226823937851
15342,4.518841894868327
15343,4.3703247626576704
15344,5.253372856248239
15345,5.389467168416893
15346,6.609001636451541
15347,5.13823025477078
15348,5.409900192066892
15349,6.4724768186804305
15350,7.080597738691861
15351,6.69655547978557
15352,3.362985889215191
15353,5.178936569541012
15354,2.134568797688528
15355,8.457593773167588
15356,5.3199981075935545
15357,6.665970168401513
15358,8.002295082691889
15359,7.375889317355666
15360,6.406659051885308
15361,5.995654233213413
15362,4.884219539164634
15363,1.012646746171134
15364,5.73195423216244
15365,6.514950125067198
15366,4.5824020615220835
15367,7.764169675527829
15368,5.301290982436519
15369,5.085960220744944
15370,2.241067022124275
15371,4.4319403568215145
15372,4.069941307849621
15373,3.07590055777559
15374,1.7727142957508808
15375,8.412729350418077
15376,8.168996997848499
15377,5.565595951997592
15378,4.437258960398888
15379,5.654109731071868
15380,7.8794027798253925
15381,7.054489425209701
15382,7.4319222661780255
15383,3.9358277779038495
15384,3.848869737294544
15385,5.784411351547034
15386,8.840820539414272
15387,0.3443675792360178
15388,6.670800564751256
15389,9.285047158463689
15390,4.372436331351057
15391,6.351798609912727
15392,2.888933762142724
15393,4.676574771644174
15394,5.359059043613332
15395,6.722296821326816
15396,5.2492944521167075
15397,6.749934803492643
15398,2.712462026795625
15399,3.013173944917937
15400,6.443259138469566
15401,3.0468606973864487
15402,6.482705793059402
15403,7.182510942981538
15404,7.96982128018979
15405,9.453036362823683
15406,6.454218335362519
15407,6.158221167938418
15408,3.809143074928304
15409,5.043674646826027
15410,5.411710632377348
15411,7.618888518205017
15412,6.346393584186764
15413,7.78243332723051
15414,3.4163129878296568
15415,4.092605070035941
15416,5.832950218574235
15417,9.068482086515834
15418,5.853000115255332
15419,6.474292585243827
15420,5.309734442979035
15421,9.85665617761005
15422,2.037174518708684
15423,4.0244524190004105
15424,8.214831470066274
15425,0.9284580677340708
15426,7.085819200287778
15427,7.8340647029237065
15428,7.570967029175452
15429,7.646842182742865
15430,6.326799532236561
15431,3.6842988735649502
15432,6.707435178882095
15433,5.345639693660475
15434,5.93398878403803
15435,3.51011698743743
15436,5.666481568427146
15437,4.658252873052414
15438,7.637903326954699
15439,7.763818196053294
15440,4.765933431719431
15441,7.770779745808243
15442,6.941419396538171
15443,6.915459398368082
15444,7.095147114566294
15445,5.76536918732575
15446,3.862590865561917
15447,5.372833131546404
15448,3.422411079052296
15449,7.923754941007615
15450,4.4203879400141215
15451,1.1746460979378337
15452,5.3383917761442845
15453,6.088914354434768
15454,4.250401322311269
15455,7.5637484314989365
15456,6.099001477948575
15457,9.29610871859783
15458,4.701225598864366
15459,6.600993819963649
15460,5.329169522994787
15461,9.021346312062722
15462,1.2821716856111594
15463,7.653549763290759
15464,6.218291366217355
15465,8.518177057148927
15466,6.172238251080233
15467,9.23838400125826
15468,5.744096141074264
15469,5.413710330279068
15470,4.129153021770469
15471,3.5587725985647696
15472,8.355267025265764
15473,7.000241767699372
15474,7.955731627369908
15475,3.9538369028796625
15476,5.952909919934779
15477,4.740161301854881
15478,6.655463678415506
15479,5.024212597228096
15480,8.165968837451782
15481,7.8785392171862085
15482,6.510477448801082
15483,1.0689725913811055
15484,9.741944112380562
15485,5.821772607719612
15486,6.665038668401416
15487,5.252530205280633
15488,9.387389686192297
15489,8.444647934666266
15490,2.7332137820933977
15491,4.512301416717371
15492,4.549592062390805
15493,4.47074402744203
15494,4.092407772606862
15495,5.1299622545823835
15496,8.594483753213407
15497,4.346724620456134
15498,3.9056083337558936
15499,6.6734109551325655
15500,7.107203424974113
15501,5.027108684616461
15502,8.148679747445426
15503,6.906395263145168
15504,6.9340334409595155
15505,5.112114581697577
15506,8.431570087969313
15507,4.054347710945747
15508,7.66417987409691
15509,4.348342976754738
15510,6.427079057572719
15511,5.658783033871078
15512,3.100229033845049
15513,5.153505156942556
15514,7.2017668697040484
15515,8.357680555662597
15516,4.2943586794326745
15517,5.553305026918274
15518,6.952590910653987
15519,8.099659060982052
15520,2.7081789015107094
15521,3.7743911537778763
15522,4.1872894391034015
15523,2.424306668523139
15524,4.066062883037192
15525,8.08301950749151
15526,4.467080281416274
15527,6.983415161202309
15528,1.9174601473412973
15529,6.004558753971537
15530,3.0829458077186036
15531,4.761537864453927
15532,2.486709186879015
15533,7.973699360148768
15534,8.433914198411433
15535,6.675657510201011
15536,4.987720900207282
15537,5.947443826107669
15538,6.216745527339104
15539,4.84185515870347
15540,8.892167077972125
15541,7.071371259573617
15542,5.460517311740508
15543,7.11443950752409
15544,3.58948082781518
15545,4.459254749853967
15546,4.0982673574317605
15547,5.1124897598788905
15548,7.691971268667732
15549,3.922122017733816
15550,7.521597447001511
15551,8.260663626657276
15552,5.329018346458978
15553,4.380238683572312
15554,8.156438887259748
15555,5.814199921456565
15556,4.24947426766217
15557,3.7071314723666013
15558,2.094883030047432
15559,6.133351098690985
15560,9.470578476359584
15561,8.051246174398058
15562,7.3853023109134845
15563,6.0188612801374255
15564,7.912099545105907
15565,5.294955111561722
15566,6.13839409717378
15567,9.192365072754788
15568,6.250741852474308
15569,3.9415227971838007
15570,8.956074176019929
15571,5.804839220875193
15572,3.8772564169458232
15573,6.452073869037404
15574,5.9792685071062195
15575,3.0447840982446035
15576,3.2269098750187326
15577,8.713831007983751
15578,6.498318233632453
15579,5.777396803042125
15580,3.2436639790017607
15581,5.606310428649797
15582,3.4127232707544595
15583,3.495587093178946
15584,2.694559135305488
15585,1.9647112757664205
15586,6.6161516725266445
15587,4.229825481569964
15588,8.039342243605784
15589,6.980854315279164
15590,7.2434039348946
15591,2.3258141955019918
15592,5.759146465736117
15593,3.4444718733551114
15594,8.016832681954963
15595,7.774828234013597
15596,7.382335409287233
15597,7.988554063465274
15598,8.517449039615425
15599,7.779019306665625
15600,5.959738453557822
15601,5.707905387026111
15602,4.898794551010385
15603,7.331052024684297
15604,7.34270263937366
15605,3.84544451776553
15606,7.754168493452264
15607,0.626484578436451
15608,8.4406951842772
15609,8.415220534018353
15610,5.387076916207611
15611,3.266273571399106
15612,5.66870871207729
15613,5.002820260829263
15614,5.050319125716923
15615,7.85919889717019
15616,5.868378852944966
15617,3.864087008408042
15618,5.018881335665017
15619,4.346776273743007
15620,5.353427609212477
15621,4.752948565925846
15622,8.27772713104957
15623,2.4102789720821898
15624,5.1430836869041805
15625,6.24322913655427
15626,2.417824433196561
15627,4.600256247290068
15628,8.8209429617962
15629,5.781340438193126
15630,4.4706579974074465
15631,4.482935941958636
15632,2.9332692684416664
15633,3.0574420025803963
15634,7.550973905628895
15635,4.2774938367726
15636,4.400281145707384
15637,1.2978874083981506
15638,5.538854478564565
15639,6.514060344805945
15640,6.71053987819079
15641,7.646296092066098
15642,6.835465386481267
15643,5.676723957473387
15644,6.963425568899726
15645,5.4602586332145915
15646,3.29055231522876
15647,4.732985226754264
15648,4.238684745517446
15649,4.73231474991522
15650,7.93006443161106
15651,5.966855633885558
15652,4.59237200051421
15653,8.105167550639338
15654,3.049471789118358
15655,7.47421726350151
15656,4.341241561809657
15657,6.189554934684819
15658,4.126927216619393
15659,7.1611342869148285
15660,6.335821771639323
15661,7.847326613399205
15662,4.063389516517273
15663,5.330168252237673
15664,8.723439356920498
15665,8.512824400112102
15666,2.7284386336805544
15667,6.716662208121791
15668,6.716236444449615
15669,7.205381919156499
15670,1.788182222169298
15671,6.451662102545335
15672,6.55110783992263
15673,6.736208105388623
15674,5.705637336610302
15675,8.464981756854995
15676,8.592021400318608
15677,4.626797049302271
15678,7.693000724900716
15679,5.081412016523539
15680,6.320322258041978
15681,7.130936205409827
15682,4.276528174533496
15683,8.878649463377602
15684,4.5999933602790595
15685,3.133135041282687
15686,8.08305193813177
15687,1.2413210413114053
15688,9.561029406076997
15689,6.745516440345099
15690,6.081445023964518
15691,5.776341555836795
15692,7.504753799870123
15693,7.191102910047648
15694,4.813965839234506
15695,4.3883004800399075
15696,4.119470781134154
15697,8.478433909174852
15698,3.442474232353594
15699,6.6470805369592885
15700,4.291056612367156
15701,6.069035942746998
15702,9.279612104528521
15703,6.008687732567084
15704,4.045323137902036
15705,4.324725836478913
15706,4.510356999873287
15707,5.956845543046764
15708,1.8516000291833015
15709,6.035620636209005
15710,5.983181216042297
15711,6.615364742206236
15712,5.271241121407756
15713,6.534307864449159
15714,4.052872948280809
15715,2.3071116626550667
15716,6.318117699953412
15717,8.964391743147536
15718,4.218549245110087
15719,4.800627516414182
15720,6.714634299838743
15721,6.451548458760299
15722,7.083942496108154
15723,8.802563351566869
15724,2.7799481136442807
15725,4.906821308916809
15726,6.264174391757193
15727,4.694566941070621
15728,6.4551185428453515
15729,9.749542408826368
15730,6.839814142288564
15731,6.115476766738693
15732,4.384588021636622
15733,5.079943759313931
15734,2.153256688461639
15735,2.163883445876282
15736,5.248594458891171
15737,4.49905419524571
15738,4.284390682636741
15739,5.345923674360934
15740,3.362440936556491
15741,1.2223097268064345
15742,8.332651872500971
15743,4.616490423635584
15744,6.394813520399468
15745,5.554774604851196
15746,2.456543210987135
15747,6.947450542220128
15748,5.114045033316252
15749,7.188269946384205
15750,6.676659575097742
15751,3.623833453517491
15752,6.049760446958672
15753,8.00382312235499
15754,5.241322231757723
15755,4.7662266530871555
15756,3.3216773709349012
15757,4.286197661449317
15758,4.721825460188975
15759,8.201629171948055
15760,4.000059269679556
15761,6.885794387614667
15762,3.3080259295582115
15763,2.836072392409746
15764,3.7820561170033598
15765,4.52993700047618
15766,5.222430757322973
15767,3.66998145289386
15768,9.24184822308739
15769,4.632441501469637
15770,5.200346050721068
15771,4.909910671348697
15772,5.311679358845756
15773,8.429348388520895
15774,3.6185170204862542
15775,3.9285256370872936
15776,7.955478805006772
15777,5.896160046448275
15778,7.351460697095604
15779,3.3420802755779846
15780,6.644884985497997
15781,8.791917761428529
15782,3.775744547552332
15783,7.33023497579873
15784,4.117829199352373
15785,8.448413952465664
15786,3.9184941735067715
15787,5.7682708239866125
15788,7.078199660093447
15789,8.350507026830918
15790,3.7957756261962134
15791,5.314833079989695
15792,4.522860583305058
15793,6.857107131786037
15794,6.550188064762389
15795,6.004464763294262
15796,5.773806798437859
15797,9.93071648107094
15798,7.034936474225093
15799,6.127419794025194
15800,6.992331956409817
15801,5.062359446633239
15802,6.86589009917275
15803,2.8626953659137424
15804,7.551247566076147
15805,3.4099918843157093
15806,5.049722481805988
15807,7.6035029156100755
15808,5.997211710519906
15809,8.358959719374642
15810,1.3527065349841834
15811,2.586979274985679
15812,6.160039771321378
15813,7.851733518990625
15814,4.774936917818416
15815,4.73182733101856
15816,4.6396037029379995
15817,6.350263697001632
15818,5.8694153251429295
15819,5.427367417890333
15820,8.990139847400403
15821,5.577019233605993
15822,5.7577064793593475
15823,4.960429787605087
15824,6.810983590632219
15825,7.630044709176669
15826,5.793049537077137
15827,5.283969480783494
15828,5.386463517570462
15829,7.169906237138953
15830,5.778454750519856
15831,8.6666244439208
15832,3.5289439601114703
15833,5.844612226517323
15834,8.224072997304582
15835,6.606024590101386
15836,6.935653615055088
15837,5.45352775643774
15838,4.345323084533203
15839,6.963831837204349
15840,7.215186108678539
15841,4.3712773611721145
15842,5.530861565527376
15843,4.062889841861824
15844,6.218658001284906
15845,6.704303243619073
15846,1.3284561707529514
15847,1.5489035161711115
15848,2.13807089115559
15849,7.719792156909861
15850,9.62846741328276
15851,4.61832232506886
15852,6.787967418913237
15853,6.608116972886718
15854,6.529078805659806
15855,6.607604786774731
15856,7.856893086247281
15857,8.587783780662654
15858,8.899864763413682
15859,2.993391678368287
15860,4.560739917743691
15861,6.369251482139212
15862,8.348352455587058
15863,8.582350114906994
15864,8.856281746584747
15865,7.451919570259784
15866,8.046173119863065
15867,7.039093180748355
15868,5.750904016046515
15869,4.627817341849078
15870,4.028116804992804
15871,8.642459423946974
15872,4.81838466980699
15873,4.61959084548928
15874,1.387979001963136
15875,7.395372741406446
15876,9.670972961628848
15877,3.078447497291429
15878,6.5379111739445435
15879,6.694561249496283
15880,7.063984910466505
15881,6.568181150688432
15882,7.032363562932509
15883,7.641585271785872
15884,6.756301675772396
15885,5.488658742091368
15886,5.956994535487897
15887,9.543443718010526
15888,5.339626275008932
15889,3.4345318862695344
15890,5.913488427737307
15891,5.5263766228042055
15892,7.616874452204268
15893,5.855964537806373
15894,3.7525607028992436
15895,9.486705682039101
15896,4.755137463666416
15897,3.4759778173256795
15898,5.7068009951114655
15899,8.607264540328222
15900,3.057120685783398
15901,7.304673201725548
15902,6.428316524390973
15903,7.28772773483693
15904,4.974502714177712
15905,5.164124863304638
15906,9.312997386074226
15907,7.598727579962124
15908,6.1443012909676735
15909,9.236380185979007
15910,4.5189952786717456
15911,7.500624234503793
15912,5.671997238582508
15913,2.972628500963601
15914,5.106145066712638
15915,5.486464685999125
15916,8.154196325315693
15917,7.66260594814229
15918,6.746929913487968
15919,7.600566280199679
15920,5.991229084068976
15921,6.46824756899239
15922,6.589150423673478
15923,3.425759218801069
15924,2.776246527191252
15925,7.174133453065582
15926,4.7517194460785985
15927,7.321986895219485
15928,3.474945674922324
15929,3.589105369817167
15930,7.135799414699709
15931,8.422594227613214
15932,3.6021087485821206
15933,7.037868493309574
15934,5.419710452457327
15935,5.716156155213424
15936,5.098092818785301
15937,5.944180741542441
15938,5.301532336160699
15939,8.937362882773703
15940,6.284718080973292
15941,7.401690632794628
15942,5.225040820724923
15943,4.367564264086562
15944,3.2170628286159575
15945,8.750209579722638
15946,3.727555440360288
15947,5.017688441660271
15948,7.329621855355186
15949,5.730274237381952
15950,7.0790355883673115
15951,6.111695567584373
15952,3.9415611967647433
15953,8.904420700292693
15954,7.5705817358389185
15955,2.1994741005143266
15956,4.34048663739344
15957,7.7431120846796295
15958,4.24908645449468
15959,2.8285565363912375
15960,8.212603621195207
15961,6.527426714337063
15962,6.413604914128647
15963,5.353268140435803
15964,5.822394270115892
15965,3.776852590413656
15966,1.6141826761452296
15967,3.351796419819685
15968,6.392439807950772
15969,3.97959207967096
15970,8.393182911637426
15971,5.1015762444983705
15972,9.011496377800327
15973,4.483835339695193
15974,9.181696794892874
15975,4.467487213980044
15976,3.368646903393131
15977,8.305962829443901
15978,4.94418750278685
15979,4.809697910013541
15980,6.2830799466653104
15981,0.5305981990181312
15982,6.301786849653663
15983,4.112683440653654
15984,8.150870499270557
15985,5.806385630187153
15986,7.080387984750169
15987,4.827682491519552
15988,8.413283814783869
15989,5.5215364834983145
15990,3.7109513151835043
15991,8.691691783648086
15992,6.180937689835474
15993,5.22976475727266
15994,7.075518936275901
15995,3.528929765952835
15996,7.38214507838006
15997,2.8619178632391753
15998,2.9869934907678592
15999,8.463750740997273
16000,5.52907295191811
16001,6.234732124488408
16002,5.22978860187431
16003,5.597631869834462
16004,6.245787129908524
16005,7.947441153512065
16006,5.568024185219935
16007,3.207489631571239
16008,3.604973268000791
16009,6.364464376077551
16010,7.437068231653324
16011,4.5915685889139795
16012,7.3688778696557105
16013,8.764954116937119
16014,2.7007118380950437
16015,7.990494294097964
16016,6.592645849086278
16017,8.156895734336636
16018,5.63045857855196
16019,5.430188142018649
16020,4.969918467292549
16021,6.206235888789571
16022,3.889546311040778
16023,6.136510474587783
16024,1.2090057355720836
16025,6.623773110727515
16026,5.616894467066404
16027,3.4366383545828674
16028,8.691895910412383
16029,6.425898478857928
16030,8.745403707456873
16031,4.164992421343713
16032,9.474319173094536
16033,7.75058057812199
16034,6.826318538052599
16035,5.024681700476878
16036,7.432537000998961
16037,6.106956534483789
16038,5.720600759911722
16039,6.592135175298356
16040,3.9448663479387465
16041,5.722740059960541
16042,1.5563474493269216
16043,5.525736100544501
16044,2.9305305277647307
16045,5.73626776854455
16046,6.896053964370672
16047,8.006022714778116
16048,6.614695049124707
16049,7.586525979543483
16050,4.133908449338081
16051,8.114788058587642
16052,5.522674196565005
16053,7.7013408911012835
16054,7.877471699297902
16055,6.516051602995562
16056,9.440050324574985
16057,4.471701150399736
16058,4.536601658419381
16059,5.749958262326168
16060,1.95020123533273
16061,5.879214746477782
16062,5.877978901255254
16063,5.335107868483826
16064,5.226432878227412
16065,7.14619444254032
16066,6.60346383461299
16067,6.477756825461496
16068,4.58203418734841
16069,7.992303130247758
16070,4.629960909866341
16071,5.3243831470736875
16072,5.703416338600784
16073,1.643546974091794
16074,7.24516669096478
16075,6.0336442126723
16076,8.72090056313772
16077,5.181762935915041
16078,4.197590679206706
16079,8.520765732038068
16080,4.730139143702756
16081,2.6053108074515907
16082,7.225415419274777
16083,5.249706093015262
16084,8.017076904601382
16085,5.520052820051516
16086,6.677492114116179
16087,7.4945720966356335
16088,6.993486915131287
16089,7.232180979057873
16090,7.923221277975552
16091,6.172182951648326
16092,6.329912067398398
16093,1.9664909888568156
16094,3.361763980566522
16095,6.703574233696082
16096,5.961043682837358
16097,7.741599303729969
16098,7.628486281815526
16099,6.218531563715208
16100,7.298372270150797
16101,4.602841331289132
16102,6.485295590687202
16103,3.450908742453091
16104,4.935548069157993
16105,6.306836201001352
16106,4.997119033704582
16107,5.712574032389759
16108,4.726208651265903
16109,6.368312423565732
16110,6.18418581183237
16111,4.470989582196126
16112,3.45509634022571
16113,5.712594621456096
16114,3.9147284392279187
16115,9.784672885438802
16116,5.2614189140240155
16117,7.791430295611939
16118,5.335160465815054
16119,4.708809444112912
16120,5.314310120592363
16121,3.403945410553657
16122,8.793582652440257
16123,7.066287020205616
16124,6.488283120312376
16125,5.5124874351497155
16126,4.4949497330754165
16127,5.667798056364788
16128,7.97133411989569
16129,6.423809514694424
16130,5.807372618242309
16131,4.4621272974299915
16132,6.209776694830637
16133,5.738011312019028
16134,6.829740868842529
16135,7.924206838168166
16136,9.63134352459496
16137,7.3823448032780785
16138,4.50747061317443
16139,5.338385770388333
16140,2.928383088022496
16141,7.688923499076517
16142,7.01913904110784
16143,7.481537226377026
16144,5.838287671734071
16145,5.7593747883771655
16146,8.376219211473893
16147,5.874047823233585
16148,3.7613814294860908
16149,6.669387468989719
16150,6.148534359856921
16151,5.3719805850417615
16152,3.377713060142878
16153,5.09999084991741
16154,6.855359667234318
16155,3.432094791535347
16156,4.4293820456376505
16157,6.770960715585543
16158,4.494563164536495
16159,9.552234335032184
16160,8.586592550686676
16161,3.4103290087239895
16162,7.077260981082049
16163,4.598406896791657
16164,7.8837530932038895
16165,2.01208292020372
16166,7.559652581028573
16167,8.130575130378915
16168,6.347035361263789
16169,5.908579438651101
16170,5.184884421484017
16171,7.623317191443035
16172,8.878827067601533
16173,2.881172957425106
16174,8.798181846854451
16175,4.769706796302072
16176,8.032596100676967
16177,4.134699618072536
16178,7.79695500147922
16179,6.0059197990870485
16180,6.966820354111625
16181,4.894697965430205
16182,2.011422179676619
16183,8.71701663765096
16184,6.086967170920077
16185,2.330933075291019
16186,4.150741949791525
16187,7.215713297678966
16188,4.152739482180147
16189,5.450422941798644
16190,3.988559252619048
16191,4.627519162133944
16192,8.873910881217656
16193,5.638934638757146
16194,6.848981764564073
16195,9.16047611893887
16196,4.5512422870979385
16197,4.460537701865504
16198,7.241839479339946
16199,2.782204938226366
16200,7.519739808923587
16201,6.713226043310694
16202,9.090937280676215
16203,7.515858911823435
16204,8.188634254470655
16205,5.193493829780302
16206,9.434917565190055
16207,4.163031361923402
16208,7.099441956512662
16209,3.708292953124567
16210,6.237310924613908
16211,5.5321629960882355
16212,4.176660173002718
16213,4.56711576865754
16214,6.767615295829556
16215,6.725904030694595
16216,8.168308186115052
16217,2.4088133239788903
16218,5.534768989514326
16219,5.782835726088525
16220,6.949402079640091
16221,7.936688504517412
16222,4.267434190903745
16223,8.659838234777123
16224,5.282822427560712
16225,9.169315670110965
16226,6.557959954586089
16227,3.723201094296467
16228,8.494899191241037
16229,7.822463575106264
16230,5.525391472555646
16231,6.209347069521673
16232,5.211259317298245
16233,5.6531703238506
16234,5.592901909169674
16235,2.7362389777731493
16236,6.461572885742074
16237,7.685404248137813
16238,2.3178297770872573
16239,6.57477840927653
16240,8.474601388573774
16241,9.320026480173777
16242,4.816021493867714
16243,7.3649658031339005
16244,5.2921360661355905
16245,7.899454470611882
16246,5.885505351626852
16247,3.7550408640130666
16248,8.217226832947858
16249,7.859601683364088
16250,7.625146807289729
16251,6.485987726122645
16252,6.273010367835481
16253,7.046511697261571
16254,3.617554227639881
16255,9.56002340287017
16256,4.863053364915482
16257,5.013921488327094
16258,2.373906640274396
16259,4.998989206207428
16260,5.641770027643625
16261,4.831813337415196
16262,6.348176737092605
16263,6.0023343559379905
16264,5.219737363700485
16265,7.291189970116927
16266,4.165203790989986
16267,7.063094069324936
16268,6.345530612557029
16269,6.269454787134253
16270,9.297844166574892
16271,4.173959390376764
16272,6.801928611398559
16273,5.670170681156488
16274,2.4320087365949132
16275,6.220814302958603
16276,7.592750825135017
16277,8.892839992153968
16278,5.508290773717718
16279,7.408371019536675
16280,7.883760408497784
16281,8.789838370586876
16282,1.954063887344208
16283,7.5466320054644225
16284,6.713200906069366
16285,6.536386779888599
16286,6.829646551391541
16287,4.8969014471190455
16288,4.816575019913322
16289,2.8452487985919124
16290,6.581763053718694
16291,3.085983308955247
16292,6.464511698851314
16293,7.576716608347976
16294,7.566439173250781
16295,7.136529459694324
16296,3.6537393051957534
16297,4.6321085605842
16298,4.95052658650237
16299,4.404130179556013
16300,5.712944216733218
16301,5.233397819294726
16302,5.821377814664439
16303,6.787708094690997
16304,5.908975707655381
16305,5.423288606481886
16306,9.16140927563356
16307,4.304682897481672
16308,6.608703549014384
16309,6.01180539822465
16310,5.307614423924083
16311,4.6462047042083645
16312,7.468337588534114
16313,4.868148001815777
16314,2.913286552764548
16315,0.8673552218513004
16316,6.274837293131424
16317,5.050646935579663
16318,7.777691449486198
16319,9.40191008456248
16320,7.740247821090094
16321,6.19974363038656
16322,0.41614381363907954
16323,7.830667797563391
16324,9.409665596457275
16325,7.239720692905296
16326,6.832035735181437
16327,8.479429624846883
16328,4.643989181645534
16329,7.77954301599466
16330,6.029922586214429
16331,5.214118472965381
16332,7.843036613708516
16333,8.346130798402983
16334,6.078162529557199
16335,3.491812650323041
16336,3.16949335054113
16337,4.494305728305203
16338,7.230905942360538
16339,8.20150762636359
16340,4.010279980081501
16341,6.570105368350775
16342,7.811238880235535
16343,8.135608665168663
16344,7.115662943820465
16345,7.292099083059804
16346,4.3167723630040875
16347,6.898650881385218
16348,6.117525165445813
16349,4.43370430676059
16350,7.650856700427672
16351,5.34213278349781
16352,5.305869264135083
16353,3.6949992167734416
16354,0.4551032283747715
16355,6.700068030492391
16356,6.717747387228314
16357,8.497485438345672
16358,7.6885478969408645
16359,5.300617793175114
16360,4.107056288970101
16361,5.159646408119176
16362,7.0828145768790485
16363,5.049837726455211
16364,8.327436764498602
16365,6.894566032223393
16366,4.314578566884094
16367,4.7109914575968554
16368,4.140677666174735
16369,6.555764047817577
16370,7.709907707537825
16371,6.920627034287742
16372,1.9025226471349979
16373,7.38413957381588
16374,6.183716429049332
16375,1.9665768212912487
16376,4.392017787651683
16377,4.7547976528731715
16378,4.6139844754151556
16379,7.6879023277103595
16380,4.666143633675344
16381,6.634490990665824
16382,4.925043821804507
16383,2.2975466804454427
16384,5.93194816143665
16385,8.174262445203043
16386,3.22010410628871
16387,8.260786658771002
16388,4.835710779283917
16389,1.8798558475999898
16390,6.321477054477591
16391,5.416969107984133
16392,8.47772752898712
16393,2.83332782451902
16394,4.416784152149348
16395,4.785511074251479
16396,6.968364764342124
16397,6.464153572456736
16398,6.887177833689941
16399,7.989732054871617
16400,8.186661143949557
16401,8.303475634363123
16402,8.785201194224578
16403,5.534201201058956
16404,8.199411243604217
16405,4.131843680840957
16406,5.788691237779124
16407,2.9171963023475618
16408,0.6965424849636612
16409,3.6000365193030577
16410,3.7527663691688486
16411,2.7282221160562057
16412,6.123339751084487
16413,8.994961966374987
16414,4.438912367559859
16415,4.5067183271517095
16416,4.371008982176496
16417,7.340999006981224
16418,6.728190962883545
16419,8.574780279756498
16420,6.754438635241009
16421,7.781488517337168
16422,1.943789716649919
16423,3.6510087713532986
16424,7.418473584823819
16425,6.687787056000749
16426,5.926962105133952
16427,7.181472908009171
16428,5.399262726578156
16429,6.822592013337561
16430,6.190700833445227
16431,4.669244673971653
16432,8.059690884640986
16433,4.561752169554205
16434,6.869854975741296
16435,5.2231097782003495
16436,6.760063296064738
16437,9.442776001894496
16438,7.613138284973735
16439,5.481617197351877
16440,7.168657547940502
16441,6.118960978140395
16442,7.69355608813411
16443,2.360266638432014
16444,7.696260416951372
16445,3.3829217749405958
16446,2.6598692092027902
16447,6.339009266294154
16448,6.173201220413141
16449,7.923079455433291
16450,8.332279663715529
16451,4.707985282999352
16452,8.479010313915712
16453,9.017606305355978
16454,5.790601817453078
16455,5.31034774857115
16456,2.1055565202944813
16457,10.0
16458,1.824624404764061
16459,7.507730976126577
16460,1.7689667993538276
16461,2.9131663793442755
16462,2.6712267084646224
16463,5.824628239030842
16464,8.885164786790886
16465,3.8184963163011463
16466,8.603979825197548
16467,2.5714409830871383
16468,6.599050285496888
16469,7.584551503185265
16470,6.996005347449935
16471,4.676642411344594
16472,3.238768770367738
16473,5.014417858208281
16474,7.234766076970294
16475,3.7894093115472565
16476,4.8654479655040825
16477,5.891595249604186
16478,4.78794679988156
16479,5.176578870065796
16480,2.9332651127204343
16481,2.5556371239887135
16482,5.008874542564605
16483,3.0422912488882727
16484,5.883003624836256
16485,7.099222032349466
16486,7.912788942586108
16487,6.32623410240415
16488,3.116265165038398
16489,7.73319347569584
16490,5.079787047897819
16491,7.673864660928
16492,9.167352021603977
16493,4.689525335566818
16494,7.351981998023245
16495,4.10695122069548
16496,6.9921429762345895
16497,8.844543260240343
16498,3.90236459858978
16499,8.621391680519043
16500,9.798225899139892
16501,5.977748781415796
16502,9.370442159029107
16503,8.994555876380302
16504,7.602384436775337
16505,2.892036109287897
16506,6.066627402200265
16507,5.609756738411706
16508,7.903174658818775
16509,9.236335788754833
16510,9.545670585996449
16511,5.595147292824295
16512,4.886246128646683
16513,9.146933451771377
16514,6.725472268163791
16515,5.690300377569953
16516,8.11835424150929
16517,9.338502672787383
16518,5.547637287510526
16519,4.152050913497692
16520,5.986068331184949
16521,7.680838115132868
16522,5.127016842708693
16523,3.073712022549766
16524,5.027839261273593
16525,7.817378401490957
16526,6.594070880984415
16527,3.847232851278374
16528,9.20645727361278
16529,5.434060341475356
16530,5.230390090204661
16531,8.634756536905963
16532,5.332281398573594
16533,4.283381391051294
16534,6.802964191205175
16535,4.506647659034425
16536,6.136638595479644
16537,7.8464457335264015
16538,6.8241947789105115
16539,9.112722480298082
16540,5.7370247305330615
16541,4.39445629262411
16542,3.7222033524319986
16543,8.839098337730803
16544,5.436572598902238
16545,4.352007432670999
16546,6.7497652314776495
16547,6.791067116797045
16548,6.071320859143552
16549,6.1815159426830135
16550,6.375031519169737
16551,4.094496898038375
16552,5.941900709620542
16553,3.754249910637702
16554,7.433667998376578
16555,7.3173084938239095
16556,5.541207929734414
16557,4.803587419838222
16558,8.492156776822407
16559,6.738549900690308
16560,9.201089236399756
16561,3.623579548495926
16562,9.071350793229783
16563,7.4693227933456265
16564,1.9340882000482842
16565,6.385671171988928
16566,5.303697427378168
16567,8.001115060363702
16568,4.450300792729554
16569,8.095802584723078
16570,3.775348732918158
16571,6.453514380587159
16572,7.532710738401439
16573,7.459853698527743
16574,9.156351015606809
16575,4.2236777605706814
16576,8.381150247235452
16577,7.432850056482079
16578,7.696855146696988
16579,7.666898899479503
16580,5.676178889447894
16581,7.22544524416538
16582,7.298191373499791
16583,5.901663817506533
16584,7.3668775722986055
16585,2.639041075739684
16586,7.185073474633973
16587,6.594873527347027
16588,5.000794360853613
16589,8.400076811718744
16590,7.96936494555357
16591,7.8481443084338025
16592,8.757014767341076
16593,8.649759838669125
16594,7.070619143454001
16595,6.83452073502742
16596,7.36578744795122
16597,4.833433002278974
16598,3.29443776389473
16599,3.3311360715204916
16600,6.244858945656664
16601,8.191951722265793
16602,6.192554270332211
16603,1.8135159372322973
16604,6.544478002788992
16605,1.9505351773553268
16606,6.159514297628787
16607,4.972273526633461
16608,4.90991958967944
16609,5.428108103897991
16610,9.644953610487194
16611,6.042714664284517
16612,5.124620544479832
16613,5.348262499915711
16614,3.554575623105029
16615,7.899985391939753
16616,6.538846431831867
16617,9.389274143075152
16618,6.518591979918916
16619,5.413513784256475
16620,3.9540464859620283
16621,6.827572772707724
16622,6.695265718969694
16623,2.5566400491574353
16624,5.259395017530832
16625,7.528059460634984
16626,4.689084883114193
16627,3.987613323183059
16628,9.071389407956284
16629,6.753139765285183
16630,5.810184135010951
16631,5.3162577513252565
16632,4.196247231222788
16633,8.253371812798244
16634,8.281221060342522
16635,6.446866888045812
16636,5.779210749125076
16637,5.6955957746504735
16638,4.021280147764964
16639,5.8476455664135045
16640,8.278929342949516
16641,5.501858286748894
16642,6.412258972902051
16643,6.12922473423132
16644,5.005329315060136
16645,7.482507515298736
16646,7.606913638931194
16647,7.649381132833797
16648,8.705180900895416
16649,7.9488177066209955
16650,8.89393831347617
16651,8.125655285728575
16652,2.6027353867241447
16653,6.872060050629196
16654,7.658566449569715
16655,5.162720051923962
16656,6.440035022887517
16657,4.71374604465085
16658,7.077340796490352
16659,3.9457164132841314
16660,6.9293588943706474
16661,9.913189639498963
16662,7.528159332873793
16663,7.220049235078612
16664,5.99350385434882
16665,1.9775510574668358
16666,6.1694275840031505
16667,6.28528500324607
16668,6.410246049325326
16669,6.954532993817182
16670,7.933778647411669
16671,8.680682824044567
16672,3.018943217800124
16673,6.261115303951275
16674,6.697260594303219
16675,7.90449942193544
16676,9.763614031393107
16677,9.316446833500047
16678,4.859990898620003
16679,5.801027515434639
16680,9.124952926025895
16681,3.5454283127780077
16682,6.923239763776417
16683,6.461562735452166
16684,5.87420261285574
16685,8.414218963016687
16686,6.963201333091945
16687,6.351758187863313
16688,4.782366320029631
16689,5.804869820250758
16690,6.538847667816112
16691,6.356623901466433
16692,6.459046521699289
16693,5.257532875647817
16694,6.988870307110886
16695,7.271744685831937
16696,5.728762661115658
16697,2.890778410888859
16698,5.357097808709204
16699,6.856021559466353
16700,4.814043229969214
16701,3.5445921326842775
16702,6.832072611782641
16703,7.005231713708309
16704,6.148820666486955
16705,7.350652844988332
16706,6.851136874802769
16707,6.5011139659088375
16708,7.249971028375475
16709,2.7699866315582637
16710,5.660199033422938
16711,6.7331931206271864
16712,6.459917193535691
16713,8.779882173829904
16714,7.54098936786131
16715,5.314395610340542
16716,7.627616882402151
16717,7.473435591587447
16718,6.243941669439961
16719,8.671339022125219
16720,4.464419584450032
16721,1.7023893483395285
16722,8.16923844653363
16723,2.9862929174949984
16724,5.025309916262628
16725,4.523806577357151
16726,4.46635663605046
16727,8.123210627347836
16728,1.9024005336250445
16729,5.782873920671124
16730,5.158874251734824
16731,7.497751018078718
16732,8.473742137082432
16733,6.191741101796897
16734,5.089113725739595
16735,1.8926396082134498
16736,7.760014498582434
16737,3.8136473726718867
16738,5.497548064338709
16739,8.027044859372836
16740,8.006302570902495
16741,8.313779660867944
16742,7.623529593381649
16743,4.314409076861389
16744,6.88609582393881
16745,7.936546178047411
16746,8.735280162164834
16747,4.293293869149815
16748,6.340390227897621
16749,6.736616657969254
16750,6.133536440692962
16751,6.374301122593052
16752,5.7691278300144155
16753,7.415554425733744
16754,7.344288972339122
16755,7.35510936720655
16756,6.93543747137147
16757,5.5119031420805324
16758,5.917181139482733
16759,6.769475897744043
16760,3.3960467780727126
16761,6.625390333656441
16762,4.843653045607345
16763,4.371272099804213
16764,1.576208278318577
16765,6.4010358495107145
16766,3.8215694605127664
16767,9.38104409933438
16768,4.575108829252233
16769,7.6233984436064635
16770,2.7866210608373523
16771,8.481186304800469
16772,4.1445504475313735
16773,3.577489069418367
16774,2.7240473982007583
16775,5.576686306556979
16776,7.045327055256125
16777,3.543620695012052
16778,7.229311585648763
16779,6.230922396444889
16780,6.06997654215779
16781,3.943425749450479
16782,8.395335394699254
16783,5.211947102419832
16784,7.701216393238555
16785,6.820515755829419
16786,7.796447113257216
16787,5.007726014130634
16788,5.375102696902969
16789,8.393168090777158
16790,8.549505913524518
16791,7.829455434353999
16792,8.772914380244643
16793,5.776077543291765
16794,3.1985849944832188
16795,4.177857522916078
16796,2.459659216280232
16797,6.732269169599144
16798,5.07794235958028
16799,8.51947597678803
16800,8.741944954656148
16801,3.205898625542082
16802,6.185942330096843
16803,1.5966123121102824
16804,7.0528852982979435
16805,7.333125989158935
16806,7.370618105868291
16807,7.449114430369433
16808,3.160019612171846
16809,5.731434987097366
16810,5.6488359103089465
16811,7.149532471295423
16812,5.907454172317841
16813,8.189293832182667
16814,7.1848979767521
16815,8.125040335034962
16816,8.546006060813948
16817,4.460719508808288
16818,4.251974524272371
16819,5.666076060269407
16820,5.0211512752047245
16821,4.9701566456491735
16822,5.523794226604561
16823,5.85566304254556
16824,6.2412872832548985
16825,7.481142187373905
16826,4.6312650969850155
16827,6.748266727739432
16828,5.894108741094058
16829,2.372875412728924
16830,3.8828032439801756
16831,6.36811607022838
16832,7.307164866234702
16833,6.9256595163534875
16834,2.9991806377221693
16835,8.091321479596262
16836,5.860816435520475
16837,5.099693955730695
16838,2.818040577711879
16839,8.766076042020382
16840,5.520429354541246
16841,2.10353031467419
16842,5.912696157450602
16843,4.868407144596753
16844,7.2132261735874845
16845,4.88617909966569
16846,7.943543943352694
16847,7.148208005092897
16848,6.280655668346573
16849,8.553213560016765
16850,5.891638977082387
16851,4.120323959929405
16852,5.450052433771808
16853,3.7555920954213526
16854,9.509329539463385
16855,7.652495560441758
16856,8.051395762792922
16857,10.0
16858,4.886124518431824
16859,7.210628028679137
16860,9.517146086167406
16861,8.948192519017438
16862,5.3270722162415005
16863,4.787118932680021
16864,6.250367525055822
16865,9.605437722311407
16866,2.6452258941965416
16867,8.574709973286172
16868,5.905958732795408
16869,7.181646141536909
16870,6.320619049948479
16871,6.273199303343602
16872,5.426974708584994
16873,8.20706345066565
16874,4.886198018963237
16875,5.296203848438245
16876,1.2816855441139707
16877,4.4633057177075415
16878,5.812665505640645
16879,4.998933176074601
16880,6.602799948512043
16881,7.8855871443206595
16882,9.102790341577606
16883,9.489739177121255
16884,6.5352431201124475
16885,7.6531000540437475
16886,1.7713258639945577
16887,5.4702383554621505
16888,1.8164799473215592
16889,6.23945638355042
16890,7.242384988584796
16891,3.7083925208458624
16892,7.272825909796026
16893,8.764744277421842
16894,4.331136688016241
16895,4.24426746759494
16896,6.929722550229137
16897,6.624601599783162
16898,4.771235353544017
16899,9.088157824740618
16900,6.847935755690432
16901,6.471069160960994
16902,5.565848049440386
16903,8.616193235817581
16904,8.31460099273975
16905,7.660190490946668
16906,2.8671571788814116
16907,9.194777875603645
16908,7.184161555767732
16909,3.376932296758178
16910,6.061400271068285
16911,6.521919224723348
16912,3.1339426151155276
16913,2.196641887365567
16914,9.041133670430328
16915,8.140801868297082
16916,4.23966656535111
16917,7.476659502355219
16918,6.616054305934103
16919,3.975856321096362
16920,7.03578798923852
16921,3.2007869171747365
16922,7.680968773822267
16923,6.997553133743386
16924,7.570525175457156
16925,9.303512098309746
16926,4.369971120207911
16927,1.5907440458876807
16928,3.9727383043128457
16929,5.756533995126413
16930,6.294274952437738
16931,2.8509078258867646
16932,4.2935049085560095
16933,4.2614583957823715
16934,9.367907816568954
16935,2.8953419319605738
16936,6.539681643465062
16937,6.49602625213032
16938,8.15683294684034
16939,3.568289710387869
16940,4.04027315132377
16941,7.312339030952812
16942,5.23621590393981
16943,5.204298562826208
16944,6.659367777177039
16945,6.824016250972905
16946,5.444526440898176
16947,4.011372085863631
16948,5.5998840641862495
16949,3.6310129764338135
16950,7.585888783885041
16951,7.011877297544974
16952,7.82720196400898
16953,5.523685326991639
16954,7.690078720255638
16955,4.70481406725475
16956,6.6712324536275265
16957,5.107475637845245
16958,0.6019555278872859
16959,3.4253235187829576
16960,4.019752012597224
16961,7.798208137565942
16962,4.159993558567614
16963,5.90363042853417
16964,8.371730840862837
16965,2.8039966930608173
16966,3.0530178257611373
16967,5.9015728882848615
16968,6.750777718397282
16969,10.0
16970,3.439843930545167
16971,7.632257682878865
16972,2.4293898252108157
16973,1.0413499499394918
16974,4.223432114652951
16975,9.504067196718532
16976,8.424319243467677
16977,8.642062288939032
16978,6.905724751945406
16979,5.007022044115965
16980,7.0886995363844
16981,3.2301587617904564
16982,5.837562903840388
16983,6.938282072358233
16984,7.143650604850908
16985,5.135042636836236
16986,7.297587972214176
16987,3.7654781094588508
16988,6.582760226002706
16989,4.075638173500466
16990,5.6396608241142205
16991,7.56660588870277
16992,7.05464512419152
16993,5.118828176943611
16994,7.166706757736933
16995,4.697461368741758
16996,8.819106332846067
16997,3.9233237200856412
16998,5.292747222188506
16999,3.6607703738097643
17000,7.579414271594715
17001,4.301122768036489
17002,6.758280796879706
17003,8.369190079400672
17004,8.99233535756736
17005,8.87151598509254
17006,4.332417825909725
17007,3.8150698707357966
17008,5.24896032278589
17009,5.398705174214724
17010,4.152595978144908
17011,6.651140673728413
17012,6.099322798323037
17013,7.406928566588395
17014,5.307623981737899
17015,3.2773156743135914
17016,6.990064492833888
17017,7.026360381473852
17018,5.763062831631288
17019,7.662240518627293
17020,7.165853316920446
17021,5.174327452931102
17022,6.053579503848722
17023,6.779007603750323
17024,3.4216850606927753
17025,5.7161390108996715
17026,5.287759007919025
17027,9.441235270430447
17028,1.3807753824156679
17029,4.192954637037267
17030,6.5456467637405895
17031,9.249617575947976
17032,3.770871179874371
17033,6.275115059652034
17034,3.7410159456386305
17035,6.800303796050026
17036,9.111463799993647
17037,2.927559770188691
17038,3.471928162168564
17039,8.682648595716687
17040,6.5410363065225265
17041,7.010017324597829
17042,4.170109436377003
17043,5.4197401023820735
17044,5.747032129154898
17045,7.291692565331271
17046,5.156050571157291
17047,9.075406300465776
17048,4.644907578640381
17049,10.0
17050,6.913229623684025
17051,8.212976789760626
17052,6.553708597122894
17053,6.545700659031518
17054,3.8037349913640153
17055,7.777802251176206
17056,3.651521596176134
17057,5.539888318871942
17058,6.719538397940761
17059,7.169123560258307
17060,5.989617729029295
17061,5.818789403307769
17062,2.9804321700168233
17063,7.411012823283684
17064,7.267043017755318
17065,6.869756634179019
17066,4.291726582014488
17067,4.841159324547737
17068,7.279103274484314
17069,8.467879511652233
17070,6.630091955604586
17071,6.075111012160342
17072,5.74260992664444
17073,6.373688164393814
17074,4.005654435918525
17075,4.707423999574137
17076,6.303836273985725
17077,8.298730362731904
17078,4.939804339215176
17079,6.402632854147307
17080,4.0784455654726655
17081,6.25724485294195
17082,8.273072986370622
17083,5.3207971378582855
17084,7.97962167349492
17085,3.8270238409106314
17086,0.7704003559115798
17087,2.1711599363026806
17088,6.867877473752233
17089,8.008954033960352
17090,6.728385675585007
17091,8.210783168141791
17092,6.644344658767863
17093,8.483249913612369
17094,2.0833930446142563
17095,4.892228818156542
17096,1.4780148418874153
17097,2.853449878890677
17098,6.164810784501209
17099,2.133885959753359
17100,8.213259929494132
17101,6.126449253053661
17102,7.6572053022616196
17103,4.557824682226502
17104,6.790063085664867
17105,7.307433276581683
17106,5.838464397976875
17107,1.6845888709267791
17108,4.173329624342838
17109,8.55663370846286
17110,5.616381088187921
17111,4.799426058225886
17112,4.799888538831959
17113,6.726714814480776
17114,6.932711702842399
17115,6.776919304442377
17116,5.117334969744261
17117,4.743404676816657
17118,8.459275060308656
17119,3.4612543352700564
17120,5.649042082210057
17121,5.51329739095622
17122,8.575634041160985
17123,5.454047145744969
17124,7.731070374721297
17125,5.669384447555868
17126,5.000611633408458
17127,5.705084933607254
17128,8.145018262077905
17129,1.8001155069149397
17130,9.918608630454761
17131,8.628688699139111
17132,5.720020183914377
17133,5.973605535407827
17134,5.1337768873261584
17135,6.267836439351067
17136,3.766074143309552
17137,7.978899771240073
17138,6.646339504774157
17139,9.96026953203224
17140,5.065099492126004
17141,6.02874000655131
17142,4.201537276342677
17143,4.437485738450893
17144,5.112670976647696
17145,2.781377866646576
17146,2.7048198805137726
17147,7.598709295729364
17148,4.188859763240156
17149,6.613265861573985
17150,1.2356207074493273
17151,6.059145939890145
17152,3.1440841013939242
17153,4.0610355367193565
17154,3.503708984094542
17155,3.229335811830758
17156,4.492946595220864
17157,7.580112827629919
17158,7.4448524704575565
17159,8.287345944741507
17160,4.227274104068404
17161,6.646799230805865
17162,5.9852755710762775
17163,8.153458221779859
17164,8.25103390830715
17165,5.90378328692647
17166,9.050031667458292
17167,6.270922564620205
17168,6.86819644865149
17169,6.1564602291440735
17170,7.0855608901785
17171,5.2429691991765
17172,6.447927611813161
17173,8.564191130784542
17174,4.734397187513624
17175,7.265864061762766
17176,6.318060420955211
17177,9.401337959445518
17178,6.250104369123028
17179,5.37916787066148
17180,8.168120172100007
17181,6.990679972456713
17182,4.032456211549689
17183,6.732556726011614
17184,2.9594874078050806
17185,8.259725337419924
17186,5.085282360901273
17187,3.2122301341000488
17188,6.566880457392735
17189,3.012509445460898
17190,4.65091239331638
17191,6.282789037138162
17192,4.13341978011945
17193,8.061787493852309
17194,2.7396827605056613
17195,4.016077078801022
17196,8.630440014816594
17197,7.537238940529543
17198,7.699487973598934
17199,6.813907668000432
17200,5.0148550906022855
17201,6.235605584075509
17202,6.760577118806651
17203,4.665316934272527
17204,7.252891733299324
17205,5.908343821034165
17206,3.675408545675632
17207,4.277653354403549
17208,8.097889895680606
17209,8.851065282107884
17210,7.409770054629624
17211,8.011276020534778
17212,3.0736255702606647
17213,7.032313167453328
17214,9.232497940260698
17215,5.902539293477076
17216,9.822147178882847
17217,5.2400150282013325
17218,7.145260429846089
17219,8.695006571278384
17220,2.7785120337751845
17221,6.054242131595821
17222,2.071959085428222
17223,7.327405259619787
17224,5.5637282665602275
17225,2.3131722364382985
17226,7.286664281571165
17227,5.819062334942276
17228,8.327136704830181
17229,5.376008303561428
17230,5.190046317668873
17231,4.097269165344094
17232,4.7790287703577405
17233,4.804390968922846
17234,8.649894778761348
17235,8.592384845838193
17236,5.417387190093228
17237,7.383641261462499
17238,4.017663627910029
17239,4.053584809385084
17240,4.056703875404623
17241,5.303513990145899
17242,4.093143166615718
17243,1.9015257655683726
17244,7.399887942724063
17245,5.786522830199573
17246,3.7286018415220137
17247,8.855368729201196
17248,4.883364487409189
17249,5.634928752447696
17250,3.953800374661972
17251,6.2112566694999565
17252,7.213825842316995
17253,8.814268022083485
17254,3.627227461519847
17255,4.589324657921528
17256,3.6680635939992485
17257,7.845482555418317
17258,8.546658608302412
17259,6.5771106056727415
17260,2.0274691238135047
17261,8.35509495242269
17262,3.145642303716888
17263,6.781612979814506
17264,4.90045590077868
17265,7.510536018621403
17266,5.537893780627368
17267,8.272681308924776
17268,2.8870936493097163
17269,4.880187632263989
17270,7.0799602448755135
17271,2.0062577230252763
17272,7.087781016049469
17273,3.7134924109953493
17274,8.621079409871614
17275,6.999318819889972
17276,2.9444256421956316
17277,4.476387458791664
17278,4.331524304602018
17279,8.941449718223623
17280,6.355825905479425
17281,5.663621755955328
17282,7.468225624724418
17283,7.288134434454266
17284,3.326315256143483
17285,6.380801306507999
17286,7.242635013844599
17287,8.423142321104127
17288,1.5136457593084107
17289,4.71496333368291
17290,5.345256147093911
17291,4.471977534155632
17292,8.539036006143911
17293,3.8917553790280452
17294,5.387284990473644
17295,2.887031616814316
17296,6.762212486843427
17297,5.113480627825023
17298,7.024013124281703
17299,6.713837547165307
17300,5.42716323443754
17301,3.3762023349252592
17302,8.703257529105192
17303,6.510449012768435
17304,5.230625225645821
17305,5.976129921391154
17306,3.216815443999574
17307,7.563391817750986
17308,7.35374989644239
17309,2.2025730494693185
17310,5.836839458089321
17311,7.053493641785947
17312,5.894618020440053
17313,8.02321005699034
17314,8.520981474754494
17315,7.773456692283379
17316,9.05017366620797
17317,6.844276043799427
17318,8.168141153289103
17319,2.946485046360812
17320,6.918584544380779
17321,4.7885286913024565
17322,3.723023126572569
17323,8.098343844775128
17324,4.745459372452187
17325,6.310803316966529
17326,6.616102289624381
17327,6.005671670890866
17328,4.886442110978611
17329,6.5772624937717445
17330,4.906715442252452
17331,8.362764308658875
17332,5.7379459872675636
17333,8.810777693579467
17334,4.7957319516564
17335,7.293923266721163
17336,5.030805298437169
17337,3.3297754935449495
17338,9.173174584401501
17339,2.2512057725513643
17340,6.9613265495095895
17341,5.538528132424964
17342,3.910923430241313
17343,5.879180360758715
17344,5.579079508252141
17345,8.760552773381306
17346,4.723585332671477
17347,6.506842867167844
17348,3.1313974976350543
17349,4.595746515534966
17350,6.5241188311357
17351,6.867790610332712
17352,6.237631936672416
17353,6.013083663839227
17354,6.884696318325405
17355,5.777033699845752
17356,6.910564060139391
17357,4.2203877614479754
17358,6.546976224491994
17359,2.548201426026977
17360,2.2983995655677982
17361,5.491493249374718
17362,8.601095154785279
17363,5.447578007113161
17364,7.644499941623478
17365,4.753709427753803
17366,6.99815282710013
17367,8.460291044026247
17368,8.566347563526007
17369,5.004907054105351
17370,5.3084718534797
17371,8.431977204571373
17372,7.258716385860245
17373,7.271007648896495
17374,4.473026661463977
17375,6.116892386768429
17376,8.11510000598273
17377,8.262639078061307
17378,7.345426841044195
17379,5.678224031729981
17380,8.700264102210658
17381,4.240503382246624
17382,6.997455556435922
17383,3.963863418506312
17384,8.057135484702851
17385,6.5256668834281495
17386,8.751292624919884
17387,9.044342693672137
17388,7.722702690112156
17389,7.642047669567682
17390,3.049837739350277
17391,3.8866329808628226
17392,4.695410003294969
17393,5.440874518805632
17394,7.413967602645524
17395,5.385384518144919
17396,7.021604586149997
17397,7.367566751617323
17398,3.59516206754805
17399,7.505927094574751
17400,6.396052795612294
17401,1.2248198456424928
17402,4.120808491184503
17403,7.262271052646749
17404,6.003232796639503
17405,4.3142451252128495
17406,4.193330973430184
17407,4.408197880875568
17408,6.292732805392383
17409,4.648038451564396
17410,8.535320855871785
17411,5.303210590730865
17412,2.1038793366899835
17413,3.5657823509608266
17414,5.655279199374901
17415,6.044963986888444
17416,6.902379647226494
17417,5.546382850380959
17418,4.552223496589773
17419,6.45497861206589
17420,5.120013153230188
17421,7.687551693288622
17422,5.925670299310115
17423,6.931614358055361
17424,5.5405334440320955
17425,6.7890213578317455
17426,7.399700801297141
17427,4.609941021823203
17428,6.801184073373259
17429,6.451756414695424
17430,7.8313240962083634
17431,4.08322837731351
17432,6.729668420326803
17433,8.058913221696125
17434,4.836484181050457
17435,5.349626019867691
17436,7.113094470816481
17437,5.7947766673694225
17438,6.886134779419768
17439,7.3610976509950685
17440,6.286879640266903
17441,3.6197691596870443
17442,7.978926602592695
17443,4.669255283038187
17444,9.20785739931613
17445,5.696424457004948
17446,6.491422815930358
17447,5.484340091742005
17448,6.057211733451831
17449,4.166865818385403
17450,8.912470076545663
17451,7.5598124560999285
17452,8.725156308145463
17453,6.22292698816031
17454,6.948420669708677
17455,3.673572650143587
17456,1.4910233178530783
17457,8.429368227553734
17458,5.155684423566286
17459,4.4836440727436075
17460,6.941835353358591
17461,4.059800051886029
17462,5.304590775316822
17463,7.462044256532633
17464,1.2103207261601843
17465,9.5250159057794
17466,3.4157564743059794
17467,5.764761153383044
17468,6.757730461401902
17469,3.64613991567051
17470,4.267397178135505
17471,9.910442057329409
17472,7.762274499740537
17473,4.2689008575596095
17474,3.943803623892716
17475,6.924852569958043
17476,7.571526647466673
17477,8.49213342030684
17478,7.127197246303069
17479,7.044259834949139
17480,4.728010947500564
17481,4.911803890584537
17482,1.5279656131354034
17483,5.630947353625348
17484,6.152332926527281
17485,4.921238555890666
17486,5.148078585667931
17487,9.170641416224436
17488,6.708655470058046
17489,5.541324647544779
17490,3.728496959312909
17491,7.000135485126982
17492,5.872093454148322
17493,8.138019998173647
17494,6.123842171966613
17495,2.522409487195727
17496,8.457103276250045
17497,2.513401362999952
17498,6.883362666557685
17499,8.465556553751997
17500,7.69712082846822
17501,3.3608428673270683
17502,5.896006565016494
17503,7.467262152342911
17504,2.761777639086459
17505,2.2417162270976636
17506,7.607944254242431
17507,6.167180819169859
17508,7.478528643698763
17509,3.693605393584151
17510,5.652572580460211
17511,6.972942047056356
17512,3.207500552804008
17513,4.798683223757815
17514,2.0362673593613123
17515,6.563466448291015
17516,5.5307978641770505
17517,9.343368926501675
17518,2.1900898459062086
17519,5.90077653879657
17520,7.588191131939166
17521,3.885599653312136
17522,4.987632337590133
17523,7.543891835511763
17524,8.815861240222251
17525,4.788146921751279
17526,8.710983079593506
17527,5.147957607884644
17528,4.123438726950632
17529,4.8708968630795875
17530,2.4596249474861085
17531,3.7053537625231794
17532,6.567796959255011
17533,7.986719122439621
17534,3.2117016001163403
17535,8.348256016062164
17536,3.867528156987527
17537,5.407960559219312
17538,6.50245392637864
17539,1.174112035887346
17540,7.581160320723383
17541,9.438165650018956
17542,4.574821408778763
17543,6.356544968268343
17544,5.249471547097766
17545,3.5510273420254506
17546,1.4967409276270665
17547,7.477446500330218
17548,5.192093587384271
17549,6.4697930049238135
17550,7.780403083429402
17551,6.037122917104265
17552,8.8155259956205
17553,6.61581144718391
17554,3.719673262942889
17555,7.282454934797457
17556,4.379273728800139
17557,6.118757164919475
17558,2.7997075598761145
17559,5.786701817295906
17560,6.385914437394152
17561,7.736945805068228
17562,8.449264155090225
17563,8.503199668860788
17564,5.9182390527827575
17565,3.1961165263075313
17566,6.374462973261708
17567,6.407495445894201
17568,7.288058833994613
17569,6.57204773966624
17570,7.9094368076770785
17571,8.374637623536922
17572,5.482483841774679
17573,2.7234411679340154
17574,5.608096395141835
17575,5.53213486285974
17576,4.9066395943685555
17577,6.04639655741196
17578,5.415180425265358
17579,7.424285112325004
17580,8.500979772978084
17581,2.001566020903694
17582,6.65832686303456
17583,6.856760508826076
17584,5.648909091408917
17585,9.019074341345494
17586,5.616760542114776
17587,4.052170674544865
17588,5.587281639298019
17589,5.024928827085755
17590,4.451248881412694
17591,5.691221721461694
17592,4.389312605950556
17593,6.502107564893077
17594,7.3502202591345
17595,7.658231718844397
17596,9.905157290184613
17597,5.204396184189081
17598,6.778908749172871
17599,3.863989853679783
17600,9.561283034568413
17601,9.148908221002424
17602,5.130416838841716
17603,7.233269870008649
17604,2.880231373169829
17605,3.669059997763322
17606,8.434287918772705
17607,4.916123307906147
17608,6.988649672547519
17609,5.765338920736729
17610,3.9717074107813852
17611,2.219914026725253
17612,7.429827271282592
17613,3.536526315121455
17614,8.660558153114069
17615,7.784094472149901
17616,7.757311189020078
17617,6.877933259954205
17618,6.870903156001516
17619,6.090938974345473
17620,8.704374871578104
17621,6.2124594975751695
17622,4.3342877917812555
17623,7.9818622279652605
17624,7.131589213013017
17625,3.8658233256994956
17626,5.193038000848029
17627,6.451653186919669
17628,3.364993839709075
17629,4.960225496819328
17630,7.476141154045216
17631,4.863686568559955
17632,6.034588891588693
17633,6.111464100931712
17634,3.884298471513806
17635,6.290895003103557
17636,7.281528228280863
17637,3.5892796970432803
17638,6.288312397684163
17639,6.3613566126009875
17640,8.462476334401375
17641,8.128081435509124
17642,4.945122010640123
17643,5.991472728754685
17644,7.833589609289006
17645,5.772711003927476
17646,6.703810820482197
17647,6.071320799858461
17648,5.898756760437522
17649,4.542869318942107
17650,5.932927210138603
17651,6.967069686609017
17652,6.250406854958636
17653,4.860004501064339
17654,1.350756456016999
17655,8.149988528082723
17656,4.104703132680953
17657,6.456080648564431
17658,3.711875984810211
17659,5.644670822232528
17660,6.115888438359968
17661,3.083079570923934
17662,2.1796336849879085
17663,7.472404530540858
17664,6.637272661682417
17665,9.750228718544168
17666,4.548750974837938
17667,6.0958125621216634
17668,8.4479454279788
17669,7.928926491301395
17670,2.6273707051920137
17671,6.067388221934651
17672,7.595717989600238
17673,9.160066341685768
17674,2.1065734651663295
17675,3.0324046967180207
17676,2.758289417558834
17677,7.522830741429653
17678,5.178779446793726
17679,4.85836395697213
17680,9.140698525038477
17681,4.906065136892889
17682,7.066099893263018
17683,5.467480998078887
17684,7.695012508231999
17685,3.7756791633659406
17686,5.983478570874599
17687,6.456879070629534
17688,4.138638866817261
17689,6.079125719598062
17690,9.663569836936292
17691,6.456281320095559
17692,5.864857785193712
17693,7.231349761691854
17694,4.920450285974284
17695,5.333745986775642
17696,7.777373031006444
17697,7.915797781478441
17698,8.08815953674942
17699,1.8468355700352814
17700,6.459791170957379
17701,6.477045178968684
17702,7.4669830674035484
17703,8.132781242324544
17704,4.262292689022276
17705,6.888989527948774
17706,5.291499742588927
17707,4.134695385969523
17708,4.314041579738456
17709,9.029521274644008
17710,3.6569472265099203
17711,7.781851356092181
17712,7.541771544944476
17713,4.045329944552444
17714,6.628042962205594
17715,8.929526949660204
17716,6.1008310900730995
17717,4.320362810159686
17718,5.836969551857065
17719,4.8940677859398525
17720,6.555573601479779
17721,6.430853915620489
17722,6.260900852900159
17723,6.049818936028647
17724,9.328649978124822
17725,6.138277108168585
17726,6.016311163256585
17727,8.152023782460649
17728,2.124759688385878
17729,3.8363691359020557
17730,8.661845675959416
17731,9.961013344894084
17732,6.709119700425139
17733,7.466815500031906
17734,7.951709935788788
17735,8.087032302578834
17736,4.5457959654729985
17737,9.17887618597749
17738,5.491274211460655
17739,4.0698511927092245
17740,8.089913696372994
17741,7.119453787327024
17742,9.40376880076653
17743,6.362223774465813
17744,7.365134299946062
17745,8.52490663090604
17746,8.464247420056392
17747,4.3987815977216735
17748,7.989780474953544
17749,6.203913752147282
17750,4.907391843864181
17751,4.192730958106419
17752,5.757804974641032
17753,7.373957127685097
17754,9.950851590676399
17755,5.014031028664082
17756,4.3154918288229025
17757,5.925455166281266
17758,4.729649437339913
17759,0.0
17760,6.404323153640529
17761,6.151684697071758
17762,7.125299336692313
17763,8.789420272542515
17764,7.52968772425654
17765,3.6140137100455947
17766,7.312116824122955
17767,4.551989418562933
17768,7.147126125922226
17769,7.0118307163318745
17770,7.520529112565747
17771,2.7513290409576943
17772,6.05658627801183
17773,7.977494743729503
17774,7.9595272744402585
17775,6.078630757588565
17776,6.184626666881334
17777,5.065277715135538
17778,9.39587717262715
17779,9.241144996228897
17780,5.126741924940719
17781,4.6916524513020645
17782,4.680891378492637
17783,4.104018309861126
17784,3.4760696113593865
17785,9.695341705996363
17786,8.147982110690215
17787,6.200995211144731
17788,7.681139734128122
17789,5.573403210412065
17790,8.022184163485079
17791,5.545656326493384
17792,4.026370528794266
17793,6.271612706424393
17794,5.328562657527785
17795,4.783066978999909
17796,3.824103761166808
17797,7.2602345444573935
17798,5.731616282899864
17799,6.320072449816166
17800,5.226922849244473
17801,6.32941182818263
17802,8.286905780598225
17803,5.672091720781588
17804,1.5487101890577413
17805,7.000757545544369
17806,7.073105778618069
17807,7.158171994841259
17808,5.928742053218217
17809,7.367073313191774
17810,5.1343921973332165
17811,3.7162476855254942
17812,5.138414713734071
17813,7.3712877289028125
17814,5.2442931204756125
17815,1.9859772047389452
17816,6.358997030967083
17817,5.054273806889345
17818,5.539360806918841
17819,7.248712564497109
17820,6.959422375608407
17821,3.8047103340325883
17822,7.447508803846013
17823,8.661643432414428
17824,5.741582664331056
17825,3.4774845990509635
17826,6.907980285881964
17827,4.845515229639307
17828,4.66451043088378
17829,6.18862619019892
17830,3.490456031927036
17831,4.317054306945329
17832,8.164423564242888
17833,7.748989316988875
17834,6.157855496617707
17835,6.084790499055336
17836,6.715788569629737
17837,7.168323977966695
17838,5.194719989011267
17839,6.469193731104047
17840,8.374505981954808
17841,3.9869301750736286
17842,5.27285172460418
17843,7.662345948964472
17844,6.442062612724231
17845,7.55942038762847
17846,4.605064796963647
17847,5.249294048136152
17848,1.382182285668835
17849,6.189025167975782
17850,5.392470195661131
17851,5.276024024639012
17852,5.2840980399307345
17853,2.940543142468048
17854,4.013833362822447
17855,8.934162800342735
17856,6.625275960966652
17857,8.51125894242882
17858,6.060536632080801
17859,8.528566479119617
17860,6.92315517325787
17861,4.466285034541547
17862,3.5853286726833677
17863,6.84545085939553
17864,4.8909171199205
17865,6.926789975229511
17866,5.973046446394211
17867,8.415497788642671
17868,9.036006317303297
17869,4.763886101041516
17870,7.486308194708099
17871,7.58496715042774
17872,8.44482501826936
17873,3.9080425131250145
17874,9.520993555223203
17875,4.920649232748956
17876,7.521767644467117
17877,7.913072349991674
17878,6.231707447440792
17879,5.267143870009644
17880,6.310766990689348
17881,5.523972009550883
17882,8.148490123241068
17883,6.100565328654856
17884,1.294477245478856
17885,2.677239044812711
17886,6.262940827309425
17887,1.7304850561080956
17888,2.7319799972478376
17889,8.227332834152763
17890,8.941916781846414
17891,7.16677879504049
17892,2.771652083619914
17893,7.298024949806832
17894,5.533094836246532
17895,5.468682629358156
17896,4.188034783939682
17897,3.591987983220309
17898,5.902104150224696
17899,5.2697047091388995
17900,5.694998592274334
17901,5.984283638186405
17902,7.9320650101652905
17903,5.938722004276968
17904,4.739426392713306
17905,6.628139282251825
17906,5.7042219227472435
17907,8.74989008285337
17908,4.9244158658944315
17909,7.636548151781568
17910,7.717729592120356
17911,5.5019042106389975
17912,7.00664783483843
17913,7.845354989456266
17914,6.640458712728906
17915,6.072341049312382
17916,5.79524131482404
17917,7.641852582251251
17918,4.919874607795723
17919,3.7371615513187106
17920,7.01238272391761
17921,3.8953880830345566
17922,9.100741883123723
17923,6.405113274343798
17924,2.415773272694559
17925,4.746987309276613
17926,4.8077930711626795
17927,4.273795505474077
17928,8.889240942607765
17929,8.638565464033048
17930,5.903556932697731
17931,4.16145558076176
17932,1.282739519226817
17933,7.150381865120238
17934,6.336609000197128
17935,6.5949654071100205
17936,6.840029764926102
17937,6.5065529905478074
17938,4.604296576087535
17939,9.571951366972598
17940,8.698219368159146
17941,4.684213976858112
17942,5.10116348950383
17943,7.182241068940605
17944,5.499802657786155
17945,9.14345534591862
17946,6.512630884947734
17947,9.220567169625422
17948,2.5751979529313185
17949,4.304839100071662
17950,5.354394119611212
17951,7.913609936934235
17952,7.174524112175915
17953,8.742466474656723
17954,4.020269755770822
17955,9.774542248587112
17956,9.61124904266946
17957,7.80459145282121
17958,7.410802850187715
17959,7.112211994673263
17960,4.199457919862548
17961,5.7222168828223525
17962,6.449430901073286
17963,6.457161699075261
17964,5.025991251429679
17965,7.889891260649391
17966,8.959953745570989
17967,6.191047847236052
17968,7.629149851439511
17969,5.93089905070615
17970,7.289865002430878
17971,4.084403904341576
17972,7.558949518917924
17973,5.419573010748333
17974,7.8776731149180295
17975,6.336996690594177
17976,7.717298383278149
17977,3.63679124136887
17978,3.850878108795262
17979,5.348885193943204
17980,6.388094399369011
17981,4.558087541462472
17982,7.224418210293933
17983,5.881150632137008
17984,4.2931548705297535
17985,9.454322373113708
17986,8.592237536514439
17987,7.820778841456788
17988,5.7374167753662
17989,5.832860893488191
17990,4.612811377854515
17991,5.876202554553846
17992,8.565508822636652
17993,5.492437427179654
17994,4.211071159442031
17995,1.7829964340735371
17996,6.638255359297553
17997,7.039467216493281
17998,4.93106230221102
17999,4.965571909559899
18000,3.861012924935924
18001,4.657180801807897
18002,5.399796130720715
18003,6.909329225711215
18004,4.644489613528249
18005,3.604541725775637
18006,4.805554005189943
18007,4.067413389778641
18008,7.736019330904708
18009,1.5580542438299672
18010,5.943911023074678
18011,7.038241643094708
18012,3.9189800592312265
18013,9.348981760052826
18014,5.653679391230663
18015,8.958005111649724
18016,8.973360977505035
18017,6.981268037300813
18018,7.748144691527962
18019,5.870916438863654
18020,7.598258217692445
18021,8.243199007369878
18022,5.668782916897444
18023,2.8614776618817763
18024,4.169131510090621
18025,9.060459192774573
18026,5.451627470264219
18027,5.104249766139048
18028,5.27392409486684
18029,8.614368060543502
18030,7.840997076648234
18031,7.196376973719916
18032,7.949272992747076
18033,8.438230502863206
18034,4.557386472712842
18035,6.474571132703014
18036,4.4330546712572785
18037,7.710170129011616
18038,6.912585859576965
18039,7.38244902183302
18040,7.113737846621431
18041,2.46625574247861
18042,5.841335404191625
18043,6.793414581442308
18044,4.2064452955888525
18045,6.5758666681047195
18046,3.872872692070229
18047,3.449735861196738
18048,5.787219549463477
18049,7.083224177622313
18050,8.437056731720025
18051,5.417500193082772
18052,5.249610259244878
18053,8.506913239228092
18054,6.342975021728008
18055,6.3095288239726415
18056,5.74105719719029
18057,7.28177869618064
18058,6.89514373780923
18059,5.478479037912221
18060,5.357743411716148
18061,7.51959747372698
18062,7.591439837668467
18063,2.252630974208886
18064,6.355731794629806
18065,7.656442314810194
18066,5.025716219029775
18067,9.007832799620259
18068,7.384870269616173
18069,7.492772204866339
18070,5.592237566561833
18071,7.242500220385168
18072,8.117248907486198
18073,6.5993150180403495
18074,4.238413555678085
18075,5.1838410482224
18076,7.160097419494335
18077,7.231214787617944
18078,5.809307539760339
18079,9.172137931259924
18080,1.9673777557178735
18081,8.37727143646444
18082,9.086830287089724
18083,7.444309644255112
18084,7.620524881973552
18085,1.1231584534529018
18086,5.642784800907137
18087,5.002978232650368
18088,5.642418090675613
18089,6.789521676581421
18090,7.554766837857337
18091,6.085352459490605
18092,3.354785956047319
18093,8.305533579823905
18094,6.054209903810868
18095,7.807912388576404
18096,6.249058751543379
18097,7.469850506473891
18098,4.856811038417958
18099,5.943467670586993
18100,7.018640073984125
18101,4.109311497652282
18102,9.095709439366232
18103,4.524963781018504
18104,2.8237831965352633
18105,6.2948044345629945
18106,5.604251714203528
18107,3.850915139870292
18108,7.211755812510087
18109,4.83163217638002
18110,6.859308939504135
18111,5.0660191728418855
18112,9.184863653955297
18113,8.79329806427827
18114,6.797860414337702
18115,3.2415170631775596
18116,2.8876868934359745
18117,4.730682908369993
18118,7.479957697762796
18119,5.015388045075559
18120,2.997617724414115
18121,5.008623659384765
18122,5.142380591845117
18123,3.985159908320739
18124,4.951146127530201
18125,9.191250279513318
18126,2.597385081870907
18127,3.757501458575524
18128,7.320417638724676
18129,1.9601371296710912
18130,2.3330851426525263
18131,2.5950101746239747
18132,6.651511533882964
18133,7.097025641792639
18134,7.679713395273433
18135,6.413311284449736
18136,8.474337349554055
18137,4.571836732598836
18138,6.5266118646223275
18139,7.069508810407589
18140,4.838189428821405
18141,3.4621831025469243
18142,9.186780061984187
18143,5.409806337248865
18144,5.194791968428321
18145,6.043515765038714
18146,5.14085029150351
18147,6.852005925780242
18148,8.005985342275016
18149,8.340345516284778
18150,9.078266406454125
18151,7.645137557781716
18152,5.8345152911597005
18153,4.941151375807915
18154,7.643894156073676
18155,7.245356187842704
18156,5.115382994586782
18157,9.822089058524648
18158,6.337829684427403
18159,2.7633905331713375
18160,9.035261549681994
18161,4.337742114337461
18162,5.046689973712608
18163,4.644349131313553
18164,8.954004494565549
18165,3.169483544728211
18166,8.608157632232007
18167,3.0933417335010103
18168,8.96156488612121
18169,8.217395376727973
18170,4.884086574723189
18171,6.521585596562661
18172,4.898620940153427
18173,5.989878374829509
18174,5.343749472943131
18175,8.272838155603822
18176,6.72621919681953
18177,7.879846499193441
18178,0.5593094307691192
18179,6.639679538947134
18180,5.568667052253048
18181,9.403428565434323
18182,4.453625977321466
18183,5.58866549102426
18184,6.560574322346255
18185,6.767416263110636
18186,6.869228729619023
18187,4.0347907275891215
18188,7.0461912084268175
18189,8.302647102230408
18190,8.577717973107557
18191,5.626783142846979
18192,5.9281812940434975
18193,5.008424074457121
18194,3.780843994137989
18195,6.512026546279299
18196,6.696692469586779
18197,8.303382700573316
18198,8.726370244677003
18199,4.486620025101128
18200,8.060779581397219
18201,5.981259068138726
18202,5.7558980998586815
18203,8.977871805189954
18204,6.852647787300712
18205,6.882387470012823
18206,5.8765142855170165
18207,9.643761893313005
18208,7.28227501995221
18209,2.6716485063775632
18210,8.468553115626335
18211,8.632119112005979
18212,4.283060851242067
18213,8.943822473673414
18214,5.848383359301126
18215,7.034172451994347
18216,4.314973262811631
18217,5.362931801649001
18218,4.193214004924392
18219,5.134427414359493
18220,7.909105103370864
18221,1.472677396685155
18222,4.518686451573912
18223,4.765227815229965
18224,4.888809444693736
18225,5.709691996083987
18226,6.813313857534395
18227,4.8623416561077235
18228,4.8272417620601
18229,6.443520762816761
18230,1.0552598805554343
18231,6.042577396140861
18232,3.3670183067379984
18233,7.485164593059421
18234,7.149766219150139
18235,9.634374116689987
18236,5.676144327944305
18237,8.858693691591656
18238,5.317037332116079
18239,6.580654843130848
18240,8.164073065205878
18241,8.740227497976928
18242,6.778765266077005
18243,6.938232845042393
18244,5.738980179297067
18245,8.017057372849605
18246,3.0803631414784114
18247,4.917574494512204
18248,4.269285402541684
18249,6.8109922387620925
18250,7.208792919980731
18251,6.20022019062665
18252,3.5339336983849883
18253,7.992339328155351
18254,0.5825573932741259
18255,7.7346572472752
18256,4.402713319618502
18257,8.349553535450337
18258,5.38051974234773
18259,6.448519208740191
18260,9.065734369117715
18261,3.4592827705925053
18262,7.539937154083566
18263,5.105966678850927
18264,7.578200306598932
18265,3.986285179067948
18266,8.016649553913071
18267,5.156382244800044
18268,5.830967637641912
18269,8.818970763382387
18270,6.681631165316709
18271,5.9764320733997
18272,5.704921918039726
18273,5.792292163242604
18274,2.971134835236757
18275,2.304669452082515
18276,4.253843818794032
18277,5.795046256304025
18278,3.6448403798557787
18279,8.33648522755869
18280,6.0463229000974685
18281,7.543308331804958
18282,6.170944120798473
18283,2.787017106114332
18284,3.2915391455519334
18285,4.812271720817552
18286,4.146391657619789
18287,6.479834139186293
18288,7.167583214454139
18289,5.223242323562436
18290,6.0764372736741565
18291,9.03882372892778
18292,4.511454371308041
18293,7.699410134418458
18294,6.804653516201068
18295,6.674920176007662
18296,7.932808380681305
18297,8.987858364658267
18298,0.4877379596625704
18299,1.9576529594668353
18300,6.3164691582255585
18301,5.261759955151548
18302,6.053392589306756
18303,4.995865688531242
18304,6.879751223751526
18305,5.181416975596206
18306,6.585037320718181
18307,4.332560047294762
18308,5.8896648890015335
18309,4.701638644524427
18310,7.180327070726448
18311,4.7021392805598285
18312,7.423038036844322
18313,5.170051073434847
18314,6.298617047120496
18315,4.793181405836258
18316,10.0
18317,5.609839048148869
18318,5.559376828383201
18319,4.078903977147763
18320,4.3629264040508255
18321,2.9263694020940862
18322,3.5252406583438187
18323,4.521852045721243
18324,5.2069395686115225
18325,7.220174954632766
18326,4.423450408632578
18327,5.53566634571831
18328,4.2341874867571505
18329,2.9313338312994945
18330,5.995330634544212
18331,7.039659388984377
18332,6.085605015926152
18333,4.729728473096908
18334,6.2951967081996
18335,6.851278765417467
18336,4.9659343707669725
18337,5.772356824297855
18338,7.672087455313436
18339,7.577463023133721
18340,3.686081792901513
18341,9.539554453569965
18342,3.386199852994892
18343,3.8794746850966755
18344,5.604754261364305
18345,5.373420306485405
18346,3.797446227927483
18347,4.1787433565839835
18348,7.36636610400946
18349,4.942976572997054
18350,5.847745299830051
18351,4.851842692748502
18352,2.040695783141081
18353,5.771633902835373
18354,4.123141398408599
18355,3.9972848052851795
18356,4.578198446961867
18357,3.890618368131107
18358,8.523633790574529
18359,5.066857959888277
18360,8.744584163007762
18361,7.579787055378914
18362,8.101949967954567
18363,5.322325600047719
18364,8.250729331339663
18365,6.831714793070405
18366,7.295871572118715
18367,6.8434576357939685
18368,8.208526331090116
18369,4.286138977890828
18370,3.4110191662740785
18371,8.310872739166681
18372,7.085093285624604
18373,7.388019077610946
18374,6.029259826137146
18375,7.664909390683254
18376,4.02130284687297
18377,3.321277078132275
18378,6.082158494556342
18379,5.523421302379897
18380,5.770329281686788
18381,3.951663716755615
18382,6.972531458556897
18383,3.7094340548883897
18384,7.072708313121587
18385,6.0938095514510335
18386,6.145839986704241
18387,5.886005856179606
18388,7.741812851831865
18389,2.863208074899912
18390,7.95883911960363
18391,2.9590398970465346
18392,3.990144875840687
18393,8.24949329848696
18394,8.158453031028305
18395,7.065139850270984
18396,6.704104090971976
18397,2.307376807215251
18398,7.373328159698122
18399,7.897302848211234
18400,6.738749091214018
18401,6.734497426129642
18402,4.554577638711854
18403,4.2042944508905435
18404,3.8157302418970915
18405,6.7668724346762
18406,8.150757913595411
18407,6.171843542306281
18408,6.000250779329515
18409,4.846845621244484
18410,9.656377620336832
18411,4.4892327112556485
18412,5.0173771960285105
18413,5.808127523694198
18414,3.322701191554411
18415,5.208774589880756
18416,6.835891680089206
18417,6.254321802348866
18418,6.511131769045237
18419,6.443621465483222
18420,4.825791521352518
18421,8.12642141766622
18422,5.070050589972396
18423,5.17943848225932
18424,8.464741264521782
18425,3.945316630955153
18426,6.59007675021628
18427,7.631960695068692
18428,5.3617888998989836
18429,7.84331418417124
18430,7.740776804442535
18431,2.3315748487662202
18432,4.537863360181601
18433,6.787656161989252
18434,6.50914784478911
18435,5.087351355864559
18436,4.0756582758303015
18437,5.032609403895078
18438,4.445311531191329
18439,9.09452236788512
18440,6.854317080607129
18441,7.593603037680549
18442,0.2308393232428163
18443,4.9483665286705625
18444,4.72508119448525
18445,5.180136715648687
18446,8.08128844956832
18447,5.4176841303369905
18448,5.772916129684893
18449,1.635395086348357
18450,4.391509713252965
18451,4.8402490320876845
18452,6.992071331370804
18453,2.3788712362139983
18454,7.97236551082913
18455,7.991721172152436
18456,4.891181838181229
18457,5.847295398175943
18458,6.9873138264152965
18459,3.299239990506547
18460,5.090641820128036
18461,4.0159389752722365
18462,7.394424197837605
18463,4.647288702598137
18464,6.120141831680078
18465,7.526312216019033
18466,6.3511381955043476
18467,3.9852717296031175
18468,7.836633834244224
18469,5.375244307917722
18470,6.454694493935859
18471,7.640054088797243
18472,8.063344188603605
18473,4.251638845745748
18474,2.0061569430636363
18475,4.773968122891749
18476,6.5086290283503985
18477,7.150219492350865
18478,7.985385345211354
18479,5.302071025959998
18480,7.185989108285248
18481,2.036405357359281
18482,5.143670802246703
18483,6.4142304403032355
18484,9.285056564664231
18485,4.550176675282258
18486,5.490742106322388
18487,5.368296550562174
18488,5.72657827340637
18489,2.225864995987152
18490,5.467471468130318
18491,5.0294589738690565
18492,4.273147628257321
18493,3.8619266909332017
18494,3.608701457149941
18495,5.705039942908119
18496,7.465819487339397
18497,6.380239463868521
18498,7.5756736772423
18499,5.4560127884348155
18500,4.399314235470104
18501,1.9387050762438307
18502,4.74489202444893
18503,8.391529896302492
18504,2.655218203501321
18505,5.295660904308611
18506,2.936592905826994
18507,5.344822462723663
18508,1.8136590698120023
18509,5.197210392567997
18510,6.373993219019516
18511,5.068336166285924
18512,6.6123795435670525
18513,5.878073611972249
18514,3.6957416026154797
18515,4.915349055754263
18516,7.814639752334856
18517,6.108099464566865
18518,5.036532381252216
18519,6.349774390031676
18520,7.23142214009761
18521,8.600247280550812
18522,6.5805152717403255
18523,6.85498980018153
18524,0.0
18525,5.452071207673862
18526,5.541809925183504
18527,4.9440687836565065
18528,8.702950835931482
18529,8.314797861753688
18530,4.654067120577763
18531,2.833865466501105
18532,5.74818582523533
18533,4.971713443406773
18534,8.171785538317843
18535,8.349849367976232
18536,8.195058398259626
18537,3.6798017935232266
18538,6.173163542721861
18539,4.642307438326128
18540,8.328350297944604
18541,3.998181899444858
18542,5.387721320125643
18543,9.350924334348843
18544,6.083832748586728
18545,3.8417097660536443
18546,4.590978246127195
18547,7.849491054823761
18548,3.6770481329594595
18549,5.913808504170449
18550,0.951314405848272
18551,8.04079414332414
18552,3.572445562329611
18553,6.191112529877522
18554,4.416963604400742
18555,8.465532823968475
18556,4.6911628596542005
18557,7.369883858824105
18558,5.544977203865827
18559,2.018417861298215
18560,4.8884079492730725
18561,4.971373170824725
18562,6.921205156449972
18563,7.238737393695059
18564,6.801216343638734
18565,3.3628141333998998
18566,9.294207376831167
18567,6.6023897388532005
18568,2.3746863915604224
18569,9.559440371219988
18570,3.126709963401342
18571,7.526011705961435
18572,5.915384905111864
18573,5.255650678281885
18574,8.566571898378909
18575,5.828048487946957
18576,7.221072013642864
18577,6.489262051256049
18578,6.638183312987808
18579,7.758850013944129
18580,4.4635999420481145
18581,6.605398055086015
18582,6.25941326159062
18583,6.495156372539781
18584,5.92007157857854
18585,8.15490272096095
18586,8.254337987102362
18587,4.4048423757663455
18588,8.240440287665443
18589,7.630790147310968
18590,7.69967730652278
18591,3.6212725353034383
18592,7.390375013546336
18593,8.031081744098705
18594,7.827107143824625
18595,3.5880371653882244
18596,5.627037232693709
18597,3.8303193317981665
18598,4.489862476624555
18599,4.006985092768781
18600,7.317270680840334
18601,8.519501952309145
18602,4.905910556657161
18603,4.8382469842170535
18604,5.09342000255889
18605,6.060973840350523
18606,2.5697491642965815
18607,5.307805993911655
18608,8.882644524557694
18609,4.764435884131456
18610,8.177637406355796
18611,6.793224996559061
18612,4.827186032890297
18613,7.287295852798847
18614,4.30668813980159
18615,6.562870238940901
18616,2.3990737309136523
18617,2.8395089074209094
18618,7.509870809074067
18619,7.319615827660192
18620,5.76891724243931
18621,4.004055880856393
18622,6.576284705545588
18623,4.49446209146926
18624,6.991544642304614
18625,7.605218501785737
18626,3.6860727389020385
18627,8.286561175340635
18628,7.955186741281486
18629,6.58582282877075
18630,5.232358763695631
18631,6.988528359877722
18632,3.0234359929385626
18633,9.370483430751417
18634,2.547102656013709
18635,5.523713235269247
18636,6.801733588372985
18637,5.759020984780846
18638,8.910270287856815
18639,5.937947284227002
18640,7.804886776576093
18641,0.715597208448883
18642,3.271744313053728
18643,5.0951386448335345
18644,6.78040180113708
18645,7.379300958891955
18646,3.240541785749842
18647,4.120918572460001
18648,6.055644377117318
18649,3.618069271747899
18650,5.880131308071734
18651,6.0660380806881316
18652,4.581158529150316
18653,3.7981245729931397
18654,5.146764852963338
18655,3.0269228439786287
18656,9.41981225527105
18657,4.9693408674413515
18658,5.401306482646159
18659,5.089518649677524
18660,8.066949826670504
18661,7.277098921064171
18662,4.788056266561559
18663,8.296917351466494
18664,4.67670729372246
18665,8.991376137092491
18666,5.586903482890345
18667,8.801930014504512
18668,6.35674632758859
18669,7.030356718707824
18670,6.798937129861484
18671,6.737462696139858
18672,5.881511762912799
18673,7.405441252925341
18674,4.9416487234465984
18675,5.220772156205839
18676,6.436145836004208
18677,4.920978982395649
18678,7.885086927536991
18679,6.497684878922691
18680,5.134598161649553
18681,6.6303678241218105
18682,7.125094113189558
18683,6.716144308453961
18684,3.2805215960724343
18685,4.440118922335093
18686,4.697068739334725
18687,6.158285168209825
18688,9.127361064179421
18689,7.341810143347886
18690,2.6691734159176326
18691,6.303616214620105
18692,8.955321992631042
18693,7.979207171596332
18694,7.316572796541011
18695,3.273355317388989
18696,8.903426346185634
18697,2.880798131351025
18698,3.5887454541835
18699,4.283709473019141
18700,7.869699196607924
18701,7.077298020838163
18702,7.849631687064326
18703,6.7804080123209705
18704,4.001104265835081
18705,3.8547712059762356
18706,4.657502885052123
18707,8.343229044113775
18708,9.001270467841785
18709,5.58127500201088
18710,5.339705392243298
18711,7.79779471084235
18712,6.840055676087675
18713,5.436528537813768
18714,7.750301516873173
18715,4.8144328275005135
18716,6.879483025383703
18717,5.5649050974531855
18718,4.272387950576936
18719,5.445938256130468
18720,4.086339740746514
18721,5.0470396398179265
18722,6.263462199642531
18723,9.24441670429907
18724,7.90145467018473
18725,5.603976046871926
18726,9.231362517139448
18727,6.832972405540042
18728,5.886494001853402
18729,8.38571937790434
18730,3.6846996424202345
18731,6.555975026705225
18732,8.264987389944556
18733,4.579876549006301
18734,7.346916198998527
18735,6.264726656143597
18736,6.26660453254803
18737,7.87132591405096
18738,2.4192930119563574
18739,4.179909311624116
18740,6.38885780728883
18741,6.164940623873628
18742,7.305395100056797
18743,5.194088935380801
18744,4.123537552612981
18745,7.981595167289149
18746,4.011111651768344
18747,7.730285280449082
18748,8.547126667877297
18749,2.5508901602726954
18750,5.211848379514859
18751,8.492316891647775
18752,5.917698820380101
18753,8.487454196976485
18754,4.5973399161958906
18755,5.165796499490911
18756,4.755150094267954
18757,7.292129240521813
18758,5.296582936117248
18759,4.0699777467768286
18760,6.5152229258563406
18761,6.7504949595753265
18762,7.792167557053993
18763,5.283074866594344
18764,5.307421273324012
18765,8.231494053820818
18766,7.263756441836469
18767,4.945771312549905
18768,6.446496825525984
18769,0.9954574252016295
18770,5.077023122970476
18771,1.9507355520334926
18772,4.272639753627821
18773,8.373713752598169
18774,7.644858108533537
18775,7.194904045633129
18776,7.678213895695008
18777,1.9753636507707486
18778,5.704868954926569
18779,8.416784709693788
18780,5.642210833186718
18781,8.948928316803208
18782,2.061827700706631
18783,8.167285807873299
18784,6.950996584198
18785,5.779512509409032
18786,8.559871545960627
18787,7.2433863382914545
18788,7.656628591299274
18789,6.202236316635945
18790,10.0
18791,5.865125592323193
18792,8.810096654187918
18793,7.143565424764176
18794,4.0557303258644595
18795,8.428264358496223
18796,6.691388107679659
18797,6.145438095621065
18798,5.862497040592624
18799,5.251594958209665
18800,6.091011489131271
18801,5.691676191523261
18802,7.045186726137642
18803,6.535167022927935
18804,6.858270361724123
18805,8.634888119848924
18806,5.415143252590177
18807,4.70034151191417
18808,4.985594000380067
18809,7.918370868643093
18810,5.8099366330659015
18811,5.1065324439299
18812,7.24930469397078
18813,7.745572236809931
18814,5.486549492905741
18815,5.8791418538811175
18816,4.345682413965321
18817,6.2025200910219755
18818,4.743755898914776
18819,5.412375818644621
18820,7.5123366818338955
18821,5.082369307167821
18822,1.3760168296078956
18823,5.21157389908058
18824,4.551500389446547
18825,2.6783686258207346
18826,5.804899341575908
18827,3.49805781879137
18828,3.3607989753441254
18829,7.5146723790259555
18830,4.219861450416611
18831,9.459444694734156
18832,5.699056654804861
18833,8.377769826267306
18834,8.015361775249346
18835,7.372627957350528
18836,8.249631946301353
18837,5.242333650004365
18838,5.054523548225118
18839,8.1153822976734
18840,6.680729142340853
18841,6.337420100170566
18842,8.69181417625236
18843,8.719579416824677
18844,6.550102441089134
18845,6.6388848416930735
18846,5.94596864810835
18847,8.03173512001397
18848,4.927349576642136
18849,2.8188171712216086
18850,8.667486893344394
18851,6.0935923028852885
18852,6.593165176554136
18853,4.963176686439484
18854,4.9532221683462545
18855,8.942730911269619
18856,5.347205698300112
18857,5.884969223233956
18858,8.793118208327003
18859,5.250445507198657
18860,5.467668524341263
18861,2.643583076652828
18862,7.200478881094823
18863,6.631008389909785
18864,7.983690812992699
18865,8.96484823200108
18866,8.13113018451719
18867,6.92725655290934
18868,9.203987716330587
18869,8.51588456063811
18870,4.632481703052051
18871,8.149057540262769
18872,6.156489163467203
18873,4.083718811664559
18874,5.722030581310673
18875,4.335102181959524
18876,1.6845022096863138
18877,5.774837455923894
18878,4.392403245922015
18879,7.025161055854209
18880,3.212560857139673
18881,7.24212746716343
18882,7.875037644312956
18883,9.390261077010747
18884,4.592740055899332
18885,6.454325586234331
18886,7.884407257393899
18887,5.76169898978143
18888,4.470236596409092
18889,5.4821793575300815
18890,3.546907623451347
18891,9.019492106333248
18892,4.372514033683691
18893,9.75848268702262
18894,6.3021631341614395
18895,8.001036057385956
18896,8.205635457011185
18897,6.028808837781898
18898,7.627142528589161
18899,4.978121112908949
18900,9.458090144513289
18901,4.32944066624477
18902,6.508705875891945
18903,6.276091894267849
18904,3.3299152455429524
18905,4.2787367897240145
18906,6.626829495987737
18907,4.920264642195299
18908,8.003824965274264
18909,4.593077554757058
18910,5.170811047562616
18911,6.123376201908883
18912,6.078973209920548
18913,6.774772105861402
18914,3.3455747635955215
18915,4.189539685710493
18916,8.505006655456073
18917,5.454274276707516
18918,6.877712753874631
18919,5.685722449055732
18920,6.85757560497383
18921,6.4177274180041
18922,7.488791892488161
18923,6.117841543362872
18924,3.917318995329204
18925,3.947779637787009
18926,4.7003517905651115
18927,6.356515727738403
18928,6.647266628525907
18929,6.2875533985817444
18930,2.3865318461308607
18931,7.375569744045203
18932,7.231158871235255
18933,3.3060515785475975
18934,7.69528981308843
18935,1.5954078498650561
18936,8.352574714660753
18937,7.65892426971927
18938,7.035470743620113
18939,10.0
18940,4.027509574605021
18941,8.146512259008684
18942,8.51880194260173
18943,8.63312885851095
18944,3.3574647005402434
18945,6.183783288579441
18946,7.541075237496275
18947,2.022069171210996
18948,6.690544314468051
18949,6.43895815161156
18950,5.469597814991527
18951,8.214950939812148
18952,8.62921021283626
18953,7.681904109575125
18954,6.477354375231087
18955,5.067460126602227
18956,6.241119501577383
18957,5.1598141034403655
18958,7.466530705160535
18959,4.272646430405601
18960,7.984124506907598
18961,9.40473984541741
18962,6.765288394846809
18963,7.3223085290473415
18964,4.627381572894577
18965,8.415349810416954
18966,4.890535527295398
18967,9.035749904503069
18968,6.4905968156888285
18969,3.2119013826650793
18970,3.963166353512612
18971,6.139855983810911
18972,6.24274554711322
18973,5.6372618098418386
18974,6.018238057577932
18975,4.866925595653276
18976,9.790467039408226
18977,7.239527820221445
18978,6.446998159505796
18979,5.040562106706782
18980,6.428658454057535
18981,2.252700096222793
18982,5.437240274558038
18983,6.738035555841933
18984,2.7252367516238785
18985,6.033142594390032
18986,2.2715477075305253
18987,4.191049002736368
18988,5.436261529053681
18989,6.848301573265202
18990,5.777021833310469
18991,6.70148995488394
18992,6.621423633599726
18993,9.025342930274164
18994,6.95268313091367
18995,3.7537578068331765
18996,7.906571333301578
18997,3.1283380133662098
18998,6.2470161512635904
18999,3.833646875632796
19000,6.628670619802361
19001,2.9725703943968975
19002,5.079332899461228
19003,4.254322826631671
19004,2.7323552939945404
19005,5.464937484823752
19006,2.5658376950038466
19007,3.8398094131139664
19008,2.333321897110159
19009,4.439151085259549
19010,7.233313062011161
19011,5.451169199502079
19012,9.608410287337605
19013,6.445452134524113
19014,8.622993188439377
19015,2.635785542659701
19016,2.2067754575371303
19017,4.148389498220206
19018,7.565009375007302
19019,7.474689501474632
19020,6.262097123335917
19021,6.0204903601679485
19022,5.867709588930008
19023,3.1733271854065594
19024,7.899118621899815
19025,6.8902533368044985
19026,6.366729387716067
19027,5.747844984936907
19028,8.749074796383734
19029,2.2941912832156004
19030,6.263623692710695
19031,5.239119100773139
19032,3.999470609387925
19033,6.188002051225092
19034,6.565806330245028
19035,6.788133672601164
19036,7.543526506578987
19037,3.7430237916405074
19038,6.885583978147112
19039,6.546052697594387
19040,4.887895061430889
19041,4.615466580184112
19042,7.033837554582368
19043,5.76887243354499
19044,4.900481142757707
19045,4.784598119245282
19046,5.6004260148633325
19047,6.9632604954717365
19048,7.420473316874167
19049,6.94778831467749
19050,4.6295227262972025
19051,4.9077741354256466
19052,5.689240175271677
19053,5.505508865731247
19054,6.857689207737881
19055,7.188252816088258
19056,8.531218743086924
19057,5.0883564814509885
19058,6.159431620943441
19059,7.715741274601071
19060,2.838617250571142
19061,7.219190839122093
19062,6.710931042475159
19063,7.658580139246845
19064,10.0
19065,0.8858545011560877
19066,3.7758352410914147
19067,8.089693928731535
19068,8.045763102919015
19069,6.8349243673618565
19070,6.094860842080472
19071,5.555263492004646
19072,9.748057727768392
19073,7.0201154778640635
19074,7.627564391114841
19075,5.131920733043545
19076,5.638495492007109
19077,5.603100016770869
19078,5.873716599684307
19079,6.720021024431873
19080,6.118800467658539
19081,4.149064606459621
19082,4.525071814518607
19083,7.2121257872305335
19084,5.909031975743728
19085,3.549441590322436
19086,8.575919198796479
19087,6.335111272099608
19088,2.2572182725075898
19089,2.0609892213335774
19090,7.638108870604414
19091,8.264587604982424
19092,7.254456656871891
19093,2.0814810775757584
19094,1.8694737344529004
19095,7.314698097911056
19096,3.8145924503321433
19097,5.579176342788375
19098,7.547475595849509
19099,2.812507324763196
19100,2.879277315233952
19101,6.930010404160972
19102,5.554945349666217
19103,5.7609099589513235
19104,8.974486780118957
19105,5.935163273540072
19106,3.9813418435946817
19107,7.039748732427652
19108,6.605308339125294
19109,5.445242083027258
19110,1.46884123584766
19111,7.632665780015321
19112,5.070649988246517
19113,2.830692569894134
19114,6.974278835982577
19115,7.376338340321533
19116,7.1581607685164705
19117,8.267739431764626
19118,4.822429456317931
19119,9.088031523549422
19120,7.765301942302349
19121,9.20976041893064
19122,6.87531676577285
19123,5.055216172539388
19124,8.894852208494271
19125,4.876911668449348
19126,5.4424329898749635
19127,7.130985834327463
19128,3.3008453405355933
19129,5.48909536853057
19130,7.371346321106194
19131,7.026267331139422
19132,6.034180197631045
19133,7.637346467789074
19134,2.928455570139831
19135,9.244194346309028
19136,3.7824172290125464
19137,7.6589905831837495
19138,8.072416886490105
19139,6.326576604957675
19140,5.818310668744851
19141,9.55498943011655
19142,5.001845581801575
19143,8.911111229661035
19144,2.803430496429701
19145,4.956838001984331
19146,2.7939255328974726
19147,7.0634383672394865
19148,7.997218293577738
19149,4.669994154918031
19150,6.634286207555056
19151,8.801305763333154
19152,6.768778465811401
19153,4.872285453654951
19154,7.529029747081009
19155,3.7052081682424833
19156,5.530024781612209
19157,8.090881158123679
19158,6.970574731593129
19159,3.612338308037616
19160,8.749480044748108
19161,3.7239561833174086
19162,9.621112647897009
19163,4.954527953147409
19164,5.359212991653089
19165,6.730075113407786
19166,3.7624550133711465
19167,6.417522438624386
19168,8.482396337318551
19169,7.99861026903295
19170,6.6929514809560455
19171,6.80775693233333
19172,8.453268857103442
19173,3.811410617077462
19174,7.951026933651238
19175,9.244128400834386
19176,6.366766579238988
19177,5.351078479738182
19178,4.766318239686631
19179,6.269342095373319
19180,7.012535146970301
19181,5.009352996081773
19182,9.087330458949635
19183,8.757330225314469
19184,4.928210797707316
19185,1.8416776709850202
19186,7.879855278472174
19187,7.681893924960882
19188,3.8112749675006334
19189,3.335007953391238
19190,8.126691080635398
19191,6.1195502847155225
19192,7.058549327769214
19193,7.836189617453407
19194,1.732732915541495
19195,4.00819603300985
19196,5.306245996402143
19197,6.583312413796493
19198,9.049131860050766
19199,4.81224108092205
19200,4.319184243297765
19201,6.793587740881664
19202,3.159067417703616
19203,5.114227243324958
19204,8.81088242253169
19205,6.930423413417268
19206,6.2554578017415885
19207,6.890724733866007
19208,3.7269356809766814
19209,6.0550279411060615
19210,6.89612796005183
19211,5.938736766160643
19212,4.805973278724967
19213,7.801845329950877
19214,6.341650559378584
19215,3.9803566195381483
19216,6.2985661331007154
19217,7.804540717726047
19218,4.422342849565655
19219,9.474063815976619
19220,6.856649141108938
19221,2.565460795931445
19222,8.180336845358347
19223,5.445513585872776
19224,5.098100874672177
19225,7.233158136803048
19226,2.57016063804919
19227,5.6056058741160095
19228,3.0940223722955342
19229,3.8581894706065643
19230,4.04930597392729
19231,7.268423794163388
19232,7.020380951956852
19233,6.842003303362518
19234,9.244992701229775
19235,7.395011677810299
19236,4.811705591604273
19237,3.0809687362934155
19238,4.955887132668513
19239,3.784933563710466
19240,6.445313044067562
19241,5.326897070907817
19242,2.731217018667088
19243,7.627276232895513
19244,8.066294081506708
19245,5.768324683435439
19246,6.4795687521303265
19247,6.712070223492438
19248,7.426840741483617
19249,8.963479168062511
19250,5.615624637809463
19251,6.594520426688216
19252,3.461957680466369
19253,6.169049323534877
19254,6.855634518836943
19255,6.271052068378605
19256,6.28238269535099
19257,7.867179522227604
19258,3.2605356424208716
19259,4.798207254968451
19260,6.733916870480225
19261,2.383038439530896
19262,7.410091887038607
19263,8.426794551883418
19264,2.6297968254381656
19265,2.059184522117183
19266,7.712841587515851
19267,8.176704727885
19268,6.1632949856877675
19269,4.469403423838084
19270,4.325098924746236
19271,2.6109002673669863
19272,5.693574726584822
19273,8.144512238786666
19274,2.5399369858590872
19275,6.13962995679917
19276,6.538587968970484
19277,7.555248017956159
19278,5.648754184170345
19279,5.58191293269004
19280,3.9631858657672563
19281,2.1252189856454127
19282,7.461826985291629
19283,5.400867452059252
19284,2.2186952744300394
19285,3.5872427046989497
19286,4.056313009604691
19287,5.515619578797221
19288,6.749093304479567
19289,2.4274387077194635
19290,5.560330971183353
19291,6.962688596227025
19292,5.698952590886167
19293,5.641851385462651
19294,8.617084147460499
19295,5.1974917085069805
19296,4.963122429003987
19297,4.803585039549072
19298,6.473074971079519
19299,6.2812222899532255
19300,6.030499269191884
19301,7.062218610525998
19302,5.0128607556333105
19303,7.173145525805504
19304,3.009845639748453
19305,4.8148187324373275
19306,2.093192793063107
19307,4.910573892700009
19308,8.05482924179081
19309,1.6051308776620659
19310,6.5706611361320455
19311,5.853793368611578
19312,3.776474216947476
19313,7.186220236468743
19314,7.134529602116637
19315,3.083840305238291
19316,5.9251985757127645
19317,6.109521607686934
19318,2.4659994389467066
19319,4.220146846321289
19320,4.427857679316919
19321,7.9218880370864975
19322,2.987286140092968
19323,5.346245024243265
19324,6.593328397885532
19325,6.383387549660091
19326,5.600458650140919
19327,8.30166149454903
19328,4.9718557599300715
19329,4.7819067771443295
19330,7.519455697022231
19331,4.396176595221425
19332,7.605657876466937
19333,7.714559409790452
19334,7.75960322867822
19335,7.181704446259702
19336,7.6340550694810805
19337,6.765093778005706
19338,5.07459842987161
19339,8.160607265189684
19340,6.025837507107716
19341,4.09050666473998
19342,3.343780978127139
19343,6.102155339761207
19344,6.313492114653165
19345,2.637936805884726
19346,5.831188735490119
19347,4.674153655270099
19348,2.8095896367529445
19349,6.7420552744138345
19350,5.661373085626275
19351,3.169349527598596
19352,9.033243049928913
19353,2.2219149057153733
19354,6.449544125612361
19355,6.779150151219023
19356,8.05408802677954
19357,7.846839494466807
19358,6.660858764217739
19359,6.827859109001528
19360,7.799100341864841
19361,6.4949246982350015
19362,3.6575088942238474
19363,6.13257879202974
19364,6.03789401253624
19365,7.376093372766421
19366,4.625795511546335
19367,7.507226897390566
19368,8.110862363063482
19369,8.700663269661105
19370,5.15964573318742
19371,6.270670933452189
19372,5.924935482214854
19373,7.128675979844039
19374,8.560239861387583
19375,6.287455216534865
19376,4.91362736356897
19377,4.136715821180695
19378,6.934761943704428
19379,5.5421798612919275
19380,6.5920802514583485
19381,8.748266482727686
19382,7.963173504109419
19383,6.917959395548555
19384,6.013853455386833
19385,2.519082231048933
19386,6.114305294713288
19387,9.38857576824148
19388,5.891548829969146
19389,8.652350069094915
19390,5.150654688835677
19391,6.753632242435861
19392,4.073762883244659
19393,4.325783598645226
19394,6.619724047567133
19395,4.65179323404299
19396,0.7345822758553386
19397,4.0112206566565565
19398,7.837878433699982
19399,4.30886952834068
19400,5.592851807811874
19401,5.827831462142306
19402,8.687494078590085
19403,5.2527771776641785
19404,8.453109457897481
19405,4.683570981841484
19406,4.449964728722274
19407,6.419967438644484
19408,2.5391617192509632
19409,7.3355607064333945
19410,5.804782224950658
19411,7.355975975615523
19412,6.457509068401727
19413,7.713349299021674
19414,3.4962690766198836
19415,7.632989055060067
19416,6.391615328565421
19417,5.462188735334058
19418,1.997844660283185
19419,7.7314569806483515
19420,6.13017024998512
19421,5.661370471397145
19422,4.622356649805072
19423,7.539200844292468
19424,8.338360662756607
19425,6.870124209276668
19426,6.994667862163128
19427,6.049669246327652
19428,6.436624258797084
19429,6.873517772022861
19430,5.625683169863667
19431,5.982566974868155
19432,5.830329810557588
19433,4.646893293973406
19434,8.813455263584887
19435,5.219364243612181
19436,8.155425792147925
19437,5.343259268278484
19438,3.007222594711151
19439,4.3964531977584835
19440,5.713407501576764
19441,6.295194901440546
19442,8.216825353500184
19443,5.772599167309111
19444,7.0431706325188905
19445,5.685657947181813
19446,8.723861627126173
19447,8.514191620842604
19448,6.618964657898425
19449,9.426863759969743
19450,7.707613163952297
19451,7.882540028868233
19452,5.567342608860639
19453,6.443858812805501
19454,3.9324472985175736
19455,5.336490720540123
19456,4.777813402822417
19457,4.254041377255293
19458,4.1519575223413705
19459,6.069151767074379
19460,5.888344257570463
19461,4.670842808619843
19462,5.773899538061128
19463,0.7944211197215594
19464,6.612296551870238
19465,7.067349549578471
19466,6.599169509079374
19467,4.02000896356996
19468,5.6015877532039475
19469,2.1904224785557562
19470,4.849412571168603
19471,9.134434733273965
19472,3.8702914872352516
19473,7.043040594872567
19474,8.677893984381136
19475,4.611916785872291
19476,5.790440899820092
19477,8.270794332922703
19478,3.4878762348814742
19479,6.809855007015187
19480,5.7962507900151365
19481,5.845741498117455
19482,6.452136253741688
19483,0.05788587527958589
19484,7.517129127213991
19485,8.363383201432876
19486,6.39185496321958
19487,5.577122521314111
19488,8.127195542890954
19489,5.866184458229231
19490,2.0758899225997456
19491,8.15427967192372
19492,7.84858689565126
19493,7.739895453093337
19494,6.846928745572562
19495,8.918777518988676
19496,6.999764257023677
19497,5.391411169101165
19498,7.8330009969025385
19499,6.014818025337786
19500,3.683449224155889
19501,6.243706200856199
19502,8.99619144585143
19503,7.0946436613622135
19504,5.364836378251553
19505,7.3122866732248575
19506,6.057469456448209
19507,6.7760267882051135
19508,6.202578723054084
19509,4.08937192005895
19510,8.602566636388122
19511,3.7177068958086026
19512,7.703061267232664
19513,8.424293852775639
19514,8.599819736563427
19515,5.847702558844859
19516,3.105022061504675
19517,8.499986923170939
19518,2.7262214516839904
19519,6.967336730059137
19520,6.635667849410904
19521,3.74002231552552
19522,7.817496667764222
19523,4.003027306168382
19524,6.372045739758045
19525,5.691106690243895
19526,7.899157915617952
19527,8.560436870124006
19528,8.553907403123178
19529,6.190318378623112
19530,3.168136561396476
19531,5.25596522102943
19532,7.023826807464015
19533,6.931099650143858
19534,9.033069512756498
19535,7.305555432398199
19536,5.9581419364949735
19537,8.418687830696829
19538,7.957890824925472
19539,7.260145315045893
19540,4.878189692692118
19541,7.181658589898498
19542,4.999555960630781
19543,1.912465892257676
19544,10.0
19545,8.946265868356228
19546,3.8226796030454535
19547,6.677990842482849
19548,5.510756113064823
19549,5.321803423533597
19550,8.57057467071067
19551,6.856792867045059
19552,6.245443697498665
19553,6.01900796720064
19554,6.158408557985048
19555,6.143828524529125
19556,5.304192343342577
19557,3.8702628780893207
19558,5.959175618386246
19559,9.513417000034865
19560,8.494270232845173
19561,8.389422712525112
19562,8.430059633615745
19563,7.98505989694792
19564,4.098072636200502
19565,7.906491437660448
19566,8.587330888887292
19567,8.141275204079577
19568,8.180061551040684
19569,3.7996861121154644
19570,6.0957811698467514
19571,6.229495447658721
19572,6.912144374563461
19573,7.355780210647792
19574,7.89218967388324
19575,4.793429104262302
19576,7.034953011786632
19577,3.6741968959485156
19578,7.971192912277498
19579,8.632950998175883
19580,7.912811686795267
19581,6.494966116749941
19582,3.4725552207147774
19583,5.474037036823769
19584,3.2945097433209045
19585,8.83598328622075
19586,4.377453057247538
19587,9.537328591548933
19588,9.715697299430433
19589,1.520243341633633
19590,1.7016441617583518
19591,6.380098485392219
19592,3.77176569410264
19593,4.195417596883127
19594,6.084899603272142
19595,8.199252802038169
19596,5.2451337635591795
19597,4.517320443453272
19598,8.393011844724747
19599,6.353954748098745
19600,4.910938599849086
19601,5.795382919761797
19602,3.686154580021756
19603,1.8803173743986763
19604,7.52768506818693
19605,8.481827973378593
19606,10.0
19607,9.163979707435127
19608,7.79823023614442
19609,3.500140031566574
19610,7.191461619185473
19611,6.272128553311411
19612,7.12843781549212
19613,4.1684294088857285
19614,3.553148212742709
19615,6.497741815141655
19616,5.632683852335444
19617,4.600081158189112
19618,5.973056386630024
19619,4.341737752792426
19620,6.838721220142543
19621,6.014446365246261
19622,4.64195075550158
19623,8.098312220560974
19624,5.4683848943761975
19625,5.961997427190694
19626,4.666351776021626
19627,4.804979450450574
19628,6.709152490311055
19629,5.0206835802248495
19630,6.325011722489858
19631,6.166791548148769
19632,5.645426816159797
19633,3.9109801419947052
19634,6.402010598323605
19635,4.034415310158201
19636,6.195633913005411
19637,5.315240572947078
19638,4.960528504018117
19639,6.157642581266076
19640,9.383146228296972
19641,5.636526550949718
19642,6.88749814583711
19643,4.556116637311553
19644,1.5933207740382174
19645,5.710001806417873
19646,7.38779151462517
19647,3.2425208630584406
19648,6.385104839742321
19649,5.505449348296749
19650,7.067571762542133
19651,4.29833292181589
19652,4.602259545929252
19653,5.526379792634565
19654,5.755886175983918
19655,4.950844805708217
19656,8.909959147637537
19657,8.546908199489456
19658,4.12832244724187
19659,6.915190186019739
19660,2.911122650725244
19661,5.489579820402421
19662,6.279511882397573
19663,4.920830950044504
19664,7.99083119610494
19665,6.977173905317119
19666,6.719382695488605
19667,5.513975456780571
19668,7.742639247671454
19669,3.7121298291640583
19670,3.9087314066224903
19671,6.817663501047351
19672,6.382276120810953
19673,5.041674300527158
19674,7.899394993663563
19675,8.993214299830779
19676,7.997342458660807
19677,9.387670388003137
19678,4.765032474053661
19679,6.941489553379713
19680,7.357566084682229
19681,9.33154708593346
19682,5.389171545844196
19683,2.6523283901723818
19684,4.4351251566309
19685,6.737678943363335
19686,5.505962707908791
19687,7.349941465966172
19688,7.164493272982613
19689,8.647698685820739
19690,2.0883996314717255
19691,4.764417833615937
19692,9.455680933508123
19693,8.659767711107548
19694,6.557921180103177
19695,1.5613268164970042
19696,6.749626833909183
19697,5.529376509974835
19698,5.466874224320579
19699,3.010712000541284
19700,7.646435197314179
19701,8.701889611880203
19702,5.560472601848294
19703,8.459002120019967
19704,7.892234408245647
19705,6.595025527319944
19706,6.712578624583243
19707,4.519050203612586
19708,4.626966584630564
19709,4.40241009508189
19710,9.573983460812345
19711,5.133691311386681
19712,9.128765466325317
19713,7.7419415100358915
19714,4.6675440274107185
19715,7.175596376478374
19716,8.299904675755409
19717,6.8462157348199835
19718,3.60909658621911
19719,3.6902592390471716
19720,4.783243837810606
19721,5.356681840989404
19722,7.9848633938614455
19723,7.676533625252558
19724,5.246479511442159
19725,8.113515237081538
19726,4.922023053793581
19727,4.341100063331094
19728,0.352964881895936
19729,5.837601281274962
19730,8.089774872984501
19731,5.488818467112283
19732,5.169385350135885
19733,4.538775634881842
19734,7.422214343392765
19735,8.045021942979202
19736,3.6751638080222833
19737,4.8161437121729564
19738,3.3227948492067836
19739,5.09862573958012
19740,7.186934468310495
19741,5.786250128759033
19742,4.17721719164695
19743,5.9108326095977315
19744,6.053775844675636
19745,0.8256613598908473
19746,3.1210481864760937
19747,8.44131663280029
19748,2.23987041865665
19749,4.921653311388035
19750,1.6795250341518106
19751,8.115986501405652
19752,4.515911428718104
19753,7.390524477358618
19754,5.731804936831421
19755,5.7515676536450195
19756,7.40995663543009
19757,3.67291022305817
19758,4.224040671273684
19759,6.3860882086248605
19760,7.217814261345143
19761,6.429547482532753
19762,6.296361575536533
19763,5.976478376017866
19764,4.878639271616876
19765,7.0283953698152155
19766,6.951726536609618
19767,7.675242993024268
19768,6.405726828094222
19769,7.307530776386633
19770,5.702712597305533
19771,4.059582092297588
19772,3.273329764514312
19773,5.510059129411208
19774,4.150289660604809
19775,3.3982863699133476
19776,9.092244123975213
19777,4.778428415484757
19778,5.787875681525911
19779,7.481045808949753
19780,3.949913912176833
19781,5.551930855409278
19782,7.434380755732498
19783,4.2733937636841715
19784,7.799597591073441
19785,4.575052800460778
19786,5.758407296197298
19787,6.480675559937147
19788,6.6486918238740795
19789,6.804205492095842
19790,7.266256625928603
19791,7.961974768398892
19792,5.828153516722344
19793,3.667222172563484
19794,7.511399718919841
19795,7.290427258556929
19796,2.756231581898902
19797,4.958288011287301
19798,7.31299751529079
19799,3.528603966781403
19800,4.560955431614494
19801,5.636168034595215
19802,8.05888929973373
19803,7.449979080373463
19804,5.587515451902597
19805,7.188356610382635
19806,9.43134419648875
19807,8.656705098847393
19808,7.861437963318721
19809,6.000866002619762
19810,3.8983228135810926
19811,4.53030306179136
19812,5.091540068075992
19813,6.537622720964089
19814,4.146700424507133
19815,7.897643192121438
19816,3.3033061293866037
19817,7.776747320133419
19818,8.544417997748916
19819,6.167090119514523
19820,5.318602484230069
19821,5.66187322659957
19822,6.321367499087435
19823,7.357934488007352
19824,9.336983059302137
19825,8.429065981818278
19826,8.499824168992115
19827,4.1307440985554456
19828,8.486451597848614
19829,2.2163500520058013
19830,2.624020212885166
19831,5.516739516046892
19832,4.026484581558119
19833,5.640944156340691
19834,3.9538360213603636
19835,8.736027407630365
19836,7.116790363080442
19837,3.2933062560588016
19838,4.069115622017288
19839,9.052003533053888
19840,6.926171311949492
19841,4.147384565996667
19842,7.7529229803325235
19843,6.179188870855933
19844,5.813376872410144
19845,7.041842318999993
19846,8.313083384081123
19847,8.893455604960634
19848,7.6854469419668225
19849,6.176167818773271
19850,4.265023126518541
19851,6.15346101606422
19852,5.015977652191392
19853,8.285408177270726
19854,5.968202033023533
19855,8.198495675570557
19856,8.718025726772021
19857,3.2784063272428465
19858,5.45628545620154
19859,3.8767484210842453
19860,7.785084327454837
19861,3.1310223948546545
19862,5.7078622140960675
19863,7.058568557514067
19864,6.377313236457811
19865,9.604018376852778
19866,7.806313509781932
19867,3.4996965373439672
19868,4.213510406311361
19869,6.512493547889875
19870,7.923095454443904
19871,5.7646479362552405
19872,5.748345976638278
19873,4.475206365413322
19874,3.4521077202515436
19875,4.931961934382312
19876,5.0182413429017885
19877,8.284604289567014
19878,8.672638726626474
19879,5.120785604357004
19880,7.370772249327703
19881,7.363367304554826
19882,7.1956554876991214
19883,6.22670313968442
19884,6.454502984006862
19885,6.2254127741716765
19886,5.9129277600888095
19887,6.108211263501667
19888,6.425612085821851
19889,4.291366378694795
19890,5.699329709172491
19891,3.992180389323899
19892,2.211679945415904
19893,5.633882976351629
19894,7.89980999877842
19895,7.4640109108539825
19896,5.3019013404642035
19897,3.481747025823356
19898,5.374008734445299
19899,4.99129998408121
19900,6.4048264521039915
19901,6.259824540174725
19902,7.918982995185287
19903,8.47011435458388
19904,4.61086243847943
19905,10.0
19906,7.517687745067109
19907,9.127858245831806
19908,5.238379811824806
19909,6.28802278347241
19910,6.089938685330678
19911,6.011749707475561
19912,6.2201637971272135
19913,7.997326461782677
19914,4.422068545956935
19915,6.468237378763728
19916,6.508676962076299
19917,5.5294414037182875
19918,4.541497955053367
19919,8.288924647836636
19920,8.173537845084457
19921,7.716681512200311
19922,6.95639827073774
19923,7.339305525532606
19924,7.2110818889257615
19925,6.716248222124733
19926,4.131710479502359
19927,7.197769064295546
19928,7.251255944913173
19929,5.351533805438349
19930,7.900910309038244
19931,4.405355045132521
19932,6.68110572939699
19933,8.414525400989685
19934,7.77907866323615
19935,5.01646017781823
19936,8.320545521930711
19937,8.026752414282257
19938,2.8991238774345116
19939,8.250400826111498
19940,7.77111347553422
19941,8.983043089313748
19942,5.0144007590694795
19943,6.818761947790776
19944,5.972618519276543
19945,3.6640501420483265
19946,4.693670819322081
19947,1.5709349169706268
19948,3.4187273948959405
19949,5.300954654013859
19950,8.915036397788906
19951,3.9460818472164445
19952,4.311284697064434
19953,5.656551437582904
19954,1.8887018219997047
19955,5.980835811188199
19956,6.860085481965301
19957,8.554437063587347
19958,8.040105843211228
19959,8.650452460680834
19960,6.163010025059136
19961,4.25753988662115
19962,4.726865178105283
19963,7.116222514405525
19964,3.6352165173165596
19965,5.507641295368095
19966,2.298903652182236
19967,8.762100586409709
19968,4.6974035374454735
19969,6.913135992677431
19970,7.573958470824912
19971,5.334413469525225
19972,6.4436068507768205
19973,6.170011040230543
19974,5.395810866443211
19975,2.0498015807713745
19976,5.965464101800858
19977,3.181302878525493
19978,3.830858671614206
19979,6.943907603824583
19980,2.8792846098677796
19981,5.778568369132076
19982,7.364190756295862
19983,6.558052719459294
19984,4.018325836722083
19985,4.995583379709609
19986,7.631765275049885
19987,8.592704847609479
19988,4.960966517906983
19989,5.093940669963768
19990,8.729599874069656
19991,4.38050813337342
19992,6.738102652717014
19993,6.120763107582389
19994,6.054901831309954
19995,8.546175619623865
19996,6.712760945520809
19997,3.45657061829706
19998,3.929041414815455
19999,5.493095910302348
20000,7.163324512039644
20001,8.748201195709365
20002,6.246212626626532
20003,3.4762600092047964
20004,3.5427842463380825
20005,6.096050103508817
20006,4.407322662208021
20007,5.33388063271653
20008,8.529563199955142
20009,5.666802151802571
20010,6.678651252561197
20011,5.773751715744574
20012,2.923201448450377
20013,7.295553130690787
20014,1.4859333792575524
20015,7.798582731808667
20016,4.427990056951546
20017,3.719187343654074
20018,10.0
20019,3.892421820313058
20020,5.439794278216174
20021,5.126575096561699
20022,5.778555375080311
20023,2.8914249184915217
20024,6.39838546684358
20025,3.1093251999500717
20026,3.9298919733178757
20027,8.31458092972413
20028,8.479890093371393
20029,7.084718257118092
20030,2.8609710349886104
20031,6.9797568520217315
20032,5.329250040841022
20033,8.69127659863751
20034,7.799706794721866
20035,4.678806629641059
20036,8.123601911007615
20037,6.133597898010084
20038,6.171461696920959
20039,7.866206598978169
20040,7.206381395459988
20041,9.575382057676688
20042,8.517678163374411
20043,5.061922776243858
20044,6.899433288475537
20045,2.5851382807010674
20046,6.115532327648264
20047,4.493424937258558
20048,7.273765886278533
20049,2.8952701229088436
20050,3.5644717007916995
20051,5.6073993500764665
20052,6.683531361417678
20053,7.5727425358018765
20054,5.166285650793195
20055,4.12855235070228
20056,6.63323702373377
20057,5.622206473960315
20058,5.85285026076313
20059,6.965637783650779
20060,6.174655216016753
20061,4.907155118558664
20062,5.428976015028487
20063,5.998517250548932
20064,1.9693138701020105
20065,5.353819748812223
20066,5.411060872248324
20067,8.927771545826582
20068,5.538229907597849
20069,4.790044964346327
20070,3.6270075539494813
20071,6.824418553900214
20072,6.296822870212976
20073,7.7255804146798885
20074,7.8555409566426615
20075,6.684740066692188
20076,3.1233786914302675
20077,3.7695786977445387
20078,9.41078224795013
20079,6.345256130258151
20080,7.4056929533333005
20081,8.649189188107636
20082,6.330266387657061
20083,4.381841785630897
20084,5.562986084687717
20085,7.405903113983825
20086,7.169924534815497
20087,6.8811746347167855
20088,5.985285357128955
20089,3.645394105813315
20090,2.6987687313277853
20091,6.35985032122618
20092,8.09490870380224
20093,7.394090288477302
20094,9.508467789448325
20095,7.632543432533091
20096,8.18843163581115
20097,4.851723435781657
20098,7.831389806334771
20099,3.9668400470687675
20100,5.10467236543737
20101,4.821717254214927
20102,4.1613878570158205
20103,4.119779094305677
20104,5.785658437274201
20105,7.826104201249745
20106,3.9415804846469484
20107,5.122131698277688
20108,5.836034930198707
20109,4.116492092540256
20110,3.6718789718797846
20111,8.393484992963291
20112,3.962845911756596
20113,9.71360412691321
20114,4.318724019281678
20115,4.850204595391478
20116,5.493411185216045
20117,4.48718442362419
20118,2.7168225632668044
20119,5.507817553728348
20120,7.164293469245708
20121,6.593354063837232
20122,6.969077949521218
20123,3.548766919214744
20124,2.6105266293305682
20125,6.802991181563405
20126,7.696720484390114
20127,3.3444868834545183
20128,6.882006318346728
20129,7.725547594824787
20130,3.8501066889880766
20131,5.868059581181231
20132,6.794736218211982
20133,6.3215963865198095
20134,5.616857130708725
20135,8.937223715994849
20136,5.595357404401328
20137,5.321466653103239
20138,3.725457501914189
20139,9.47703529148911
20140,2.233858725743536
20141,4.3148318325257415
20142,6.054930184906988
20143,9.469564152726885
20144,5.788290195364022
20145,8.08487938717829
20146,8.591176374509315
20147,5.048832580850458
20148,4.781914980300467
20149,6.0311293394378795
20150,6.254937317577087
20151,1.2752884189508253
20152,6.094830023136752
20153,5.355008618658552
20154,6.7612287943070255
20155,7.056138700592911
20156,3.0977731122886443
20157,2.6339786517676034
20158,6.11033419130929
20159,6.287007216051228
20160,2.517179786137044
20161,3.807543933888321
20162,6.475780441188034
20163,4.669468783176475
20164,8.437714344741519
20165,9.510096025353334
20166,2.0998455646342884
20167,3.5303888218081756
20168,7.074557482569116
20169,7.911751391274311
20170,5.535806962369371
20171,4.574323499236716
20172,4.365823595440777
20173,4.662132082772482
20174,3.523537653555064
20175,5.447409799132435
20176,7.869872944145145
20177,8.827560223284507
20178,1.6807357447176052
20179,7.964906051046253
20180,5.996606165735898
20181,8.681305528596468
20182,5.876375213041628
20183,8.692652827987272
20184,7.039144548717499
20185,6.389568362614284
20186,6.381438652701767
20187,6.428654443810461
20188,5.958729935271013
20189,2.5394477115574317
20190,4.090028123046551
20191,5.794720914561289
20192,8.568793884682634
20193,7.487995779393867
20194,6.737586224223188
20195,6.951301428509039
20196,5.552553839692718
20197,6.492791200566102
20198,7.630376841280013
20199,8.997639734082927
20200,4.856481878002793
20201,8.469230218645082
20202,3.0011823156728186
20203,6.875182140582556
20204,4.860372461471809
20205,7.234096941137387
20206,5.24425074445806
20207,5.898739925474329
20208,3.398899979128748
20209,6.992136273539386
20210,8.42033497693581
20211,5.848834642983125
20212,4.149607483881084
20213,9.169523479500416
20214,4.44365200015175
20215,2.6399541206295387
20216,7.412999556453943
20217,6.608208801921113
20218,7.105868295320427
20219,6.292979548423506
20220,4.220731621642582
20221,5.76309584947056
20222,6.9952692682427635
20223,6.346797723480094
20224,5.7714607564044345
20225,5.4497734428702636
20226,5.2693051453725435
20227,6.459595554979778
20228,7.925243575790072
20229,7.761272390240669
20230,6.220767598635854
20231,8.07213527966438
20232,7.271553235138141
20233,7.132957922802635
20234,8.910582084165377
20235,5.352509917413016
20236,6.684343089070033
20237,3.734433259876364
20238,6.68448835087664
20239,4.822992457942455
20240,5.313624794707939
20241,2.0687694160795007
20242,7.017445587584707
20243,3.739362995934729
20244,8.24811960862505
20245,6.556236284485555
20246,7.287008470417627
20247,6.270778389362951
20248,6.04583514815427
20249,2.3724143695961306
20250,5.892508580403857
20251,5.145631129665664
20252,6.809338292006457
20253,6.862573165236247
20254,3.0382636147057056
20255,2.4300401300508705
20256,5.93200309398796
20257,2.5673232976957627
20258,1.8559295077204399
20259,5.278809762922831
20260,8.116723235291648
20261,2.882823025884329
20262,6.192086431381217
20263,6.439191140381722
20264,6.622827174921525
20265,9.210709751700122
20266,3.4088749167970605
20267,7.513719897092406
20268,2.704577724830294
20269,5.116403893983364
20270,5.932242417022707
20271,6.566628667425355
20272,5.6235287967683085
20273,3.843904595086169
20274,1.5747508517491837
20275,10.0
20276,6.873656913346802
20277,5.915609152883166
20278,4.4070545429673595
20279,9.745599162910977
20280,5.3661244200908875
20281,7.011912783672184
20282,6.795714451564722
20283,7.401514715708918
20284,3.902750528936514
20285,7.649816691367851
20286,5.791234314345692
20287,6.462891096742798
20288,3.8513776641890414
20289,5.452290524832476
20290,6.203775540440827
20291,5.357569862563716
20292,6.33868331720028
20293,7.988447461096605
20294,4.395299472380758
20295,7.281300734852797
20296,7.206124311957614
20297,3.043737247711618
20298,6.377873656048713
20299,4.593084738661806
20300,6.024410300543209
20301,5.042502057100872
20302,6.832843563264321
20303,2.3056695994277505
20304,5.506434465059678
20305,8.677750418882697
20306,4.694921459386305
20307,8.633139718055997
20308,4.397370539752211
20309,6.256007924234828
20310,5.899463930368592
20311,4.633113623305565
20312,7.177729576754787
20313,8.36807991014373
20314,6.071920512911658
20315,6.762082933518691
20316,4.016398362975484
20317,7.4629220507338125
20318,4.8892735566209815
20319,6.931751194811798
20320,5.709979592012525
20321,6.4764392959926855
20322,8.16613878051979
20323,7.938369083242585
20324,5.210337251302563
20325,4.891559137276554
20326,4.630870269240425
20327,7.617067511310102
20328,4.275468640049791
20329,6.838604227074109
20330,4.361554085990836
20331,5.948820749068851
20332,7.35576303679588
20333,9.777538374099647
20334,6.938196158896659
20335,6.370445182757422
20336,7.876171230819477
20337,3.9868172377536952
20338,3.4863670769198833
20339,4.822772402730484
20340,4.946500530961433
20341,7.510242551098796
20342,5.939519344315733
20343,8.112094025241856
20344,5.953575928174075
20345,7.532948113710975
20346,7.360590481337354
20347,4.448668122562158
20348,1.9351905057319119
20349,6.194226741057682
20350,7.10406718437654
20351,6.91142187263763
20352,8.43182036458432
20353,6.5315741452784515
20354,5.581152354517067
20355,8.164649964793355
20356,6.543637251580071
20357,4.377477661189614
20358,6.433095962115444
20359,8.47202220760276
20360,6.555069416496609
20361,4.5358043976627584
20362,3.3992380667905797
20363,2.6956070966809804
20364,5.996439848766426
20365,7.584112913668407
20366,8.311570517416104
20367,5.788010665136101
20368,5.31386790194672
20369,9.208752309681193
20370,4.353261795387863
20371,6.050040045335054
20372,7.305132345890231
20373,7.1402629916222216
20374,1.540268744917122
20375,5.24731073265672
20376,3.61438612150935
20377,4.808338106915545
20378,7.862638064019353
20379,4.482072086145955
20380,1.3125036867864557
20381,6.694149449551248
20382,7.581982145222135
20383,9.010032550555152
20384,7.894719811882237
20385,5.283348027263159
20386,3.7158506442285595
20387,4.912463574402824
20388,4.070799701831003
20389,4.301545034430965
20390,4.773119020829294
20391,5.610461276911755
20392,6.829709293849868
20393,8.820195637706622
20394,8.034512795809528
20395,7.030854413268104
20396,8.17621753788092
20397,3.411889130315922
20398,3.624600944699338
20399,7.707270151680908
20400,5.519043030112994
20401,7.455811010613443
20402,7.678118024041959
20403,6.2965424241763985
20404,8.878673105753315
20405,3.3234716875564665
20406,6.763500868934021
20407,7.20972505882904
20408,5.830350697549074
20409,5.933310475179464
20410,4.820495815882922
20411,5.492964878219475
20412,6.7470961959433025
20413,4.545985967421733
20414,5.378069947742054
20415,6.5470874267449055
20416,7.716707844238098
20417,6.979368941065986
20418,4.382805863231367
20419,6.437794033765686
20420,5.865480714767852
20421,3.6995794853447963
20422,8.454530984562867
20423,8.193687978901334
20424,7.645729909352971
20425,7.889531501012658
20426,5.247098254368223
20427,5.212781454543105
20428,8.827113481192702
20429,3.927499780541378
20430,4.507485221953845
20431,6.225684303286731
20432,6.4721254827192345
20433,7.198657909600769
20434,4.591220718637023
20435,4.910313938097858
20436,5.156702448819312
20437,4.856316212662868
20438,8.416483032968959
20439,9.366124764485114
20440,5.014981053443865
20441,6.942197869449712
20442,3.827167344320719
20443,8.015028999432856
20444,6.187737269394972
20445,6.996464415922788
20446,7.518818727701909
20447,4.34434657383907
20448,3.3640740122846298
20449,6.7876443284758485
20450,4.879755533715411
20451,6.269076630841688
20452,7.533129255682123
20453,3.166760689244903
20454,8.828000594130506
20455,4.501627817383408
20456,5.822056960888542
20457,3.07310382548679
20458,9.178914836526006
20459,8.758021514824758
20460,4.796208864480516
20461,1.2133373162283305
20462,7.048365922972206
20463,6.531712572196229
20464,2.936831735073274
20465,2.7516224197997
20466,9.528369332589957
20467,6.106803703935343
20468,5.26947652249234
20469,6.263954838270127
20470,3.830830285133003
20471,1.010759641346194
20472,5.49437431088441
20473,4.933926260841194
20474,6.951196985217061
20475,3.5895785768925905
20476,6.1566691334767505
20477,6.165411071235898
20478,2.291975362315358
20479,3.4299651687953916
20480,4.0958680386391215
20481,9.226943337043393
20482,6.802220325809112
20483,4.898576262078982
20484,2.0816841197136355
20485,7.493318483999665
20486,7.527403673932611
20487,4.838476410766672
20488,3.088649136936762
20489,6.853888467883497
20490,4.322032788193698
20491,3.915286081853143
20492,3.7154212122725077
20493,9.878664875067619
20494,7.730082980421789
20495,3.2026525470643215
20496,3.649865359796209
20497,7.926176710920149
20498,2.315893134352315
20499,8.631557054827496
20500,6.095481863653969
20501,8.291195604449362
20502,3.8757117146832836
20503,6.066191240878609
20504,5.819250358277699
20505,5.880074635474113
20506,3.75364424697246
20507,7.758304316536831
20508,8.29303699884427
20509,6.4490170243410745
20510,7.8367821342588675
20511,7.418589888277032
20512,2.928665830295196
20513,9.269087175624865
20514,1.4921805038433378
20515,4.415675153655702
20516,1.9326975563228395
20517,5.211743584082562
20518,3.7589388702193776
20519,5.603160793086117
20520,3.269034464986994
20521,6.745868758873377
20522,5.785617115838993
20523,4.090733014296339
20524,7.554693714439585
20525,6.601986305408081
20526,5.229261815912519
20527,5.497061075215106
20528,7.998762681498556
20529,5.3379320894760625
20530,7.44512914847377
20531,6.126454884824447
20532,3.402915646342721
20533,5.858061826234505
20534,9.07924487411137
20535,7.497463759742374
20536,5.814167818566162
20537,9.244713739791683
20538,7.196990931789702
20539,5.251649623882453
20540,5.074128376396682
20541,6.194589622511967
20542,8.171541328853701
20543,6.4916077219095225
20544,7.025446971376879
20545,5.049377289767516
20546,5.6910221694357155
20547,4.273499382085051
20548,6.07856621134156
20549,7.068156340725229
20550,2.8094041449928433
20551,8.442709531984145
20552,8.425687092985624
20553,5.080994036838691
20554,7.5583113645496365
20555,9.448388019432445
20556,8.428042023573964
20557,7.383445949679263
20558,8.625009837365885
20559,7.62537801415317
20560,10.0
20561,2.5776877561891642
20562,8.328954812933732
20563,8.702347946251573
20564,4.389063773800295
20565,9.115438332712149
20566,8.338803285734684
20567,5.372452431104357
20568,5.427162753120073
20569,9.806849701032126
20570,2.4792655893195668
20571,6.028847618276659
20572,7.361988542327525
20573,8.041188175585665
20574,3.994391943347527
20575,6.602784660909226
20576,8.864583851439631
20577,9.399885765823033
20578,6.108789746223584
20579,7.1489350663022115
20580,4.955198985161153
20581,6.369991440104485
20582,9.52002648499258
20583,6.848768109688994
20584,7.100280701127035
20585,7.994883029139786
20586,4.0393204967674
20587,5.323190992200805
20588,7.389526340551889
20589,4.2933392149928995
20590,4.197078045261718
20591,4.7184139213481275
20592,8.641811935611969
20593,6.068577267857046
20594,6.259340418734412
20595,7.892990577354924
20596,6.180385355563302
20597,1.5328106003250035
20598,5.825649910023188
20599,6.556188135804874
20600,2.1886210051204666
20601,3.988573056643107
20602,2.3701447319946567
20603,5.304778053574548
20604,5.7785006903230105
20605,7.001353972678812
20606,5.605346942120525
20607,4.605566744534563
20608,3.9155642975481224
20609,9.19176313718383
20610,6.64486558231323
20611,9.669075703509497
20612,5.703839207729663
20613,2.9606121822406335
20614,8.887955290060072
20615,6.485100965911104
20616,2.0124613741633026
20617,5.580362141938158
20618,9.634111983057549
20619,9.349738041283953
20620,6.60441532970558
20621,6.458664082765231
20622,3.5967653209290775
20623,7.508719392420416
20624,7.313643946000217
20625,4.661415384826134
20626,7.110242809932359
20627,9.294206763309095
20628,7.337843140045955
20629,9.604314449899691
20630,8.155511752612066
20631,4.554153758310024
20632,4.641674726970596
20633,7.255308467993586
20634,6.652269256546362
20635,6.012078082203402
20636,5.692569295035657
20637,6.755758052348183
20638,5.472872993818898
20639,3.5444457493755905
20640,6.300372070128959
20641,6.743901169866584
20642,7.632000634107245
20643,4.154727268190595
20644,5.187476280143631
20645,4.235872327507106
20646,6.426845404027842
20647,2.855027588000874
20648,3.7743945699331345
20649,5.124766027099287
20650,6.1670349139412455
20651,6.707933235940201
20652,7.471803659472588
20653,3.4815169652202487
20654,2.3412225921937346
20655,6.000933998047571
20656,7.508275556839891
20657,9.338978369081689
20658,8.317266588013108
20659,3.7417296019691126
20660,8.159195796277867
20661,8.232828599790206
20662,2.333219233387757
20663,9.068919102783953
20664,5.698134470715129
20665,5.712263700773731
20666,5.216679646917432
20667,3.0273550813196453
20668,6.945698343116739
20669,6.503084422261555
20670,7.96259779865946
20671,5.110106286392146
20672,6.63359288049606
20673,6.1500416896200925
20674,8.053685330157926
20675,4.455003021364944
20676,7.514813795328184
20677,8.076772974527515
20678,7.7387991571521955
20679,2.5450389498728
20680,8.63457111662761
20681,3.560489025132907
20682,5.845280467996419
20683,6.977487984885782
20684,4.63146303056525
20685,7.1754029767579794
20686,7.713571121419177
20687,5.855169409165278
20688,7.575546818432576
20689,1.954285225333555
20690,7.438781736776844
20691,6.5938424170548275
20692,7.107344303593797
20693,6.652642496450785
20694,6.8676607165181895
20695,6.124557406087394
20696,4.64855754011119
20697,5.481463060906663
20698,5.208742456695697
20699,9.559228886603139
20700,2.480120936365938
20701,6.759639319583635
20702,7.907010580857451
20703,8.07838647601542
20704,7.122221925227732
20705,7.841621301477732
20706,6.446706991914123
20707,1.3326564579775457
20708,3.554727989235281
20709,6.741192775001303
20710,8.387641527094337
20711,4.941729896370967
20712,5.455848048631467
20713,8.972524719135684
20714,8.527402325563274
20715,7.401899590707377
20716,5.941763523318058
20717,3.763104230814811
20718,8.750817066213772
20719,5.739818694637335
20720,7.409363239637052
20721,9.077678033476381
20722,3.176323668323091
20723,8.829714373860027
20724,5.504976011264494
20725,3.041985825580985
20726,5.590340881898848
20727,3.176971636547775
20728,5.763399592776477
20729,5.4914446485725055
20730,5.350835663663022
20731,2.339178386142824
20732,3.5991495803224405
20733,8.380945276675066
20734,8.681378605858555
20735,5.35792287313839
20736,4.2178452885950195
20737,6.4525781392054125
20738,5.079504274016114
20739,4.402054174664556
20740,4.480244167176651
20741,6.5663458950449085
20742,6.221697640231278
20743,8.354896299240435
20744,5.266107504218412
20745,7.338674527363553
20746,4.0437913909553895
20747,4.501738744165185
20748,7.766899447583379
20749,2.061737012080123
20750,7.1079717238455995
20751,3.9221667978836225
20752,4.789302035903191
20753,8.705441079625748
20754,2.514519395784622
20755,3.3974612908279456
20756,6.575344599648975
20757,8.245414841546276
20758,6.866867777968544
20759,6.70409407601808
20760,5.89363153614494
20761,6.2375721317282355
20762,4.036941122308487
20763,6.266117551577084
20764,4.819247276472648
20765,9.679756449532645
20766,5.434330333296229
20767,6.116275434310417
20768,2.9000171778167623
20769,8.591679980340974
20770,4.5328507058178475
20771,5.652257671569254
20772,5.2947397444125235
20773,7.880420630682073
20774,7.81954526774029
20775,5.251311414316849
20776,8.972288041521207
20777,4.316537449488269
20778,9.380174029289101
20779,5.129237796766378
20780,7.6070925488669925
20781,8.37437472083463
20782,6.795258518327534
20783,5.686968501389444
20784,7.741576003311545
20785,6.273763172112712
20786,5.0014190991789835
20787,2.5370576279077977
20788,6.710946273690383
20789,1.427887607522438
20790,6.127818683352022
20791,6.671045497028512
20792,7.428683440465355
20793,8.240693394026412
20794,7.495059534596492
20795,5.01618390288179
20796,7.1775287133233014
20797,6.02242367892452
20798,4.275196388831173
20799,7.258449874256419
20800,5.359909159512787
20801,6.5317645984434645
20802,6.341830874292331
20803,4.116146806272069
20804,5.963003253743029
20805,5.559854205033782
20806,5.795134885501503
20807,5.142652178177528
20808,9.430768832779075
20809,5.53963883688204
20810,7.18625206340575
20811,7.595481386951615
20812,8.930365091887365
20813,3.156138680640325
20814,8.497833306905331
20815,7.20198281930644
20816,7.324572435560569
20817,5.782923930699597
20818,7.420580625596504
20819,7.350168979262907
20820,6.6045284699881615
20821,7.961163248669127
20822,5.858918379733737
20823,3.696825149337153
20824,6.637824288989189
20825,6.807364046702576
20826,7.856230354256186
20827,8.600723651836594
20828,4.855087552199294
20829,7.907194245878093
20830,6.5922949737604934
20831,4.42443037635068
20832,3.119844662007198
20833,3.364368046899789
20834,8.359627737428603
20835,7.385574092842996
20836,8.381434160150722
20837,6.369551122730658
20838,4.603638884568899
20839,4.6137427081492675
20840,8.581330412989908
20841,5.9033671051405
20842,8.616588071901244
20843,5.2422313378930125
20844,2.3514653699101298
20845,5.538278287628751
20846,7.246587449169683
20847,6.441652860657976
20848,6.858075227404489
20849,5.0468122523476
20850,6.700340563022137
20851,5.493588427015516
20852,8.079877585746125
20853,6.201482350221648
20854,5.9797039997249986
20855,1.629101397876426
20856,5.687122249320771
20857,5.723831280291492
20858,5.082148472191924
20859,2.0874596611344267
20860,3.2255980109254665
20861,6.892568171406479
20862,6.034366552863212
20863,5.980874786304053
20864,4.595797470768619
20865,7.391400277504991
20866,8.301619744283878
20867,8.354941891383447
20868,6.3832592040195655
20869,7.05327781160714
20870,6.7846324572969055
20871,6.211800216380171
20872,9.124664346739216
20873,6.884697006387048
20874,6.46182354929945
20875,4.506064552873079
20876,5.159813382565215
20877,8.336733201267272
20878,6.617198058809861
20879,5.945680630670838
20880,10.0
20881,6.529689791916503
20882,5.7703197270419295
20883,1.467377283100189
20884,5.7262594552182495
20885,4.2641442671242595
20886,6.138938804571623
20887,5.868527623598918
20888,3.9159435720144846
20889,7.9473352222474976
20890,5.1233608453064825
20891,8.031830280549356
20892,4.707147157812626
20893,2.811137958258842
20894,8.138215731652897
20895,7.865421081055998
20896,5.770788281595839
20897,4.785939118242312
20898,5.177161441658124
20899,2.860933398667301
20900,5.533819166311845
20901,6.826656994961725
20902,9.558181022179836
20903,8.134073630295713
20904,5.451711384539573
20905,6.2428448165369375
20906,8.840872696074547
20907,3.056401232119536
20908,9.105140040699423
20909,5.137833773027227
20910,5.53440549895711
20911,3.982273925231609
20912,6.539628548081266
20913,2.9585347914280566
20914,5.722653668956042
20915,9.150551283971557
20916,2.9684118943290274
20917,2.5455996270599797
20918,6.606183437129225
20919,3.274090123457953
20920,7.0538301890657324
20921,7.093163692115681
20922,3.3943888722384354
20923,4.009801032500027
20924,7.8651965141824665
20925,5.781984488119836
20926,4.71953026047296
20927,4.355367746760364
20928,5.864816588218271
20929,4.356441856854465
20930,7.055057467271656
20931,6.838146190041206
20932,5.05889687279989
20933,6.03222231618005
20934,3.9545415611521686
20935,3.1705171172221682
20936,6.9979002764521985
20937,8.243185326796432
20938,9.968726873977133
20939,9.181827973626184
20940,10.0
20941,8.547099244947853
20942,5.778052182669118
20943,7.192051711121135
20944,1.599195355805684
20945,6.719258699381053
20946,7.760839648860768
20947,4.388618674355523
20948,8.275251376319478
20949,7.075226604760522
20950,3.26023493723629
20951,5.226471067645086
20952,8.62129867359178
20953,8.501990667689462
20954,1.239898035233814
20955,3.708886676832347
20956,4.988743152524294
20957,6.166688163905446
20958,7.673795178185106
20959,5.71728050438629
20960,5.215511937830998
20961,4.190930019495736
20962,6.373192993761516
20963,7.919037392632394
20964,7.2866439216838526
20965,2.698237146057088
20966,5.149928245252825
20967,3.4929525318427554
20968,2.6595748933421253
20969,5.4456525654182055
20970,7.033235834862815
20971,4.220736107042009
20972,6.922172222765037
20973,6.671065679586119
20974,7.688447318601221
20975,7.766975367463886
20976,6.320411708791737
20977,4.037281659937335
20978,4.717085412691688
20979,5.35282325450175
20980,5.940858616887027
20981,5.359100049156012
20982,5.774770878179856
20983,7.921477476955118
20984,5.922119375880498
20985,6.8189797817371325
20986,7.563052634611408
20987,6.267472895991642
20988,7.112897197514453
20989,9.731768616298755
20990,8.940270799604278
20991,7.229631421339121
20992,5.3570278046235185
20993,3.0460842302985798
20994,5.052075964939205
20995,4.765232232697325
20996,7.086997747128418
20997,6.76111650052189
20998,7.7540013117598585
20999,4.696758179074255
21000,3.8570612992982642
21001,6.8453693536805975
21002,1.8910423161982397
21003,7.070824510917689
21004,5.595612375400423
21005,8.503704818283458
21006,5.2642680068997265
21007,6.523698590625498
21008,4.729611580321192
21009,6.072627494948565
21010,6.442996331683174
21011,7.974513309352009
21012,5.945506454351033
21013,6.51315023071794
21014,7.711051034461733
21015,5.568198346820491
21016,6.848035475324043
21017,5.370990066224524
21018,5.448027169335332
21019,5.923907203209483
21020,5.8941211745136854
21021,2.684295222401807
21022,7.038773361836857
21023,3.7647437864939945
21024,7.550912099680058
21025,4.901844121742487
21026,4.811272581913771
21027,5.656320795315795
21028,6.339087906916108
21029,4.240268111763427
21030,2.399897812910198
21031,3.640773283361537
21032,8.288964640838067
21033,6.5666922228661635
21034,3.7792601186470556
21035,3.4784821342131327
21036,7.260513920152894
21037,4.54763962003872
21038,5.960599203070174
21039,7.332625467655642
21040,8.91759686009534
21041,6.782543917129447
21042,4.577403683019486
21043,4.817328633640136
21044,6.579854464595728
21045,5.743562667985438
21046,7.6936859799188895
21047,4.488398195018887
21048,4.380662276245673
21049,3.658645812789887
21050,6.520808321645814
21051,4.8351665528607235
21052,5.357541365675913
21053,6.905080866222361
21054,4.900792565672922
21055,8.324350570503395
21056,4.7819991610607735
21057,4.29740662454712
21058,5.7188859239685
21059,5.224310259268567
21060,3.8446537077945746
21061,9.199251953126131
21062,3.303043331439298
21063,3.2153224026059766
21064,3.185384786913897
21065,6.2447971492595915
21066,6.102322660573654
21067,8.92604205991767
21068,3.078443272191654
21069,7.023978164258965
21070,2.254589698128818
21071,2.2742619648049693
21072,4.235806385007414
21073,2.387821140513415
21074,9.50211226569388
21075,6.853553764576584
21076,9.579153725531153
21077,5.937244286181321
21078,1.982261657728503
21079,9.131673879574771
21080,2.649627101170769
21081,5.969295941054339
21082,8.292915612050498
21083,6.5522459701251305
21084,7.350511921121933
21085,8.836598463139996
21086,8.602913093507105
21087,5.503358365842182
21088,4.056006109394395
21089,1.9423405348730791
21090,2.919430443755237
21091,5.644615354916519
21092,4.9836141985426625
21093,6.170165838478521
21094,7.85188839466234
21095,7.784885476591648
21096,3.990539089702328
21097,4.3163076381412795
21098,4.823047218526843
21099,5.2357048571962075
21100,5.439021483081305
21101,6.027243136438861
21102,5.000875410271487
21103,4.546392745825913
21104,4.610481098518447
21105,2.277923569319547
21106,4.26220213624417
21107,5.733351016337034
21108,4.848419921268286
21109,4.438449121150675
21110,7.986091752774586
21111,5.071041459095701
21112,8.344611852869253
21113,7.139827175919591
21114,4.839121476370269
21115,5.486435088888944
21116,3.044002035033662
21117,9.189935100818008
21118,6.587573818500191
21119,6.492861197968002
21120,2.9226379387805017
21121,4.1859382207063405
21122,5.774342188735571
21123,5.138713564222378
21124,7.616339378991044
21125,5.497482364838799
21126,2.800993257432132
21127,7.036474096297116
21128,8.012413157465847
21129,8.120883283171162
21130,7.835092378979265
21131,7.416491795022665
21132,6.09323403457422
21133,6.497533643646472
21134,6.319737147368638
21135,3.4734230098583945
21136,8.193293193170748
21137,7.989754608927715
21138,7.238028718329174
21139,4.710730000991372
21140,8.458330440540552
21141,7.855567435463899
21142,3.2625502070023775
21143,3.5290794087841917
21144,8.668855224636339
21145,5.582579584224331
21146,7.838355870290032
21147,5.101262531310866
21148,4.958229340088652
21149,6.721447186235647
21150,6.067737307657885
21151,6.532234704681801
21152,5.324193223803281
21153,7.4876321675115225
21154,8.371442556317344
21155,2.902807046596308
21156,9.148829057042494
21157,6.393937819437571
21158,8.252516329954547
21159,8.048471756122314
21160,6.929141224057206
21161,5.786375242980846
21162,4.287255546023052
21163,5.154662572312466
21164,7.552878570275757
21165,3.2958778726160625
21166,7.1454645123504985
21167,7.749708019550344
21168,5.4779698422434935
21169,6.933187240358256
21170,5.158983222797239
21171,8.432786337242701
21172,3.636709076564805
21173,5.83380848955171
21174,5.014391769217209
21175,8.042336079870694
21176,5.609988390841093
21177,7.233653967785286
21178,6.041164858769601
21179,6.624995006559883
21180,6.286770760390256
21181,5.975703758102715
21182,4.066141385497335
21183,6.547524477807592
21184,5.1441545576206815
21185,5.929216969925751
21186,5.911930402672995
21187,3.4932315873151074
21188,7.900124112807513
21189,2.856321942304235
21190,7.7576140245149405
21191,8.087812738058513
21192,5.878299340872847
21193,7.673071793769296
21194,5.805859598431779
21195,7.248922861062345
21196,7.29447187039236
21197,7.0138641588150445
21198,8.672008437301688
21199,2.3189620939782443
21200,6.284429227463692
21201,6.710881611512869
21202,9.101949355919325
21203,7.8911440712140735
21204,7.546430533583418
21205,7.717052571912964
21206,7.284942184264018
21207,9.283416113921309
21208,5.957782159092405
21209,7.190996713445705
21210,1.2257514150566349
21211,7.045196508811271
21212,8.950022915185041
21213,4.308982691567206
21214,2.7540368505224784
21215,7.111096979982436
21216,4.402884213201018
21217,6.998106240513296
21218,5.716327843521843
21219,7.002492651755102
21220,7.782822375033861
21221,9.270081151151754
21222,5.890035840424908
21223,5.828615111200296
21224,3.1862744786121375
21225,8.048542534643055
21226,7.1760571612398785
21227,9.204405676785948
21228,9.03686015788681
21229,6.311613529381733
21230,6.080336654670338
21231,6.201541511465741
21232,4.203109673762616
21233,6.293649835263088
21234,5.1231040146510365
21235,8.03304434504043
21236,7.363316184548994
21237,3.41369439544859
21238,5.85574505819729
21239,5.945164452116335
21240,5.0799074384805785
21241,4.140361186722536
21242,9.798022228063617
21243,5.824604369914805
21244,3.000869835079622
21245,6.166976441536171
21246,4.519151285323402
21247,6.048213898396645
21248,6.025330394391725
21249,4.2794616928384
21250,3.903316359284277
21251,6.858644866217142
21252,5.789656406878018
21253,6.39466210157785
21254,7.928823048796451
21255,5.692077452793458
21256,8.29861914336334
21257,6.743830430632019
21258,6.173624179447046
21259,8.10348439195485
21260,4.652946405157818
21261,1.9329373887629608
21262,4.962595368539883
21263,7.179428368161117
21264,7.721364934870223
21265,5.648889350406909
21266,5.725615909308774
21267,3.0426150820475044
21268,5.199984518910683
21269,8.16989461707058
21270,6.2109930572874905
21271,4.016817996623123
21272,4.144729324444717
21273,7.519153317444411
21274,8.331233818553923
21275,6.14255329909707
21276,5.349397205977292
21277,4.538157756919147
21278,1.5287718634395238
21279,8.582981027279063
21280,5.886755574153803
21281,8.006091098677864
21282,4.3416262801722745
21283,7.8585724446112835
21284,4.615503212729762
21285,6.284769478664993
21286,8.724170177477628
21287,4.113368746663395
21288,6.186535264562945
21289,6.931178801221061
21290,9.241215287134883
21291,4.864080941731147
21292,4.877580297872975
21293,4.440848023295022
21294,6.866842894506311
21295,7.995228508649946
21296,8.062411319986783
21297,6.749073973021344
21298,1.45246013502381
21299,4.970287905266035
21300,3.656914347170846
21301,5.094073498807369
21302,6.010046655492836
21303,6.408364652812702
21304,3.4891729537718135
21305,8.382344149282623
21306,6.1326357108234495
21307,4.089087609480074
21308,7.442524517191474
21309,6.620320701745486
21310,6.500761586392931
21311,5.82482153401421
21312,6.558953406515846
21313,7.239651391439884
21314,6.130248976432595
21315,4.77872147867026
21316,8.644230986142407
21317,3.466700009397716
21318,3.1523225741243737
21319,6.780836238507263
21320,4.060620741763207
21321,6.256409231521239
21322,4.367834053452848
21323,2.476442405574809
21324,7.243804611071599
21325,7.795093766367053
21326,8.073744569903994
21327,6.033510310771911
21328,8.146848291098184
21329,7.335597260655168
21330,6.530374555020623
21331,7.889734766309851
21332,4.00810182852935
21333,3.9252120641773596
21334,9.234401837228226
21335,7.624996519922066
21336,7.065687556358759
21337,7.388188537460391
21338,4.822717886196105
21339,2.8025847731724385
21340,2.038015023668868
21341,7.496726974198545
21342,4.378389963738769
21343,2.4770488670281057
21344,4.212113706007816
21345,4.504980749283278
21346,4.397160953445724
21347,4.167866065782701
21348,5.3379405637702
21349,5.28444608178876
21350,6.797474282597611
21351,6.1475510158236695
21352,7.876435974100778
21353,6.39306416808846
21354,5.664220531769157
21355,4.475058719218207
21356,6.75256191622638
21357,9.377215240866859
21358,6.813559928895322
21359,7.56313080856223
21360,8.641135259287807
21361,6.44168485310384
21362,2.90411218399243
21363,6.09389890627812
21364,0.512641844113251
21365,7.081941103175197
21366,9.39486438680405
21367,6.559822994865218
21368,5.664544033163667
21369,6.9917597327370835
21370,5.305590962385597
21371,7.455640603514215
21372,5.026776540980739
21373,4.910052358940202
21374,4.344130977512231
21375,4.12849637562577
21376,6.744912081936874
21377,4.363047341961906
21378,7.18599256548406
21379,7.868749737928318
21380,6.055400468484043
21381,6.918200127094487
21382,5.380282120856625
21383,5.321574519378503
21384,5.4291115163314
21385,7.300551371514121
21386,2.4974873736009062
21387,3.0813590361703183
21388,5.209970308977487
21389,6.6050357809606375
21390,6.300002604468043
21391,7.014399997148936
21392,4.542524566202969
21393,3.6077463911929883
21394,6.384144501824398
21395,8.159654867984008
21396,5.267812817992905
21397,7.867544903666818
21398,5.592446920180374
21399,6.900396469179169
21400,3.537022107000944
21401,7.206296241884393
21402,6.296162171443835
21403,9.28831464576882
21404,2.860184586873519
21405,7.725283709874555
21406,5.825504525619371
21407,6.127807373235965
21408,4.883920379479126
21409,1.8516247692977434
21410,6.067103997461373
21411,9.039085274132445
21412,6.3544403548262665
21413,9.043937180438952
21414,6.776643211560098
21415,5.482371771474612
21416,2.792150962402027
21417,8.351318526623988
21418,7.438952372364568
21419,9.420330866768797
21420,4.307984207100357
21421,4.412849955829171
21422,4.150501991809588
21423,3.501164264433174
21424,6.815165167068136
21425,3.3585139359820895
21426,6.875334263885101
21427,5.434557777725617
21428,5.914352113478088
21429,3.8320933515743905
21430,7.53420190315581
21431,2.0244283846058093
21432,8.308260970144485
21433,8.00531888581845
21434,8.884170785085546
21435,6.3371805759408755
21436,8.372491444520376
21437,9.389607110105572
21438,6.526619111197038
21439,6.532106546882093
21440,8.379726540097428
21441,6.307382478190306
21442,3.9954324701211004
21443,4.032210553407079
21444,6.4323140831274
21445,5.878700004784168
21446,6.182128622822527
21447,4.537141882703956
21448,7.304298408368611
21449,5.13208823236976
21450,5.061528407045451
21451,6.118072513575791
21452,8.618782623958896
21453,8.668975047176481
21454,5.284294369232861
21455,6.686744788959475
21456,5.0570643841
21457,9.405939352342957
21458,5.980141623303721
21459,3.599797713240974
21460,3.7321377007409424
21461,7.051772778245951
21462,3.6573298533341267
21463,8.437708073993194
21464,6.720600132152141
21465,8.361343615058253
21466,4.829922595688779
21467,8.87284910693724
21468,5.546069333608516
21469,3.603985403645088
21470,6.502307677418911
21471,4.4764235841666125
21472,6.747309016035925
21473,6.089844041540675
21474,3.9444912604032902
21475,3.171161275711629
21476,4.819956346833833
21477,4.063811716425783
21478,5.557693259159794
21479,6.535455210533767
21480,7.187530974627554
21481,4.363162241537144
21482,7.703024836919848
21483,7.850580959275952
21484,7.234453683605632
21485,6.06634712083782
21486,4.101683937601897
21487,7.839573192781383
21488,2.6680746242049302
21489,5.954114404268138
21490,7.072528307139899
21491,8.594227805636905
21492,4.613986633889731
21493,5.8142206724362655
21494,7.804695889240396
21495,6.8231453308065575
21496,4.638252744088979
21497,5.537823671919385
21498,7.911837050118542
21499,5.3936716489901695
21500,5.985921141180331
21501,5.309567542471531
21502,5.89499381081701
21503,5.143333492026488
21504,7.069194492677726
21505,5.05417541496319
21506,5.983684572033929
21507,4.882247809246757
21508,8.800323044611932
21509,6.655093833745256
21510,7.691507328747271
21511,6.065796053319367
21512,6.590018578331579
21513,6.0479213901965805
21514,8.990457522176321
21515,4.4962203430204095
21516,7.036595553747964
21517,5.049154216453395
21518,9.191262039015102
21519,5.916765417646545
21520,5.34240550384793
21521,3.861155114012767
21522,7.211521218241992
21523,9.881090352274532
21524,7.010698742330412
21525,6.833902782076601
21526,4.3642948730054005
21527,5.777848234129284
21528,8.009015706624428
21529,5.1350564380499115
21530,6.381327481848762
21531,5.025446099014886
21532,9.766529696762538
21533,5.172243415140712
21534,4.144736444642618
21535,4.239822801328426
21536,6.3355609698257025
21537,8.708214689450816
21538,1.800110096958612
21539,4.071535395785154
21540,3.5327301707395655
21541,6.296991649839528
21542,6.223541248296401
21543,6.539339793894526
21544,8.570161969117473
21545,4.67589771243119
21546,1.8127787723529636
21547,7.067670317029503
21548,7.6908966181811245
21549,5.336993403965346
21550,9.098224370178425
21551,6.600444744403556
21552,2.371028455642177
21553,6.538067313758144
21554,2.9920819499101237
21555,5.592698335270761
21556,7.3048360818068865
21557,6.900423505301823
21558,4.206729996760093
21559,3.2450188470923687
21560,8.905501684200921
21561,7.8514763709124695
21562,8.282724851418113
21563,5.266556919725034
21564,3.2858301718895913
21565,6.135036483386461
21566,2.7378700779992853
21567,9.189110520821131
21568,8.282032590500265
21569,8.43092267716011
21570,6.152085292982857
21571,5.151679800474609
21572,8.675447880297892
21573,9.045195233688961
21574,4.018981225730674
21575,3.158542664926562
21576,8.151888426888851
21577,9.134356075411878
21578,6.95260667687302
21579,7.275229337871728
21580,5.927666653722512
21581,4.516415920067872
21582,5.036053008916085
21583,6.37630958200722
21584,6.1353556959414774
21585,6.240785816677692
21586,7.09138188258839
21587,5.620866410172124
21588,3.542368557627953
21589,6.165512561854474
21590,4.809798328140485
21591,5.99546371763838
21592,8.37583438467657
21593,8.458389530522052
21594,2.867716864059315
21595,7.2930960380878425
21596,5.741220647881152
21597,5.186492320898802
21598,4.322621270586471
21599,3.944944795345065
21600,7.866493669816271
21601,1.6843479354955506
21602,2.5333165398930335
21603,9.458275685185784
21604,5.235579838903848
21605,7.853885056260718
21606,3.469346816668489
21607,4.8789738584098945
21608,7.724904492234181
21609,3.98517660009966
21610,5.824707805457669
21611,5.538593028680976
21612,4.125799982564403
21613,8.40268844886491
21614,6.366966207663007
21615,4.624576540291057
21616,6.3354099604990335
21617,5.509309723070151
21618,9.1532075096684
21619,9.31801000006501
21620,3.997571578928365
21621,8.736791632981497
21622,5.725929955309498
21623,7.916416002338531
21624,9.22753181512321
21625,6.596830109513336
21626,5.034514025784224
21627,6.230580500272186
21628,9.936953356112634
21629,7.4452053935947315
21630,9.366498276179662
21631,3.4822047119523116
21632,5.3266832375805535
21633,5.971263539324394
21634,2.5587807513327103
21635,5.734732336081492
21636,5.356106082976266
21637,5.4512161499239555
21638,6.616113659028114
21639,7.954018594442919
21640,9.574506732408407
21641,5.246556922203279
21642,8.00514709189727
21643,9.2481847833263
21644,4.57142441729833
21645,7.504221921904977
21646,4.50152681126733
21647,6.567974711811901
21648,5.774179490032614
21649,8.189409938257688
21650,2.830456939271535
21651,4.02392862455489
21652,4.144190217637627
21653,4.5380151457096325
21654,2.871023485437301
21655,5.2685699401371675
21656,7.7832916576346065
21657,7.6678134980751045
21658,7.740752629740481
21659,3.916798981843752
21660,7.33547886249042
21661,2.385481742448633
21662,4.3253222551307156
21663,8.209950332492028
21664,3.3322928431051584
21665,4.892452362055859
21666,2.2934538430139093
21667,6.550087281293526
21668,6.077186898454621
21669,9.065948208726713
21670,1.5210479175575573
21671,6.699067831612195
21672,5.2377628988518214
21673,5.6974512027906155
21674,3.9481495369941753
21675,4.978517895740782
21676,7.9027836930844035
21677,3.947332876927812
21678,6.439672259869516
21679,6.489012067332507
21680,5.108704237287592
21681,1.5687905565919886
21682,7.486560776047801
21683,6.49756317331741
21684,5.996489290231775
21685,8.339582035501556
21686,5.640654653896728
21687,6.081854189042314
21688,6.74709015053301
21689,5.790623628241986
21690,8.752466341046887
21691,3.6733154402286834
21692,6.28755028278259
21693,4.048751612040419
21694,7.677318623311068
21695,5.722755284181337
21696,9.863949360788892
21697,4.952413516263358
21698,2.4255939081660833
21699,8.31007668523662
21700,6.03489599642003
21701,7.947469920505181
21702,3.6408213083920753
21703,6.179443870053927
21704,4.330468525564635
21705,8.926031634641193
21706,3.1072305368375273
21707,8.790074022533632
21708,5.7549633877297985
21709,5.5213008428876025
21710,9.360420281747386
21711,5.248879259896144
21712,4.036511203236298
21713,5.678816434174381
21714,4.792000189704618
21715,4.713336154713894
21716,7.180280619469591
21717,6.732842273626974
21718,2.564221626373481
21719,8.116186600225616
21720,5.075862030951384
21721,7.255882291094323
21722,9.535484552033347
21723,6.455406165446385
21724,7.760874274555004
21725,5.9081785570548995
21726,9.132387418617645
21727,7.027280960571806
21728,5.3045038313475805
21729,5.578055247773898
21730,6.298328186556539
21731,6.80308603186264
21732,2.1668164442038513
21733,4.661086042237791
21734,3.9996856858278287
21735,7.374063309041961
21736,6.052580331818911
21737,7.480252610254811
21738,2.0203265251920723
21739,8.33395696983451
21740,9.008869481633855
21741,7.206464491359654
21742,4.023796175826339
21743,5.866970256299139
21744,4.366159100608918
21745,5.484144415139385
21746,5.939922549825392
21747,2.979198914792418
21748,9.8937601728242
21749,7.002713117346783
21750,6.637185802550118
21751,7.1580329789700965
21752,7.480776718175148
21753,8.63375631123375
21754,7.709415265540282
21755,7.009583806651451
21756,4.3070720261731426
21757,4.53714778674754
21758,6.470158601530458
21759,4.998817176767083
21760,7.966228645075687
21761,5.3027519198421444
21762,6.320427664421182
21763,6.1660385964924185
21764,6.166961800728723
21765,6.064337726273321
21766,6.93596465097807
21767,2.730215214117104
21768,6.847635498829736
21769,5.138856119160438
21770,4.310803748015558
21771,2.891992177851354
21772,5.836700976476466
21773,1.9001289433610884
21774,2.393742144173456
21775,5.853431093107275
21776,5.557424862620007
21777,5.598259379404861
21778,5.959441056234045
21779,4.317277196186713
21780,8.21578051069824
21781,3.560644251280002
21782,6.160060961063708
21783,3.652640963894097
21784,7.305701977081997
21785,6.734477505013867
21786,5.620629493364008
21787,4.2747774245066985
21788,9.173706452833054
21789,3.3615876344238895
21790,5.330022155417787
21791,5.474504232833552
21792,7.512118776421007
21793,6.509041873504064
21794,6.9599769686429775
21795,9.853235956356107
21796,6.351161245338147
21797,5.562185948239208
21798,0.3536894108049028
21799,5.050330578798487
21800,7.163386809563439
21801,3.0619583282154608
21802,4.401062829808039
21803,2.2275498224151544
21804,8.261718709716042
21805,5.438542016791399
21806,6.238474177994005
21807,8.34945461901991
21808,2.9335465846005846
21809,5.155265974394735
21810,3.201538820824134
21811,7.050983028157035
21812,8.280443941046093
21813,9.609283896355509
21814,7.370966863187813
21815,9.094221241029944
21816,6.478838487614691
21817,8.776619598581258
21818,6.361834355244129
21819,7.4282998305749794
21820,5.637866924469299
21821,6.9902615012600915
21822,8.204632501350536
21823,7.544089942293962
21824,7.927121452176227
21825,5.770338579515904
21826,6.453384330934933
21827,8.079424891371286
21828,6.218765063587017
21829,4.184669623388532
21830,4.356089098983679
21831,3.4383040881983087
21832,2.726376400571657
21833,5.224521851178574
21834,5.582012913070066
21835,5.99072904839908
21836,6.016557547853645
21837,5.2145236000615505
21838,8.791925190492309
21839,3.1596553657720303
21840,8.088026211674213
21841,7.178882683574636
21842,1.2286362193145113
21843,9.620676086794079
21844,8.05561401918203
21845,7.097444655717306
21846,6.873644697516205
21847,6.048775367506472
21848,3.201493555841217
21849,5.478859024656847
21850,3.4983854904357194
21851,3.928907176760276
21852,6.200118239747772
21853,7.140833786582441
21854,4.872014932602113
21855,6.003351097507036
21856,5.508967830919648
21857,8.158236976112859
21858,4.670406736485486
21859,7.644393761079621
21860,7.1439030740723215
21861,1.763218495598329
21862,7.923228072317123
21863,3.685291706598322
21864,8.930076880603249
21865,6.916334964159473
21866,9.924751918838282
21867,4.11190104182187
21868,5.809056618952484
21869,7.775037502565438
21870,5.35642218220659
21871,6.399392766838292
21872,5.158391818592332
21873,7.125155855714292
21874,6.967214596605666
21875,9.18788923314227
21876,5.670903751862333
21877,5.587688124655634
21878,5.341438773541781
21879,6.318018415022035
21880,7.82065102079959
21881,5.031644608465392
21882,4.766073386567634
21883,5.417031685311721
21884,6.851019943423049
21885,9.153691891445256
21886,3.694806599347322
21887,3.7038228218471767
21888,7.766590830820517
21889,5.851188988475497
21890,6.314545075099909
21891,5.611806279705413
21892,5.491418149398619
21893,5.980341362637578
21894,6.32083795811992
21895,8.481008396425588
21896,6.397594132570703
21897,4.964565269412162
21898,6.066619681293015
21899,6.775697405981375
21900,3.684605506966658
21901,4.739071290404271
21902,4.9583801411448825
21903,7.995566896626912
21904,3.972699451162227
21905,7.792982893403128
21906,6.172539991021035
21907,4.776483077096965
21908,8.40594900525235
21909,5.3989607260744314
21910,4.1809736244107
21911,4.324403500534208
21912,4.948060975254825
21913,8.037859554819136
21914,9.595170880442225
21915,5.601253331241794
21916,6.496872942605291
21917,4.948864107205107
21918,5.57678200614302
21919,8.698477334298437
21920,9.695734009958977
21921,8.040192921381259
21922,7.572700625971647
21923,6.627195139747439
21924,6.70273432429207
21925,7.190226032071333
21926,6.216356818784281
21927,5.751078408239639
21928,7.370143193198675
21929,8.616405444918097
21930,5.925473984633989
21931,9.232077724389418
21932,4.833971197369611
21933,5.587223311619404
21934,2.9886087713377734
21935,5.846872017422472
21936,7.372994221465252
21937,7.336373215380965
21938,8.77519083817192
21939,7.841118187996355
21940,4.484210422356154
21941,5.961880131675564
21942,9.030574539828299
21943,3.884441323327283
21944,5.994148098614612
21945,5.865952841917599
21946,5.956052581312909
21947,8.612057444401259
21948,4.665803402160647
21949,8.646404851843318
21950,6.081845600750295
21951,8.247275466842243
21952,3.8897315868175117
21953,6.273022591690742
21954,2.9966531041442055
21955,7.971778535837128
21956,5.349467280754624
21957,9.148827201769816
21958,7.692645342993731
21959,5.375420525161818
21960,4.901160518877105
21961,5.133641608806238
21962,7.394574484254283
21963,8.743283677555304
21964,8.583283655516444
21965,9.904204261157878
21966,4.9108073168578725
21967,3.6068289240264764
21968,8.288084971144073
21969,9.127394721822041
21970,5.803796953208625
21971,3.4702177123747786
21972,4.814984494621302
21973,5.92366567338712
21974,8.069270775851669
21975,3.0568031003341343
21976,7.4448722629335595
21977,5.349544076692537
21978,8.702394305181617
21979,5.269033742247086
21980,6.764090274359437
21981,5.027000912218215
21982,5.698259064158153
21983,3.0099366892482444
21984,5.591647469475206
21985,7.118636612321151
21986,9.127557356990392
21987,4.0631060031605815
21988,7.101429722384658
21989,8.740875423364919
21990,8.145470518518303
21991,6.444911758237467
21992,5.389787711779489
21993,5.9918414520438885
21994,3.1072072073635546
21995,3.522150564187486
21996,5.914934777103685
21997,3.143187996932718
21998,5.826826222127881
21999,5.090430945358436
22000,5.188794467160334
22001,4.7952167908520265
22002,4.846978263914149
22003,1.834726528802674
22004,5.705443451881008
22005,7.199587622107355
22006,4.762267794168613
22007,9.808649157414134
22008,5.605101420717464
22009,6.783012238255957
22010,2.7572966212217467
22011,6.419290078260746
22012,6.707710257913453
22013,4.782787682777528
22014,6.570554855550721
22015,6.0299281435376
22016,5.633154129860505
22017,5.10344391747559
22018,3.751014084710859
22019,3.40114300027169
22020,4.214284910366097
22021,7.660430296458743
22022,7.502427570374108
22023,4.3191815896377275
22024,3.8432530639238323
22025,5.59414164969003
22026,3.8014051487286755
22027,8.687911592384678
22028,8.520221057946618
22029,7.491373551041278
22030,7.852009191723424
22031,7.730905622899933
22032,4.294928017008584
22033,8.046318272415837
22034,5.238252489294643
22035,8.704090215682001
22036,5.534576457607974
22037,4.775183451319152
22038,5.614647317785374
22039,4.682343938277529
22040,8.412643206574886
22041,6.119321574250268
22042,2.566142484893585
22043,6.771612723209533
22044,8.979424145610214
22045,5.520814694240795
22046,7.926073955437059
22047,5.2967680997809214
22048,8.37703977560511
22049,3.3420402391772432
22050,5.314858988039245
22051,3.298531723597499
22052,6.796460801121972
22053,8.968451541129712
22054,6.375892078140663
22055,8.31232690913225
22056,6.424930218918438
22057,8.263335447936178
22058,4.072849109052657
22059,5.478676252438353
22060,8.204981076136809
22061,6.20472580927165
22062,3.373377272681437
22063,6.398584432301963
22064,7.71748113943095
22065,5.2435197181397415
22066,4.2102631621285065
22067,7.089948699948487
22068,6.383063620044129
22069,6.962675044454306
22070,5.235056406941689
22071,6.286896756814516
22072,5.3776830340268
22073,8.2586208906214
22074,4.902007187398574
22075,5.6895513979563415
22076,5.861090580979002
22077,9.383293158534004
22078,7.310290760412534
22079,8.558738937008979
22080,5.251882068400359
22081,8.610211078943149
22082,3.2774933931635193
22083,9.245326109590778
22084,1.90109167342485
22085,3.7610393346571005
22086,6.238174652318918
22087,2.0330777635216486
22088,5.9539995040881974
22089,4.608985384412419
22090,5.7761100401404875
22091,6.908375830116439
22092,9.030872357863764
22093,7.3463799016633065
22094,6.745543296185918
22095,4.796524325294947
22096,7.433334782627179
22097,5.871393223906364
22098,6.052539370960103
22099,8.310950218861796
22100,3.3929307323806306
22101,5.3635810973268825
22102,8.391670289001897
22103,8.479822503334
22104,1.5444992034516112
22105,5.378039784711167
22106,5.098748637736714
22107,7.157468658597772
22108,5.973072053861753
22109,3.7672403286551734
22110,5.618340118097869
22111,4.256318169374427
22112,5.996828960206861
22113,6.347616026857425
22114,8.118523533835813
22115,6.2281588427572965
22116,4.2134027261457785
22117,4.583289786321512
22118,7.584418119628757
22119,4.84160548410058
22120,4.6619477724443135
22121,7.476943805560772
22122,6.037245323781394
22123,4.5124067143325215
22124,7.280246377220761
22125,6.175610287708855
22126,6.188879681462073
22127,7.416567279160133
22128,4.107822894571141
22129,7.7252427829447905
22130,7.041233151178344
22131,5.597222118661966
22132,5.0149222507078814
22133,3.827134728227934
22134,5.382957291448506
22135,6.7034430039055675
22136,5.023194836856672
22137,4.553447358465671
22138,4.119115690317596
22139,6.151616502983307
22140,7.373268771152441
22141,8.048229789433977
22142,5.21334753479464
22143,7.2253034252339345
22144,8.15070516109436
22145,4.7876922311896895
22146,3.1089562325086844
22147,3.841440062102235
22148,1.147521931850062
22149,6.3924645701023035
22150,4.599056705466132
22151,2.628716733822853
22152,7.60312666739642
22153,3.9819608996180325
22154,4.174966420341622
22155,6.031925189851818
22156,3.3476700308355953
22157,5.747707704489374
22158,8.58827393470865
22159,6.708825912730505
22160,9.148559391039637
22161,5.890698492254348
22162,5.692561068151189
22163,4.171043466506375
22164,4.393930335589568
22165,6.905211197953001
22166,5.321989545729692
22167,8.142531427767414
22168,7.959370419887575
22169,3.8856632641446076
22170,4.195286578879766
22171,5.198251703400138
22172,3.4968777998813616
22173,4.752414584048905
22174,5.58656895073499
22175,5.371365077764244
22176,3.8019446683539475
22177,2.013356622442185
22178,8.356195777129402
22179,6.771006395337908
22180,8.40789149631519
22181,5.141905216851011
22182,4.460535113242494
22183,6.555618782607731
22184,6.441088305862033
22185,6.711803365862899
22186,5.877506688546996
22187,7.881535756203508
22188,7.045390211286143
22189,2.5499381917601527
22190,5.915065002456416
22191,4.488905283846373
22192,5.801653333477162
22193,7.310943404049159
22194,3.890170086157152
22195,4.767801465623632
22196,4.871830600490702
22197,6.264532190337724
22198,6.779795785253114
22199,5.229247867731698
22200,5.1389183435351296
22201,5.5631686594034315
22202,3.855677846110731
22203,8.878088600415081
22204,5.215757136747618
22205,5.442306204485899
22206,8.060154108686099
22207,1.9965516392539073
22208,3.403496979393218
22209,7.143029189062343
22210,8.244482509674027
22211,9.307226858151756
22212,4.280982564084426
22213,6.143661729125871
22214,5.204055565943023
22215,7.350770087542646
22216,7.192681124126327
22217,5.231897845717912
22218,5.8147789939089485
22219,7.938497974552352
22220,1.2639681845287798
22221,7.3117280290037225
22222,4.650445409067634
22223,7.099523684165714
22224,3.403869328343005
22225,4.529076329705938
22226,5.261213858413749
22227,2.4780920597716674
22228,7.302401863751079
22229,5.659630705357299
22230,5.636269106568152
22231,7.801930654081868
22232,6.488250907411794
22233,8.940748920888113
22234,5.052973335852578
22235,7.184290638667703
22236,0.7004935552403732
22237,1.776914774548782
22238,7.029513694660155
22239,4.098157507252297
22240,5.824882964901098
22241,7.3661657591283
22242,5.736105032020044
22243,5.006230838328893
22244,5.346437759044961
22245,7.5357530704428015
22246,8.013981904974704
22247,6.079155100618741
22248,8.884958478070732
22249,4.968757660309512
22250,6.239794223579013
22251,3.094720332558291
22252,4.270075227796995
22253,8.694456287921254
22254,8.952374426964628
22255,7.072833322244816
22256,6.536792014105254
22257,9.21874735152403
22258,6.911326228689708
22259,1.2582119711783881
22260,2.170151630503518
22261,4.575724843918417
22262,4.290254404318851
22263,7.043243772043592
22264,4.407022451704313
22265,6.834353091867789
22266,4.87130788655896
22267,3.8561510492636604
22268,3.073808601203358
22269,3.9789164377099002
22270,5.891861912133819
22271,3.747671267062758
22272,7.345706750996553
22273,2.6347506975628874
22274,5.397820189457307
22275,6.833485674260136
22276,7.336962243109447
22277,8.754459990718217
22278,6.937758974013924
22279,2.4475222404044064
22280,8.711924045262458
22281,4.501342982612591
22282,4.347902994118543
22283,5.622187609201649
22284,8.796613451829716
22285,6.3332643205971415
22286,4.994450701259994
22287,6.349772877342756
22288,7.602526609413389
22289,9.077089615927603
22290,4.111215724077404
22291,4.627277019994224
22292,9.610461413079037
22293,6.236644335417511
22294,8.331913131619018
22295,10.0
22296,3.148903938540337
22297,4.0495557489801906
22298,5.5575968727916445
22299,6.023386974152096
22300,3.3313648284242605
22301,8.849377181784806
22302,6.14977818111759
22303,5.833552500098968
22304,5.325046086321319
22305,6.7298672221688705
22306,7.821329577777629
22307,6.483301804136694
22308,9.332812176777209
22309,6.337590054768645
22310,9.623139661916857
22311,4.484016265091255
22312,5.968119057502732
22313,3.065938188840808
22314,6.481691030954134
22315,5.777436432464661
22316,4.492858180084178
22317,9.276533476530135
22318,2.6284900684711996
22319,5.092432380796467
22320,6.135715167547164
22321,4.417024816199097
22322,5.406744010895417
22323,6.116004991223868
22324,7.374783543233616
22325,2.7541516915350748
22326,3.3591223874809732
22327,4.125781992092516
22328,5.83500644908629
22329,6.457899838595545
22330,7.395563735412397
22331,5.142897005584693
22332,3.974681063160774
22333,8.045751267822137
22334,9.40519157238314
22335,5.851754748416141
22336,6.208134406027
22337,6.158794398320021
22338,4.787897893345169
22339,7.682418589462747
22340,9.418383001225273
22341,3.3933252558503684
22342,4.59639274939399
22343,6.809611558416562
22344,5.108801825090042
22345,7.7375349469574815
22346,3.5280763842974214
22347,8.292531087536187
22348,5.6719534189460585
22349,6.478597348071075
22350,5.819229810699323
22351,3.245701128721029
22352,6.623502759998104
22353,6.764551184771927
22354,5.589624715769419
22355,5.270566592526524
22356,7.163284860693178
22357,6.217187711637726
22358,5.652800501834957
22359,6.427641352619206
22360,6.084092717962014
22361,2.495403658269157
22362,7.642463039732494
22363,3.915708967372226
22364,8.819262585877782
22365,7.925296636898701
22366,7.660755136239298
22367,4.868267715906791
22368,4.694981068499017
22369,9.034451866030532
22370,3.368016241109321
22371,7.249765238182784
22372,8.25046509516633
22373,3.241094745626349
22374,7.5788327510835956
22375,4.381385635154956
22376,9.195235910200699
22377,4.833296022118954
22378,3.652073743315058
22379,8.318872139793978
22380,6.892009156779569
22381,3.304706974937083
22382,7.677663655195322
22383,8.958011136040746
22384,6.264766294058686
22385,4.665502224765188
22386,8.045090727396587
22387,4.242086609219577
22388,1.2520292038350322
22389,7.199047036862783
22390,3.2976842701907927
22391,4.936655949578627
22392,7.172612767890111
22393,6.896912282147307
22394,9.552398667820341
22395,6.554272188915511
22396,8.637867304542187
22397,8.49467959179627
22398,7.156808875416725
22399,1.7039586600296555
22400,4.97984262752908
22401,6.835223821610077
22402,9.149647249364058
22403,7.14325481733486
22404,6.814192050100209
22405,6.738046591936569
22406,8.600671265667753
22407,3.3551814613921587
22408,7.922036441217751
22409,3.619530200667933
22410,4.852496532188088
22411,2.7458573760439897
22412,8.443710821637245
22413,8.150555865225657
22414,7.027225774698751
22415,2.773686812924624
22416,4.917044760477101
22417,8.939941507195488
22418,6.8140653754283775
22419,8.387769492831318
22420,5.857786645653189
22421,5.92194036208504
22422,4.632825939984187
22423,4.9840868984990925
22424,8.416819103464157
22425,3.937251549034099
22426,6.824697297697398
22427,8.337802844589453
22428,8.613823202599168
22429,4.175338056179103
22430,7.640637116125049
22431,4.443161883659651
22432,4.759215151341554
22433,3.1144042555820493
22434,5.925054247554902
22435,4.983565457687932
22436,7.114413384828887
22437,8.89893607697385
22438,5.372163532011768
22439,1.3959429650090338
22440,6.022207676072739
22441,6.792242405593903
22442,8.985821661501017
22443,8.542961852970056
22444,7.579176564906646
22445,6.209433313503124
22446,4.202951955799405
22447,2.583104449700322
22448,8.511759265712405
22449,5.69098413920784
22450,4.601714987580308
22451,7.3106591431206285
22452,7.2460535569230125
22453,5.313908521867885
22454,4.38215195538062
22455,2.893798497244093
22456,6.630133463548674
22457,6.326824907278502
22458,4.873642815243087
22459,3.751986603678757
22460,7.354034589788421
22461,7.270182959424094
22462,2.930632488127007
22463,6.721285421543281
22464,6.729661753685574
22465,4.688315135020998
22466,8.633123445884594
22467,4.499410384178954
22468,5.27725900202463
22469,7.867191645443938
22470,6.300654184211091
22471,8.164248704407063
22472,4.91722104341738
22473,5.232465138528713
22474,7.24790901262443
22475,2.0776673731440316
22476,8.905393543722358
22477,7.3845115496443965
22478,7.9037908462026625
22479,6.885171114484922
22480,4.101229594803533
22481,8.639392521931644
22482,4.576026084019884
22483,6.551123621443034
22484,5.7540517866887
22485,2.367855389415279
22486,3.233962890624351
22487,7.373386238190289
22488,3.7079263762159957
22489,5.041427582069726
22490,6.4485137966540815
22491,6.759153581312553
22492,7.951986106886206
22493,6.895024046965814
22494,5.801319699424992
22495,7.7449841586466475
22496,4.164939165687721
22497,8.618556666851386
22498,5.829205583562216
22499,8.484245201318965
22500,6.4797633424482655
22501,4.124232548794373
22502,2.701392080079888
22503,8.669792976509736
22504,3.5279920779898513
22505,5.074886075200505
22506,8.295924503474941
22507,2.6724547062181117
22508,2.3129629628254826
22509,5.691173008951523
22510,6.308248512535288
22511,2.5253535597700543
22512,7.039700405316067
22513,4.420736279112819
22514,5.789422317968176
22515,8.872247303982263
22516,6.188893802803882
22517,4.79482091424961
22518,6.734385191126577
22519,7.992185519815136
22520,7.302624533004188
22521,4.765938470225318
22522,5.871194394267753
22523,9.62413307835112
22524,4.54005165480634
22525,3.3614197008900883
22526,8.190835753645763
22527,5.58598525528263
22528,1.9314186733427674
22529,7.297605456154148
22530,4.852420331324371
22531,7.328951661381881
22532,4.514901590516686
22533,5.2402106469151075
22534,7.409421220118692
22535,4.3451362399853775
22536,5.0459168306400795
22537,2.289282869889178
22538,3.0664878432294342
22539,4.938828800110292
22540,7.784430927584699
22541,8.297113025712424
22542,5.557096932081732
22543,6.526830511855106
22544,7.030247573731009
22545,6.810423724934482
22546,7.232337079246781
22547,5.900318624366951
22548,5.282597912083585
22549,6.002862127799637
22550,6.499146958262083
22551,6.992326497834108
22552,7.310546068536307
22553,4.204239702882135
22554,7.275859188693392
22555,4.043009943096415
22556,4.740780196569913
22557,6.255526482080758
22558,7.916080354720711
22559,7.615197340624691
22560,6.313749227900458
22561,2.30391506186794
22562,6.524279380851096
22563,3.865337506804172
22564,7.556959141566645
22565,7.1364828607966295
22566,4.283825852997625
22567,4.99403842102447
22568,7.744022946026565
22569,9.006860180907843
22570,2.6368276052127815
22571,7.352072413290816
22572,4.497224111629162
22573,4.709657051237944
22574,6.2159194594671145
22575,8.229660606620444
22576,5.498043752476736
22577,3.581104146150871
22578,6.497852426894907
22579,5.570486763516737
22580,3.8323418732112113
22581,6.55443892227046
22582,6.1581019160437975
22583,2.4358703589093933
22584,2.7417921042859503
22585,4.716695577447548
22586,3.775601198426816
22587,3.68106465446737
22588,3.2361601894021548
22589,5.432455518872663
22590,6.111207932455654
22591,9.298928519833904
22592,3.7170385836943667
22593,5.620240986882572
22594,8.186287532868997
22595,7.339901716135033
22596,6.597437307920999
22597,2.06899484711018
22598,6.972889403110434
22599,8.137572325001967
22600,4.759356441155426
22601,2.5830355768998614
22602,5.113014854347063
22603,6.888423853363052
22604,8.04888935720763
22605,6.295398207247434
22606,4.7643642230314684
22607,6.716890143333615
22608,2.4528716214519997
22609,3.865392560084829
22610,6.31768685669361
22611,9.253628654935337
22612,5.406915742493375
22613,4.308026417911886
22614,2.572129578554927
22615,4.402831037082116
22616,7.464716211442857
22617,4.785105760545268
22618,5.8132978181296195
22619,8.238882607786495
22620,4.537183220691613
22621,7.027248125109523
22622,8.005791531302402
22623,5.228300046086673
22624,4.628104720725641
22625,6.227823061842379
22626,7.112788323381503
22627,6.238495676184578
22628,8.31399219826777
22629,7.962219978654621
22630,7.051316021871497
22631,6.296478577738262
22632,3.0061548387655983
22633,8.634823371196372
22634,9.124974603381604
22635,8.046383255654227
22636,8.25548960011
22637,8.787101572744271
22638,6.714396994311341
22639,6.4100189157991165
22640,3.878780787925382
22641,6.929619183423476
22642,7.1134751193180055
22643,0.834138454343684
22644,8.1280851510641
22645,4.972820465056762
22646,6.8088570901194085
22647,2.758737540166356
22648,5.453311893613208
22649,8.018531667278625
22650,8.182335525046856
22651,2.0189242177319215
22652,6.93488081431239
22653,5.171294858830729
22654,4.3120250376247755
22655,6.468098763846203
22656,7.762706609433216
22657,3.379475135717903
22658,5.152831309785558
22659,5.251120637793367
22660,3.660028317093751
22661,7.113259096947857
22662,6.163162330007026
22663,8.037273956619538
22664,8.324686523646054
22665,7.687269413415898
22666,5.196846738822666
22667,4.853047602991314
22668,8.031205058646853
22669,4.911672367232461
22670,6.224129163813833
22671,7.489662733851629
22672,4.818851020177787
22673,6.333405208438869
22674,8.31228581009741
22675,4.294183644588204
22676,7.331717852791014
22677,4.279186097167049
22678,5.339300700111195
22679,4.703018099674476
22680,7.1436481374457275
22681,2.7760651389245297
22682,4.792000491281239
22683,9.241200787563297
22684,7.6013986126938144
22685,6.093392735012605
22686,3.409407341950478
22687,4.911398873812197
22688,4.139766492324997
22689,5.812784963934322
22690,7.284259530221783
22691,5.199360649949169
22692,4.626751745856275
22693,4.809185515239283
22694,7.431315782379976
22695,2.9433390069500875
22696,5.143664470624751
22697,4.396626039230707
22698,2.319412511365591
22699,4.384270830760557
22700,7.853659522582405
22701,5.281012457753027
22702,6.2655624557020575
22703,6.152480561424451
22704,7.1444247451978775
22705,4.5846765425517
22706,5.4221787222194
22707,4.604972928945786
22708,4.722312530240017
22709,8.342322530238528
22710,7.974125086387066
22711,4.755302103686315
22712,6.0021442026482426
22713,6.982525733068458
22714,4.614981333940193
22715,5.59646459730417
22716,8.150279615435691
22717,2.6648740086228533
22718,7.888818752768807
22719,3.309858845690135
22720,8.00755413455443
22721,5.343438682277033
22722,7.015428738615383
22723,4.680856532223077
22724,9.383449274179373
22725,7.16361005129777
22726,5.956668554886764
22727,6.626040682854004
22728,8.692401411303107
22729,1.1245783648737588
22730,6.073189182795139
22731,5.144151640248975
22732,3.7664605677111744
22733,8.583587552770412
22734,8.427044290223641
22735,8.988459842394146
22736,7.19436684443664
22737,6.21694164475733
22738,7.0836497206196025
22739,3.922268111379128
22740,4.869588399238121
22741,5.767297301518161
22742,4.813426053237043
22743,7.448733430193908
22744,3.861971180682797
22745,7.221854732604145
22746,2.4939973059595935
22747,6.234732792321289
22748,8.886542086270767
22749,6.301133213472781
22750,2.90530156315287
22751,6.0657859775617915
22752,4.1412099066403485
22753,5.131444166675171
22754,4.760518297263879
22755,5.723428094852528
22756,4.258600834585766
22757,6.162044604802151
22758,5.219482606621278
22759,3.8422687003911404
22760,8.114692183234054
22761,8.213065543041376
22762,8.597691662976178
22763,8.214202264470467
22764,8.264330255636299
22765,6.431022549889322
22766,5.930400672731701
22767,6.349115413494996
22768,6.308434217085377
22769,5.2459592450742125
22770,6.677718382328754
22771,4.18844395350235
22772,7.284686864873352
22773,5.571882631388995
22774,5.164357200817533
22775,6.884532717085605
22776,6.355954116536607
22777,5.304780688240946
22778,7.607914205745633
22779,9.295798992436952
22780,4.752987570648947
22781,5.4413729620441735
22782,7.006913420917677
22783,7.679900693341637
22784,4.4945016000337175
22785,3.4533214889486583
22786,7.0839288566342695
22787,9.60029432601334
22788,4.757908202585811
22789,4.917980996537962
22790,6.976553083815666
22791,9.052094062205818
22792,4.467038657112951
22793,4.609508393795287
22794,6.199961509049002
22795,9.714844828203644
22796,7.321774623843025
22797,4.078412064341099
22798,5.730553600673479
22799,6.456500939533382
22800,6.255587286015722
22801,7.8384273622788605
22802,6.45858143398392
22803,8.552807420148739
22804,6.020658227918069
22805,9.41130492936774
22806,6.009749706978427
22807,7.052657748261724
22808,5.1048446095675395
22809,5.942749763032867
22810,4.926514630160373
22811,4.85082663081306
22812,5.2310192421464805
22813,7.262613680965775
22814,7.082134642044803
22815,7.329091327083317
22816,8.543006680749043
22817,3.0594943614900325
22818,2.4970203682981094
22819,4.535027091835757
22820,6.251972640455018
22821,7.283324048858719
22822,5.724376952348164
22823,7.4242764433313475
22824,7.625142474467964
22825,6.195410665686949
22826,8.780633486360173
22827,7.57173383787522
22828,3.2366230177856306
22829,5.766417064566084
22830,4.3268362707409525
22831,4.163486232889844
22832,5.96172778025624
22833,4.393323321787141
22834,7.928441254821186
22835,6.329927435776514
22836,7.693966918984564
22837,5.131936880305117
22838,6.65857587702987
22839,6.372036125549573
22840,2.5676915393588047
22841,2.379112681581685
22842,8.215929774860433
22843,8.748269290056253
22844,4.980893954889465
22845,7.423755609248649
22846,7.670278347388228
22847,7.14041638416832
22848,2.771881150737905
22849,9.058908315603809
22850,3.143618632796057
22851,7.030664336544463
22852,3.6578366898775285
22853,6.348584415803401
22854,4.8723355878280294
22855,5.724214190396509
22856,6.0869345841013125
22857,5.1389555258759945
22858,5.211502110751903
22859,5.112931881253281
22860,9.361562575420727
22861,4.058248466681267
22862,6.50104263783763
22863,4.006090959746201
22864,6.171811105939688
22865,8.656493661876778
22866,8.245192348719256
22867,5.47855041220166
22868,8.26897252399837
22869,4.0170296020045075
22870,8.46799570502269
22871,5.703073896113803
22872,5.541251103003957
22873,7.191722473897533
22874,6.623146294531185
22875,4.864291240081618
22876,3.548271416068442
22877,8.23207719383433
22878,4.107984811374684
22879,5.9758996005667235
22880,3.7920611213885422
22881,4.237818350726191
22882,3.8218402438543864
22883,4.296787963611743
22884,5.049852949957181
22885,8.409766582679838
22886,9.089522677664073
22887,4.141084030375852
22888,4.7045956926115915
22889,6.107797805394118
22890,6.953329334077417
22891,4.915581149282705
22892,3.8198243543048567
22893,4.494733296362578
22894,6.002299092361319
22895,6.893234574657208
22896,9.128135155052934
22897,5.993496260300915
22898,3.97920924967719
22899,2.771800631834012
22900,5.311670200631728
22901,2.8314661350580126
22902,8.507676294799897
22903,2.462974353165259
22904,4.262566900525971
22905,7.6099649472053645
22906,8.861633978149607
22907,6.520232474073497
22908,7.576039255813518
22909,7.050877502985872
22910,8.701040958214387
22911,7.211753025270569
22912,9.611946943055536
22913,3.3847312809243713
22914,2.092134156147503
22915,5.626121881878266
22916,3.7610473112758793
22917,6.179861993318222
22918,4.506826131945635
22919,2.843607344265497
22920,8.885793665096772
22921,6.652807523616525
22922,3.3311978082742315
22923,6.876049264174141
22924,7.201965497534134
22925,5.673308911806499
22926,2.915836706598281
22927,5.269928328679822
22928,8.081822149098299
22929,6.9797903875484275
22930,7.352564708773443
22931,2.7904590303778996
22932,5.264490328211707
22933,7.288792437062915
22934,7.030489751645907
22935,8.393604109004253
22936,2.366736690125479
22937,5.361473872524829
22938,5.241061759474064
22939,7.863289488436469
22940,5.361994601936233
22941,4.2820996030895735
22942,8.45450881513905
22943,3.418531053447154
22944,7.384138718655848
22945,5.047237946140542
22946,4.472572751841075
22947,6.209607189675422
22948,5.528520576563587
22949,5.081446287843567
22950,5.959991468606958
22951,6.698668070068928
22952,3.9444258514995942
22953,5.394177862863671
22954,6.3541001249047
22955,5.195997934005206
22956,2.672002351785763
22957,2.8520663869818192
22958,6.124476464349329
22959,6.0281191513695545
22960,6.8823103240117725
22961,6.370280301360661
22962,7.515379258879955
22963,3.295240440924281
22964,4.381616756926464
22965,5.367257821788113
22966,4.244110594291353
22967,4.70081865280826
22968,4.294614604121831
22969,2.424546375502322
22970,3.0177156433897925
22971,9.751244740058272
22972,6.012314075757256
22973,4.805117119864095
22974,7.868358691470103
22975,5.265581885952907
22976,1.859615651708573
22977,4.11741277351216
22978,6.3154239614397145
22979,4.52179594558738
22980,7.890041852842988
22981,7.186110950456656
22982,6.934180859015765
22983,6.008119334941223
22984,6.697234327752741
22985,5.614793645028323
22986,6.3627365189144935
22987,8.733793464548503
22988,9.611087798339414
22989,6.112681594811691
22990,5.2639852461324494
22991,7.49025510707533
22992,3.5601364884979887
22993,8.12595318338883
22994,3.426517684903523
22995,4.662105748487506
22996,3.4505292821451956
22997,7.029475179725523
22998,2.7936407980069244
22999,6.651676555035275
23000,2.114279273703011
23001,7.076035409894372
23002,7.873834062946716
23003,6.230650813132947
23004,9.283380213673002
23005,6.535535303372969
23006,2.5332888769921027
23007,8.545656166280414
23008,5.10899579502826
23009,8.382109833823582
23010,5.618821808782458
23011,5.323399865924919
23012,4.9384136862825585
23013,6.037850293929399
23014,7.815244553526279
23015,3.3836070419395705
23016,6.910386527332069
23017,4.851682049776358
23018,3.663120365607888
23019,8.622863830861592
23020,6.44098480874106
23021,5.799519936700248
23022,4.742347866479874
23023,5.946528029046583
23024,4.898750483658052
23025,3.632726298107797
23026,4.500410784106144
23027,4.291514100359842
23028,6.375668101853527
23029,5.23671752560218
23030,6.849037084201942
23031,5.689063158244529
23032,5.5984639480837375
23033,4.367463487262511
23034,8.51217937546748
23035,5.377091466715586
23036,5.660409502877865
23037,5.293630421695132
23038,7.746476630238496
23039,4.801316816614788
23040,5.938034149370119
23041,2.571315483212307
23042,6.249844172154116
23043,5.417221225686603
23044,5.978371866097973
23045,2.46905144563876
23046,6.529172366360294
23047,8.113075149479439
23048,3.2005064740506364
23049,4.874337145580059
23050,6.485377681436499
23051,9.96671090582209
23052,3.9614239214834734
23053,4.7960505014848245
23054,6.5093580224686916
23055,5.930094508947476
23056,8.217929697481043
23057,5.68551461698281
23058,8.678420705448037
23059,7.440709161577287
23060,8.410322593478504
23061,5.25187430787947
23062,6.659246478580084
23063,4.177646406218056
23064,6.582010891815672
23065,6.747753769336259
23066,3.7051028285680356
23067,6.164251333065659
23068,3.7373784140498882
23069,6.974575052296383
23070,3.4402441553600114
23071,5.6509810976119965
23072,8.496731195394721
23073,5.506744806155032
23074,7.543229951166468
23075,5.680079788092755
23076,5.70443485466066
23077,8.026429508207421
23078,7.106102278124464
23079,3.7060449349152798
23080,8.663361792743512
23081,7.643758850300068
23082,6.781356501165563
23083,6.6517838395976945
23084,7.024218299912905
23085,5.765524057788445
23086,5.483754412296829
23087,8.643129239148335
23088,7.395628474959292
23089,7.2890484594994405
23090,5.231334910553724
23091,6.219998280242795
23092,4.937768588303492
23093,6.603795200535835
23094,7.013429105337655
23095,5.938761135622612
23096,8.675744354044781
23097,5.14637709313177
23098,5.160477324701372
23099,8.502623232374978
23100,6.601381347475815
23101,7.799718762768506
23102,1.143043806436803
23103,8.096234750099896
23104,5.367531938868461
23105,5.393201354844164
23106,5.3387816573550255
23107,4.7222848170599665
23108,8.865385792075092
23109,5.365212223436774
23110,2.7980192404022963
23111,3.8346441454635873
23112,7.192646513201671
23113,4.421073148914686
23114,7.355174853266652
23115,8.329198650730593
23116,0.8064109136768475
23117,6.963002882069802
23118,6.656447353503285
23119,7.605006525513183
23120,8.87284631777463
23121,6.918052388168924
23122,8.291990419533757
23123,7.7831447155807
23124,5.001917048577049
23125,7.256923744896932
23126,7.952451788916938
23127,5.0725789946568
23128,7.726028681168545
23129,6.240026056016457
23130,3.550527168367184
23131,5.575444225888396
23132,7.6298695497489994
23133,5.3177556756755235
23134,6.370130735231706
23135,5.467735977485774
23136,8.227438779776387
23137,5.1199967248483205
23138,4.137139421002924
23139,8.605243129654003
23140,6.608016956721485
23141,5.647679083317925
23142,4.447092473000992
23143,4.09113186427704
23144,5.220118043218609
23145,5.400033041186045
23146,7.486749111573491
23147,6.673884551545304
23148,4.217906286806699
23149,7.092313998135994
23150,7.335423949956348
23151,7.149503087771846
23152,5.861085442000459
23153,4.775721123340454
23154,5.053319390670904
23155,3.7060599041475992
23156,0.7479150857738343
23157,5.8976299658357245
23158,5.745849786473274
23159,4.24091228419252
23160,6.89365725794344
23161,6.147005421084176
23162,2.230278590634383
23163,7.694466386308951
23164,3.5937925367813066
23165,6.109612846068456
23166,8.95262317102898
23167,8.663439771752358
23168,7.406499050461338
23169,7.051889064710974
23170,6.689711946521862
23171,2.9641346414667145
23172,8.215918053778521
23173,7.230887871499766
23174,1.020430309404719
23175,5.714587443481287
23176,6.245136004545809
23177,7.688193444704119
23178,9.142507396024795
23179,7.020238068316676
23180,9.535663072323505
23181,5.827507142627736
23182,4.434855330098795
23183,5.180547534203709
23184,8.487052369780614
23185,7.415243654919941
23186,6.959176547303156
23187,7.336456085880613
23188,3.117760061033165
23189,5.17488014624184
23190,7.484291054852996
23191,7.8695493973988935
23192,5.743155114667822
23193,8.586950456060894
23194,6.0557893411991675
23195,6.3813624488796625
23196,3.8910082324400346
23197,3.9927890570274367
23198,6.8810849463755215
23199,6.5745790155431525
23200,5.46455784476135
23201,7.338233141919806
23202,4.4832140998271015
23203,6.006627433066543
23204,7.5123161393965185
23205,5.996427555943077
23206,5.338753918868476
23207,5.99793776530298
23208,2.37076740132847
23209,5.074521528767774
23210,1.344915211375238
23211,4.088552714693532
23212,6.772004713962708
23213,3.108906720609298
23214,7.76019509856994
23215,5.508092799158937
23216,6.952903420153968
23217,3.0051920124533478
23218,6.760885600246523
23219,6.58777983148016
23220,4.690122216572247
23221,4.82366492908021
23222,4.099818825454143
23223,4.203373895044779
23224,5.223305475300099
23225,8.135099683806024
23226,7.5262596417756615
23227,6.365530948063946
23228,7.686571218705865
23229,6.941983569710862
23230,5.78058249029883
23231,6.685295981539907
23232,7.100157974472728
23233,6.526903925982777
23234,4.724223131490748
23235,3.932257724100923
23236,6.5239632629439885
23237,4.776548010946285
23238,6.995548950592385
23239,7.020958786340011
23240,2.315583364579853
23241,5.5873763023947625
23242,4.757375049967796
23243,4.457166534545538
23244,5.919898059639539
23245,6.171667020803633
23246,6.156911610649615
23247,5.9638153340192614
23248,7.033929129379347
23249,3.9845683658170854
23250,4.564518744805023
23251,6.349035555656963
23252,6.061440967881932
23253,5.218198161853035
23254,1.6678514129378006
23255,8.704247727969614
23256,8.153283030502989
23257,4.271811883852787
23258,3.2650091466975955
23259,9.076314336487583
23260,8.753907394934949
23261,6.1531974014084945
23262,0.9845432477235219
23263,8.207920070402295
23264,7.364058703615401
23265,5.355101832037368
23266,7.064902625014967
23267,5.651791867035631
23268,5.976979758992378
23269,9.074852950381045
23270,6.983565291679563
23271,5.806634335579263
23272,5.9985738380843765
23273,7.804739528717355
23274,6.930753886125385
23275,8.191994661142727
23276,7.547178411373483
23277,3.4045358567571946
23278,3.167781366599487
23279,5.014841603278065
23280,6.2022951099745125
23281,4.821763398550567
23282,6.439878723220566
23283,5.05736495240582
23284,4.4710137307458595
23285,6.054348440820014
23286,4.967954965675716
23287,5.419839721402207
23288,3.7757779037320276
23289,7.220963972549909
23290,7.467796770320313
23291,6.956769905676413
23292,5.581860314178742
23293,5.861830266040213
23294,7.883912001312682
23295,6.517485005323687
23296,9.693071648468369
23297,7.139701383962837
23298,7.966999782033438
23299,7.122402481037657
23300,5.449671993333987
23301,4.816861133297753
23302,7.886185201838365
23303,8.39106727238167
23304,5.555581926543298
23305,4.940962763273362
23306,6.385098604475062
23307,8.422164946825964
23308,8.89368191692494
23309,5.425237491504287
23310,6.349795422259429
23311,5.243413394672624
23312,7.813751852275656
23313,4.045234194587809
23314,6.287211671971609
23315,5.467384233858869
23316,8.94642848000328
23317,5.219286209085689
23318,9.036455934516535
23319,6.761425682870555
23320,2.4761969869342124
23321,4.142250426946345
23322,7.955231947131365
23323,6.719950449415185
23324,7.729437009871429
23325,7.699574600415938
23326,6.941756052171488
23327,3.8442999078124176
23328,6.075042411720464
23329,4.90230171074103
23330,9.500595821849803
23331,5.711098960984808
23332,7.183738835767803
23333,4.937099535174779
23334,5.326680157885132
23335,3.8654122569386606
23336,3.2259649208666072
23337,5.355019059274563
23338,5.742777860320925
23339,7.993894897026861
23340,7.47668477757224
23341,8.904161160535466
23342,4.871580350633886
23343,5.976243480643996
23344,6.03172808033667
23345,7.918848304485508
23346,6.935711775579074
23347,3.1730904558600597
23348,3.844324454852483
23349,1.9945498655905887
23350,5.284073973017936
23351,5.868416538169152
23352,7.1186284651117875
23353,4.510563070750305
23354,4.012762104542163
23355,8.847427235793266
23356,6.306886622063056
23357,7.099357194591807
23358,9.609374089010693
23359,5.465056052475135
23360,5.427788374301467
23361,7.669884222334458
23362,7.907760941162427
23363,3.127756633655788
23364,4.3648049087012755
23365,4.3664012379986135
23366,7.296028136254113
23367,5.606188296856771
23368,6.446653418357435
23369,4.790796600332433
23370,4.137943584204992
23371,3.5102219169366737
23372,6.094618238375823
23373,9.305122908352468
23374,4.2823851803953845
23375,4.681011628088208
23376,8.835573758709598
23377,4.546935017310783
23378,3.262535782722278
23379,6.651937436185488
23380,4.042214511754192
23381,6.685742705963499
23382,4.5439071711907095
23383,5.548172557069407
23384,7.494164083007863
23385,3.8330154162996912
23386,3.8266573281909335
23387,4.365565175100388
23388,3.325052548823739
23389,2.3840399017156546
23390,4.790404438969818
23391,7.486897782593593
23392,2.4163270709858
23393,7.722478006708968
23394,6.703819658245104
23395,4.118207911725883
23396,6.224032220381494
23397,6.0186923721161865
23398,1.5406289175900167
23399,5.85370785722661
23400,9.09221043814202
23401,1.2975613131314465
23402,6.424701786623201
23403,5.2655085861908315
23404,6.0877811842674845
23405,4.721518955017574
23406,9.129738611263853
23407,9.034558225252967
23408,4.778128916467522
23409,2.6299225753047097
23410,9.140532698397053
23411,6.113034226258546
23412,4.97384530409522
23413,8.216356929112921
23414,1.9089613676356865
23415,7.47737356729816
23416,6.085168557623325
23417,6.13617596428173
23418,6.455301127948146
23419,4.119630092491861
23420,6.873030665154322
23421,3.7560845113418555
23422,7.366146890038934
23423,7.47120587649945
23424,7.836745777704739
23425,6.706548176372278
23426,8.004528805240778
23427,9.353934861624571
23428,2.303902584700742
23429,2.978395218569804
23430,7.373713846317812
23431,5.233785580719256
23432,7.673932650203286
23433,3.3339616164294554
23434,5.511243598384636
23435,6.151416529304724
23436,8.100345979540998
23437,8.577032496686968
23438,4.316836597822559
23439,2.7513785958884114
23440,2.6790974710690154
23441,4.622652569225794
23442,4.046115606355637
23443,5.747900739331865
23444,4.975123178864685
23445,8.044848747438824
23446,7.428193631610954
23447,6.654296759471446
23448,3.7477199829465646
23449,6.464862564149003
23450,7.469711651340492
23451,4.150435003817959
23452,7.324153204808601
23453,4.397783848073326
23454,8.186901311904524
23455,3.841702774188955
23456,6.650277327809354
23457,6.770304886957985
23458,4.075793806732727
23459,2.16643535205886
23460,3.8403463524691763
23461,9.07510683132389
23462,7.750221969488833
23463,6.585524840623686
23464,7.49011884238571
23465,5.903168550766893
23466,8.108575747408487
23467,9.391120581096924
23468,5.668422534438896
23469,4.683399735752683
23470,8.246581209251426
23471,5.213540890102374
23472,5.444775118003433
23473,8.390761528353092
23474,5.87193419077739
23475,4.237111454440496
23476,2.058667375321373
23477,6.638127057547221
23478,6.559285298744773
23479,3.6815052195486957
23480,6.352644655967257
23481,3.921841425027486
23482,9.321014705091958
23483,5.679858351569328
23484,7.776015135908566
23485,7.784647934984846
23486,7.829445655160287
23487,6.742033174717465
23488,8.733559542956113
23489,4.726482253151782
23490,3.9901109531049315
23491,4.028289402417442
23492,4.758591535115937
23493,8.443614449507143
23494,3.588158455615922
23495,5.0095184304640314
23496,7.06669559172772
23497,3.649889371564968
23498,3.86973310153029
23499,5.528288363906034
23500,2.4382045960088474
23501,7.204658769317263
23502,10.0
23503,7.1477876805040355
23504,6.726198103021064
23505,8.272886107517728
23506,6.724627793514761
23507,6.228521952781075
23508,7.795469742191408
23509,9.966835362175305
23510,4.073629918138693
23511,6.667981734362779
23512,4.459506600731888
23513,4.436254059590154
23514,6.588903288215979
23515,2.467661730263759
23516,8.557420753333414
23517,6.538820386486773
23518,5.058723222641667
23519,4.760035738094064
23520,6.308979015458908
23521,8.243612781016893
23522,7.294664723629819
23523,6.305666096702039
23524,5.9370379551596235
23525,3.844917723190064
23526,7.991649307788569
23527,1.4848907868839354
23528,3.286889567927174
23529,8.550456921577682
23530,9.090392741117398
23531,3.7520208915702122
23532,4.981789433974466
23533,6.732073772241641
23534,6.405298906023439
23535,5.7748996622272335
23536,6.7485704015189585
23537,1.978513419820135
23538,7.198709709760366
23539,2.273538473099552
23540,4.799352121644425
23541,4.301941207950032
23542,2.938300985466923
23543,5.010015308407318
23544,4.312912096884837
23545,6.1554705760237045
23546,3.0159685037641037
23547,8.82613859336149
23548,6.426928060313552
23549,6.551603840596497
23550,6.543408771554305
23551,5.404059502154688
23552,5.871575585171748
23553,5.2630556657284
23554,2.9365453282609666
23555,5.6206378555108785
23556,7.005933298373975
23557,7.157685159190807
23558,4.252193932945016
23559,9.433547176371585
23560,6.894613526749274
23561,8.966006053211373
23562,5.528632560697152
23563,7.621740800093438
23564,4.716270348152296
23565,5.076542519683329
23566,5.773835436625813
23567,4.384815342671108
23568,5.48611957965208
23569,2.948634516490695
23570,7.33554337594237
23571,5.6191745702270595
23572,4.810219681918863
23573,3.9944463918038258
23574,4.576136917784935
23575,4.826945838821125
23576,6.657849479326211
23577,6.794237769438515
23578,2.8568589898235994
23579,6.987292446310374
23580,3.551123330382022
23581,4.655917283057888
23582,6.243627858707836
23583,5.8041102508791464
23584,6.471678435166201
23585,4.61540880589417
23586,3.0897402552771878
23587,5.398847048583171
23588,3.8046971243818826
23589,4.9199079593405415
23590,9.31233580024559
23591,6.173085878760455
23592,4.354318223215118
23593,4.910992058939338
23594,3.3677398948725843
23595,7.144165830234131
23596,3.132516689467551
23597,2.127894223252286
23598,7.825654866875736
23599,3.153503050489648
23600,2.953048794557206
23601,7.550909427152537
23602,6.76036348789391
23603,5.520875587748741
23604,1.9566150511173905
23605,9.872094541885419
23606,4.194888902764718
23607,5.207739847705204
23608,7.475769999362132
23609,8.742924082965958
23610,1.7869693761116476
23611,2.491636677127564
23612,3.618947764775845
23613,7.649623741288936
23614,6.509687387658849
23615,2.66723341279332
23616,6.696716388919249
23617,6.732949264892473
23618,6.099911059414792
23619,2.2203977858527284
23620,5.248546589894229
23621,5.297862216791051
23622,6.649760905322394
23623,6.978928906845281
23624,5.128850394345953
23625,9.230321042987429
23626,6.638945208542913
23627,7.165524967818801
23628,0.8689213936219978
23629,9.230997981079101
23630,5.973712043851801
23631,7.151147965879284
23632,4.535089067500455
23633,7.503034498911139
23634,6.412916887467876
23635,4.332394517631351
23636,5.395485560551496
23637,5.5952094776765655
23638,7.639705003045028
23639,9.474873735778974
23640,4.662275767674937
23641,8.65205269780969
23642,4.830334436852126
23643,4.666568770286279
23644,7.951210238507011
23645,7.4263045130814
23646,2.136351437668925
23647,5.978243434316216
23648,6.247176244389305
23649,5.314650292702826
23650,6.8167310243882895
23651,7.409767968904281
23652,7.24771273829697
23653,6.136098031718584
23654,4.76514253704577
23655,7.0544888723868775
23656,6.890950805568087
23657,5.093182853987949
23658,6.124226204399316
23659,5.399869904616083
23660,6.43515975545528
23661,6.715868611429352
23662,6.755987170579607
23663,5.29343072407697
23664,3.126444477578123
23665,7.388330039172905
23666,6.399536599674468
23667,8.632356795234191
23668,7.165473103815312
23669,6.86761741642034
23670,4.87829351388815
23671,6.124809193936079
23672,9.348882839293715
23673,7.142127580868608
23674,6.477034913511261
23675,4.84544898196676
23676,6.354235700366889
23677,7.987663220624372
23678,6.347369906765882
23679,10.0
23680,3.7812368891129653
23681,6.046382710796481
23682,6.9807194776684725
23683,5.7689783812242545
23684,4.47979906652926
23685,4.676938419181533
23686,8.465751511814819
23687,4.623169635260218
23688,6.408581941630965
23689,7.122747698749292
23690,2.357098362297301
23691,6.125822066712514
23692,4.0474969963688485
23693,9.630396403312206
23694,6.101704033201576
23695,2.4247289928967017
23696,4.014293338793271
23697,8.458471027795992
23698,7.372035199604437
23699,3.610750631904131
23700,6.746826406747282
23701,4.80534980759841
23702,4.93719985971055
23703,7.985171167731737
23704,6.8219119373745025
23705,7.39271266136862
23706,5.718537372113045
23707,7.227891607426844
23708,6.026622017461705
23709,7.002469960430864
23710,5.472083588677526
23711,1.8307453140267307
23712,6.793018385173044
23713,5.789349469881477
23714,7.9802261863822395
23715,2.8003132527995795
23716,3.6216661166812347
23717,8.799303368310818
23718,5.072323180773621
23719,7.687138353917989
23720,5.589862664853542
23721,3.0266727825953974
23722,1.3018906634691043
23723,5.231064309730236
23724,4.57810124401029
23725,4.739353973334664
23726,5.913958496543159
23727,5.308894773515947
23728,7.114506543721564
23729,9.088294395822151
23730,1.1572081675576094
23731,3.8734143382027395
23732,6.068035951330498
23733,6.238266369749777
23734,8.654093411255825
23735,6.354619314461263
23736,3.2440833479177997
23737,7.55256025319738
23738,5.018774182617144
23739,9.048868023325308
23740,9.112916276346636
23741,2.296211490478949
23742,4.351547617990739
23743,4.905589352128829
23744,7.6156713160443505
23745,7.742683257437586
23746,1.9626482510257148
23747,8.193774929247306
23748,7.743198660161825
23749,7.884852491553239
23750,5.049226070610848
23751,4.514788829507883
23752,6.088163157752499
23753,8.059038298277645
23754,6.659619510710698
23755,7.448440244491545
23756,3.713818863442504
23757,4.065104327911989
23758,4.7402879152564985
23759,5.353937264583099
23760,7.831695907230876
23761,3.1733255437031045
23762,5.285297763116228
23763,4.836794984532751
23764,7.975471191872714
23765,4.972056475244553
23766,1.9849719074294807
23767,6.35973589021515
23768,4.1613735090529875
23769,4.789424277341194
23770,2.747733320965312
23771,6.530210881707291
23772,4.146927862904036
23773,9.704207507869459
23774,7.614339810538972
23775,7.561211566783041
23776,5.754179612103003
23777,8.317860519410393
23778,5.6223396640127
23779,3.439828085055063
23780,2.999343957126897
23781,2.8094898585828636
23782,3.2259158351852
23783,6.7621266561117634
23784,5.350265796147674
23785,6.949789877512236
23786,7.279359995140231
23787,7.849397423957052
23788,6.821564027263181
23789,6.670483572147172
23790,3.4464841228227647
23791,3.123575545105316
23792,7.20382001040887
23793,6.196828504269842
23794,6.705390736194589
23795,3.549583711652396
23796,5.623171572398258
23797,7.258276627483983
23798,5.954184743511101
23799,7.56156605737392
23800,2.5046988835088584
23801,6.882229223492136
23802,6.58538492691888
23803,5.082303964766985
23804,4.9767132103731315
23805,6.531462108032318
23806,6.105900211759147
23807,7.568851693978425
23808,3.068374392091366
23809,0.8313983566002089
23810,3.7320081185857097
23811,4.810807826638453
23812,2.604902410444148
23813,1.887024551694093
23814,6.788276414970109
23815,5.876840351265724
23816,3.7014433944283365
23817,4.032870403353783
23818,5.85186147334952
23819,8.793422485046163
23820,9.03812505745729
23821,8.054459297825463
23822,5.8170431369216455
23823,7.071662584773466
23824,7.945583160370868
23825,6.569312316578707
23826,6.07927549462973
23827,4.055615918728521
23828,7.443201095760901
23829,4.26586548333654
23830,6.759502402868648
23831,0.02878836944710481
23832,3.629701319043291
23833,1.5297467119331043
23834,8.421422430341405
23835,2.5291419975673586
23836,5.590254908748253
23837,5.615888811697315
23838,3.3793449880006525
23839,5.197883568682426
23840,2.517891617153037
23841,5.027724393740039
23842,6.345753271365852
23843,7.403286298711629
23844,2.206154634752613
23845,4.011077114351244
23846,3.8492816786235724
23847,9.029218757005093
23848,3.7509817127479788
23849,7.6876390623384845
23850,7.584009258769138
23851,5.064827795333328
23852,7.588265667169427
23853,8.704673084598873
23854,3.866253279776625
23855,7.050622206709969
23856,7.42199412557931
23857,6.0839628569007065
23858,2.8881886867560933
23859,9.307889617350188
23860,4.7485056984695415
23861,8.399085943072917
23862,7.815151823707348
23863,8.179334911274593
23864,2.3138481003710605
23865,7.303212420052334
23866,4.173588758151193
23867,4.12199097726962
23868,3.9279312076027373
23869,5.549510465582086
23870,4.5067934877242815
23871,10.0
23872,6.162657926773624
23873,4.756825182236948
23874,4.062433344800501
23875,6.77084120656829
23876,9.468882348236374
23877,6.688933305822293
23878,7.457295791433312
23879,5.038683974856337
23880,6.466932910905994
23881,0.932511922975639
23882,7.860116947877642
23883,2.1895112232386236
23884,5.330635259013329
23885,3.9899249367292824
23886,7.300594969729664
23887,6.271514487771057
23888,5.791680132274772
23889,4.980964397188649
23890,8.665335475284046
23891,7.065274578526326
23892,5.989294375088781
23893,6.119613190164133
23894,3.4527922964376287
23895,4.185287815503281
23896,3.711317398400248
23897,6.739363660718098
23898,7.5114699016519975
23899,2.7606644658450232
23900,2.327694073151247
23901,6.809214862398619
23902,5.458954214624844
23903,6.899739517500215
23904,6.60355777070642
23905,8.189396480691961
23906,7.678312433049179
23907,7.051517988969261
23908,3.5686260246277013
23909,7.159277722695253
23910,7.3557984874483235
23911,6.166775358608163
23912,7.384464145565325
23913,6.0114612924801305
23914,5.8481406604193875
23915,8.547501643603047
23916,5.355860828087245
23917,2.978222010896079
23918,5.035901939665724
23919,4.262964229290667
23920,8.845100457816496
23921,7.327726353574901
23922,1.116487466562036
23923,5.307351644687463
23924,6.724838136829474
23925,3.9084375729218714
23926,6.993381157888972
23927,8.26486711445317
23928,0.9935955676111639
23929,5.013107047831291
23930,3.9965330109678563
23931,3.4312422476016753
23932,5.135839884096212
23933,6.218756240106847
23934,6.0837506599683
23935,5.812912448071734
23936,3.6440605325487416
23937,5.350799196151037
23938,4.856394336260626
23939,2.55101462893322
23940,5.963060529831504
23941,5.468555997092508
23942,3.7570964816978396
23943,8.438757749926355
23944,7.3150476961569115
23945,5.615127184231102
23946,8.766059609050739
23947,4.995977455262446
23948,4.23013906537856
23949,4.777103460620499
23950,6.662553970653034
23951,5.496032253160646
23952,6.904098125785577
23953,5.646902489571429
23954,7.976022039810427
23955,1.8292464012764413
23956,2.5071192785176515
23957,3.9103831104424858
23958,8.382602383934952
23959,10.0
23960,5.099263361034149
23961,6.270306151119639
23962,4.939730226796539
23963,4.121245361443468
23964,5.839299644415437
23965,4.445723149696082
23966,1.5486500614670922
23967,6.31418613836974
23968,6.775912422119643
23969,5.828874041684331
23970,4.792183985444952
23971,6.887229837640419
23972,2.9553928394952704
23973,7.51943894476174
23974,7.316389251866635
23975,8.598743810021514
23976,5.287110267791823
23977,8.411309540660506
23978,7.438288045670231
23979,8.415764077044889
23980,3.742307952374662
23981,8.611566445257933
23982,6.856431138831097
23983,5.283120916965789
23984,4.96509174487584
23985,7.983340756012684
23986,6.241975795868739
23987,7.150979851335482
23988,6.305993577798028
23989,5.043567106508916
23990,3.7764669782465807
23991,6.427893688671382
23992,4.238590614930116
23993,8.779971988677724
23994,5.364853464971651
23995,6.384141904324181
23996,3.3416740393923354
23997,3.6352741662872297
23998,5.364081058819716
23999,5.124888140767622
24000,3.3645759492734735
